id;name;disambiguatingDescription;description;longitude;latitude;streetAddress;postalCode;addressLocality;telephone;email;url;image;dateModified02a8cc26-2113-4996-9cfa-f056b46c1893;B&B Niederer;Heimelige Unterkunft im Herzen des Appenzellerlandes.;<p>Das heimelige Dorf B&uuml;hler im Appenzeller Mittelland ist idealer Ausgangspunkt f&uuml;r Wanderungen in den sanften H&uuml;geln oder im Alpstein mit S&auml;ntis, Hohem Kasten, Ebenalp und Kronberg. In der N&auml;he liegen das malerische Dorf Appenzell, das Rheintal, oder die Bischofsstadt St.Gallen. Im heimeligen Weberhaus mit viel Charme k&ouml;nnen Sie der Gastgeberin beim Handweben &uuml;ber die Schultern sehen, und im Haus laden gem&uuml;tliche Zimmer zum Verweilen ein.</p><h4>Hier gilt die&nbsp;<a href="https://www.appenzell.ch/de/unterkunft/appenzeller-ferienkarte.html">Appenzeller Ferienkarte</a></h4><p>&nbsp;</p>;9.426122300000001;47.3737219;Oberdorf 9;9055;Bühler;+41 77 431 92 19;h.niederer@bluewin.ch;https://bnb.ch/de/bnb/1662;[{'@type': 'ImageObject', 'contentUrl': 'https://alarpimtsoch.sos-ch-dk-2.exoscale-cdn.com/catalog/b/6/3/0/b630256a1d413da98e9f298fc3ba6a20ae42a9a4_BnB_Niederer_3.jpg'}];2026-09-03T13:03:55+02:00
03d54cc2-4085-46fa-b683-f6f2652b3c53;Pension Alpenheim;Eine renovierte und wunderschöne Pension mit prächtigem Garten und blühenden Blumen in Teufen.;Im Herzen von Teufen, 5 Gehminuten zum Bahnhof, steht das stilecht renovierte Holzhaus mit grossem Garten. Geniessen Sie die herrliche Aussicht auf die Berge. Nebst preiswerten Zimmern bieten wir unseren Gästen auch Zimmer mit Duschen/WC an. 

Die 1½-Zimmer Gartenwohnung sowie das Appartement im 3. Stock mit 2½-Zimmern sind Bijous für Geniesser. 
Herzlich willkommen!;9.3880767;47.3920145;Gremmstrasse 14;9053;Teufen;+41 79 669 25 40;kontakt@pension-alpenheim.ch;http://www.pension-alpenheim.ch/;[{'@type': 'ImageObject', 'contentUrl': 'https://alarpimtsoch.sos-ch-dk-2.exoscale-cdn.com/catalog/f/2/6/4/f26486f4862f6852121b41cea204c305926ec47e__Aussen_Totale_Hauptbild___Kopie.jpg'}];2026-09-01T00:19:40+02:00
044fc296-c57b-488b-9808-3fc6e3f7955d;Ferienwohnung Alpfahrt;Kleine, edle Ferienwohnung mitten in Schwellbrunn.;Gehobene, komplett renovierte Ferienwohnung im 300-jährigen Appenzellerland, mitten im schönsten Dorf der Schweiz. Ideal für Wanderungen, relaxen, geniessen. 

Die Wohnung verfügt über einen separaten Eingang. Das Schlafzimmer ist mit einem topmodernen Boxspring Bett ausgestattet und im Wohnzimmer steht ein Auszugssofa. Die Wohnung bietet Platz für maximal 4 Personen (Doppelbett plus Bettsofa).

Im Preis inbegriffen: Miete, NK, Tiefgaragenplatz, Kurtaxen, Bett-, Frottee- und Küchenwäsche, Kaffeekapseln, Benutzung Waschmaschine/Tumbler (in der Wohnung). Eigener Gartenbereich mit Kohlegrill.
Wir bieten die Oskar-Gästekarte an.

Mindestaufenthalt: ab 3 Nächte;9.249168;47.351193;Egg 99;9103;Schwellbrunn;+41 79 675 30 35;info@ferienschwellbrunn.ch;https://ferienschwellbrunn.com/;[{'@type': 'ImageObject', 'contentUrl': 'https://alarpimtsoch.sos-ch-dk-2.exoscale-cdn.com/catalog/6/5/1/7/65176114f0ce43e6b08af87786ff014b8f199942_PXL_20230707_142123309_2__2.jpg'}];2026-08-07T15:45:40+02:00
04fa6ff4-560f-41d4-bfdc-c4711f6a3090;Ferienwohnung Wartheim;Maisonette-Ferienwohnung mit Panorama – ruhig gelegen über dem Bodensee;Diese stilvoll eingerichtete Maisonette-Wohnung am Dorfrand von Heiden (700 m ü.M.) bietet Platz für bis zu 6 Personen – ideal für Familien oder kleine Gruppen, die Erholung in naturnaher Umgebung suchen.

Highlights: Ruhige Lage mit Weitblick über das Rheindelta, bis nach Bregenz, Lindau und den Pfänder Private Dachterrasse – perfekt zum Entspannen oder für Abendessen im Freien 3 gemütliche Schlafzimmer mit Verdunklungsmöglichkeit Voll ausgestattete Küche inkl. Fondue- und Raclette-Set Bad mit Badewanne, Dusche und Closomat Gratis Garage & Aussenparkplatz.

Lage & Umgebung: Wanderwege starten direkt vor der Tür, der Bodensee ist nur 5 km entfernt. In Heiden gibt es ein Freibad mit Sommerkino, das Appenzeller Heilbad liegt gleich in der Nähe. Coop, Migros und ein Volg mit langen Öffnungszeiten sorgen für gute Einkaufsmöglichkeiten.

Ausflugsziele: Perfekter Ausgangspunkt für Touren nach Appenzell, St.Gallen, Rorschach, Arbon, oder per Fähre nach Friedrichshafen. Der Aussichtspunkt „Fünfländerblick“ ist zu Fuss erreichbar. 

Wer höher hinaus will: Rundflüge ab dem Flugplatz Altenrhein sind möglich – Kontakte stellen wir gerne her.

Mindestaufenthalt: 2 Nächte;9.538214206695558;47.45410156826259;Thalerstrasse 49c;9410;Heiden;+41 78 600 00 38;thomas.streit@conseq.ch;[{'@type': 'ImageObject', 'contentUrl': 'https://alarpimtsoch.sos-ch-dk-2.exoscale-cdn.com/catalog/0/2/8/9/028931de33a8eb8efa2c8a9dd1fd565f9f04c3cf_IMG_2196.JPG', 'caption': {'de': 'Aussenansicht'}}];2026-06-10T10:54:28+02:00
0eb7c87f-373f-470a-906e-e758959751f5;Hotel Restaurant Krone Urnäsch;Das traditionelle und sympathische Hotel Restaurant Krone liegt mitten in Urnäsch in unmittelbarer Nähe zum Bahnhof der Appenzeller Bahnen.;<p>Im Restaurant/Pizzeria Krone in Urn&auml;sch finden Sie eine grosse Auswahl an Pizzas sowie eine Speisekarte mit regionalem und saisonalem Angebot. Dank des grossz&uuml;gigen Wintergartens geniessen G&auml;ste das Gef&uuml;hl von Offenheit und Licht &ndash; bei jedem Wetter. T&auml;glich von 11:30 bis 14:00 Uhr sowie von 17:30 bis 21:00 Uhr verkehrt der charmante Pizza-Zug durch das Restaurant und serviert die frisch zubereiteten Gerichte direkt an den Tisch. Ein besonderes Highlight, das nicht nur die j&uuml;ngsten G&auml;ste begeistert.</p><p>Bei sch&ouml;nem Wetter bietet zus&auml;tzlich die sonnige Terrasse Platz zum Verweilen im Freien &ndash; mit herrlichem Blick und entspannter Stimmung. Das Speiserestaurant im ersten Obergeschoss wird f&uuml;r das Fr&uuml;hst&uuml;ck der Hotelg&auml;ste genutzt und steht Gruppen f&uuml;r Anl&auml;sse zur Verf&uuml;gung.</p><p>Es gilt die <a href="https://www.appenzell.ch/de/unterkunft/appenzeller-ferienkarte.html" target="_blank" rel="noopener">Appenzeller Ferienkarte</a></p>;9.283836205004587;47.317241800000005;Appenzellerstrasse 2;9107;Urnäsch;+41 71 365 64 00;info@krone-urnaesch.ch;http://www.krone-urnaesch.ch/;[{'@type': 'ImageObject', 'contentUrl': 'https://alarpimtsoch.sos-ch-dk-2.exoscale-cdn.com/catalog/e/e/2/b/ee2b73561f5565f0e1f4253137154ec790168347_24018_1184.jpg'}];2026-08-31T23:15:20+02:00
13743f73-60cd-49d7-91e5-03932f8f53c3;Ferienwohnung Edelweiss;Ferienwohnung Edelweiss mit Blick auf den Bodensee im schönen Appenzellerland;<p>“Willkommen in der zauberhaften “Edelweiss”-Ferienwohnung in Wolfhalden. Diese frisch renovierte Unterkunft für 2-4 Personen verspricht nicht nur einen erholsamen Aufenthalt, sondern auch ein unvergleichliches Erlebnis. Die Wohnung bietet einen atemberaubenden Panoramablick auf den Bodensee, der Sie jeden Morgen und Abend mit seiner Schönheit verzaubern wird. Neben der bezaubernden Seesicht verfügen wir über gratis WLAN und Swisscom TV, damit Sie stets in Verbindung bleiben können. Der eigene Garten ist der ideale Ort, um sich zu entspannen und die frische Luft zu genießen. Das angrenzende Partyhaus lädt zu unterhaltsamen Abenden ein und der Grillbereich sowie das Cheminée ermöglichen es Ihnen, kulinarische Köstlichkeiten zuzubereiten und den Abend in gemütlicher Atmosphäre ausklingen zu lassen. Für Ihren Komfort stehen ausreichend Parkplätze zur Verfügung. Um die Region zu erkunden, bieten sich Busverbindungen an, die Sie zu den zahlreichen Attraktionen und regionalen Hofläden führen. Dort können Sie lokale Produkte probieren und ein Stück Appenzeller Gastfreundschaft erleben. Die “Edelweiss”-Ferienwohnung verspricht nicht nur ein Zuhause auf Zeit, sondern auch unvergessliche Momente in einer malerischen Umgebung. Willkommen zu einem Urlaub voller Entspannung, Abenteuer und einer herrlichen Panorama-Seesicht, die Ihre Sinne verzaubern wird.</p><p>Mindestaufenthalt: 3 Nächte</p>;9.5494744;47.4553123;Alte Landstrasse 240;9427;Wolfhalden;+41 79 884 08 44;info@frickart.ch;[{'@type': 'ImageObject', 'contentUrl': 'https://alarpimtsoch.sos-ch-dk-2.exoscale-cdn.com/catalog/2/5/9/1/25910bab896cf41a6a7afe8a6b2e5b4e0f17dfd3_39d10fc9_a751_4d5b_a211_c2f60bb4dcc3__2.jpeg'}];2026-08-07T15:45:40+02:00
14664214-7470-43e3-9bf7-d7db7bf4a54e;B&B Frischknecht;Urtümliches B&B für Naturliebhaber und Ruhesuchende;<p>Fernab von jeglichem Verkehr, mit Blick zur S&auml;ntiskette und inmitten der gr&uuml;nen H&uuml;gellandschaft vom Appenzellerland - hier liegt das Bauernhaus der Familie Frischknecht. Das Ehepaar Lina und Ernst ist pensioniert und legt Wert darauf, bezahlbare Unterk&uuml;nfte f&uuml;r G&auml;ste aus aller Welt anbieten zu k&ouml;nnen. Sie m&ouml;gen Menschen und pflegen einen famili&auml;ren Umgang mit ihren G&auml;sten. Das typische Appenzeller Haus verf&uuml;gt &uuml;ber f&uuml;nf einfache, aber gem&uuml;tliche Zimmer mit Etagendusche. F&uuml;r beste Laune sorgt das reichhaltige Bauernfr&uuml;hst&uuml;ck in der hauseigenen K&uuml;che. Lina Frischknecht liebt es, die G&auml;ste mit Selbstgemachtem und allerlei feinen Produkten aus der Region zu verw&ouml;hnen. F&uuml;r die Verpflegung am Mittag oder Abend laden verschiedene gutb&uuml;rgerliche Restaurants in der Umgebung ein. Es ist kein Mindestaufenthalt erforderlich. Achtung: Bei schneebedeckter Strasse ist f&uuml;r das letzte kurze Steilst&uuml;ck ein Allradfahrzeug erforderlich. Mindestaufenthalt: 1 Nacht</p><h4>Hier gilt die&nbsp;<a href="https://www.appenzell.ch/de/unterkunft/appenzeller-ferienkarte.html">Appenzeller Ferienkarte</a></h4>;9.281087800000002;47.34667279999999;Oberwaldstatt 9;9104;Waldstatt;+41 71 352 11 05;frischknecht.ow@bluewin.ch;http://www.bnbfrischknecht.ch;[{'@type': 'ImageObject', 'contentUrl': 'https://alarpimtsoch.sos-ch-dk-2.exoscale-cdn.com/catalog/e/7/c/f/e7cfc240a23726cc7ae6025cba62f6a10adc7769_frischknecht_waldstatt.jpg'}];2026-09-03T13:03:34+02:00
17b4955f-a254-4c2f-9ac7-222c9009290c;Denkmalgeschütztes Appenzellerhaus;Grosszügiges, heimeliges Appenzellerhaus in der Landwirtschaftszone von Stein AR.;<p>G&ouml;nnen Sie sich einen 5*-Urlaub in einem &uuml;ber 200-j&auml;hrigen, vollst&auml;ndig renovierten Appenzellerhaus. Treten Sie ein in die einzigartige Atmosph&auml;re dieser denkmal-gesch&uuml;tzten Liegenschaft, welche f&uuml;r 7 Erwachsene und 4 Kinder Platz bietet. Es verf&uuml;gt &uuml;ber eine Wohnstube, zwei Nebenstuben, eine grosse neue Wohnk&uuml;che, f&uuml;nf Schlafzimmer, ein grosses Kinderzimmer sowie zwei Nasszellen mit Bad/Dusche/WC resp. Dusche/WC. Die Liegenschaft befindet sich unterhalb des Dorfkerns von Stein, ist ruhig und sonnig gelegen und bietet einen traumhaften Ausblick ins Appenzellerland mit der Gebirgskette des Hohen Kastens im Hintergrund. Gerne empfangen wir Sie in unseren heimeligen R&auml;umen f&uuml;r unvergessliche und abwechslungsreiche Ferientage.<br>Mindestaufenthalt: 4 N&auml;chte</p>;9.352842800000001;47.3733259;Niderstein 113;9063;Stein;079 419 50 04;kontakt@ferienhaus-appenzell.com;http://www.ferienhaus-appenzell.com;[{'@type': 'ImageObject', 'contentUrl': 'https://alarpimtsoch.sos-ch-dk-2.exoscale-cdn.com/catalog/6/0/a/9/60a97d4df6fea98a867a892b3bbb17c7bfe4c851_2f844cc2_5387_4cea_a647_2da25704b8d1__2.jpg'}];2026-08-12T09:27:21+02:00
17ea1a71-cefd-4ab1-a4e4-366e64988e02;Hirschen Wald - Gasthaus und Bäckerei;«Ä chli vo allem», das ist der Leitgedanke der Familie Mettler, die seit 1899 das charakterstarke und geschichtsträchtige Gasthaus mit Bäckerei führt.;<p>Der Hirschen Wald verf&uuml;gt &uuml;ber sechs frisch renovierte ger&auml;umige und komfortable Zimmer, die neues und altes verbinden; eine kleine B&auml;ckerei mit einem mehr als hundertj&auml;hrigen Backofen, aus dem es nach Brot, Zopf und zahlreichen Spezialit&auml;ten duftet; zwei heimelige Stuben mit einem 270-j&auml;hrigen Wandbuffet, in denen eine gutb&uuml;rgerliche und regionale K&uuml;che gepflegt wird; und einen Saal f&uuml;r bis zu 60 Personen mit Blick auf den Alpstein und die H&uuml;gel des Appenzellerlands. Der Familienbetrieb liegt ausserhalb des Dorfes Wald, umgeben von Wiesen und W&auml;ldern auf 1050 m &uuml;. M. Wer Ruhe und Entschleunigung sucht, ist hier richtig aufgehoben. In famili&auml;rem Ambiente kann man hier das Appenzellerland auf authentische und unpr&auml;tenti&ouml;se Art erleben und geniessen.&nbsp;</p><h4>Hier gilt die&nbsp;<a href="https://www.appenzell.ch/de/unterkunft/appenzeller-ferienkarte.html">Appenzeller Ferienkarte</a></h4>;9.5046876;47.4190749;Büel 123;9044;Wald;+41 71 877 11 46;info@hirschenwald.ch;http://www.hirschenwald.ch/;[{'@type': 'ImageObject', 'contentUrl': 'https://alarpimtsoch.sos-ch-dk-2.exoscale-cdn.com/catalog/7/2/2/0/7220010a178090f31a28d4cfd640c7cdfd46b6bf_hirschen_wald.jpg'}];2026-09-03T14:05:46+02:00
1a5afb5b-7b54-4805-9d99-15861dba4ee3;Stellplatz «Parkplatz Risi»;Herzlich Willkommen in Schwellbrunn - ein traumhafter Aufenthalt ist in einem der «schönsten Dörfer der Schweiz» garantiert!;<p>Der einfache Stellplatz inmitten der Appenzeller Hügellandschaft mit Blick auf den Alpstein befindet sich auf dem Parkplatz Risi. Es stehen 2 Stellplätze für maximal 2 Nächte zur Verfügung. Erkunden Sie direkt vom Stellplatz aus die herrlichen Appenzeller Wanderwege (z.B. Rätselweg), spannende Biketouren oder geniessen Sie einfach die traumhafte Aussicht. Eine Überblickt der Wanderwege, Feuerstellen, Einkaufsmöglichkeiten und Restaurants ist auf dem folgenden Situationsplan zu finden. <a href="https://www.schwellbrunn.ch/_docn/3091967/Situationsplan.pdf" rel="noopener noreferrer" target="_blank">Zum Lageplan</a></p><p></p><p>Es handelt sich um einen öffentlichen Parkplatz, eine Reservation ist daher nicht möglich. Die Übernachtung ist kostenlos.</p><p></p>;9.2360522;47.3462884;9103;Schwellbrunn;[{'@type': 'ImageObject', 'contentUrl': 'https://alarpimtsoch.sos-ch-dk-2.exoscale-cdn.com/catalog/4/b/6/a/4b6a33c67295e2f90f39063a280b2f1f1a1a18a1_schwellbrunn_dorf.jpg'}];2026-06-10T10:54:29+02:00
26da371d-f459-40f7-9561-e07e22bc6e09;Ferienwohnung Hilty (Ferienwohnung mit Seeblick);Gemütliche und moderne Ferienwohnung in Heiden mit traumhaftem Blick auf den Bodensee und die Appenzeller Hügellandschaft. Ruhige Lage oberhalb von Heiden, nur wenige Minuten vom Dorfzentrum und ÖV entfernt.;<p class="MsoNormal">Herzlich willkommen in der Ferienwohnung Hilty. Ihre perfekte Auszeit mit einzigartigem Seeblick und dem Hauch reiner Natur, die nur auf Sie wartet. G&ouml;nnen Sie sich erholsame Tage in einer Umgebung, die Ruhe und Entspannung verspricht. Gelegen oberhalb des idyllischen Heidens, bietet unsere liebevoll eingerichtete Ferienwohnung eine traumhafte Lage mit unverbautem Blick auf den Bodensee, das charmante Biedermeierdorf und die sanften H&uuml;gellandschaften des Appenzellerlandes.</p><p class="MsoNormal">Innen l&auml;dt die modern und komfortabel ausgestattete 40 m&sup2; grosse Wohnung zu einem angenehmen Aufenthalt ein. Sie ist mit einer voll ausgestatteten K&uuml;che und einem gem&uuml;tlichen Wohnbereich mit einem Ecksofa, das bei Bedarf auch als Bett genutzt werden kann, sowie einem HD-TV ausger&uuml;stet. Der Schlafbereich mit zwei einladenden Einzelbetten verspricht ruhige N&auml;chte. Der separate Eingang und die optimale Raumaufteilung bieten Privatsph&auml;re und Komfort f&uuml;r bis zu drei Personen.</p><p class="MsoNormal">Draussen erwartet Sie ein exklusives Erlebnis der Entspannung und des Wohlbefindens. Beginnen Sie Ihren Tag mit der Morgensonne auf dem gem&uuml;tlichen Sitzplatz und geniessen Sie die Ruhe im privaten Gartenbereich mit Liegewiese, Biotop und Gartengrill. Es ist der ideale Ort, um nach einem erlebnisreichen Tag die Seele baumeln zu lassen.&nbsp;</p><p class="MsoNormal">Die Umgebung ist ein Eldorado f&uuml;r Aktive und Naturliebhaber. Leicht erh&ouml;ht gelegen, erreichen Sie das Dorfzentrum nach einem kurzen Spaziergang. Von der nahegelegenen Postautohaltestelle "Rosengarten", nur drei Gehminuten entfernt, sind Sie bestens angebunden. Heiden dient als perfekter Ausgangspunkt f&uuml;r Wanderungen, Radtouren und Ausfl&uuml;ge in die Region. Die N&auml;he zum Bodensee, zur Stadt St. Gallen oder zum Alpstein bietet vielf&auml;ltige Erkundungsm&ouml;glichkeiten, w&auml;hrend die gute Anbindung an &ouml;ffentliche Verkehrsmittel auch eine flexible Reise ohne Auto erm&ouml;glicht.&nbsp;</p><p class="MsoNormal">Erleben Sie unvergessliche Tage in der Ferienwohnung Hilty, wo Sie nicht nur eine atemberaubende Aussicht, sondern auch komfortables Wohnen und eine ideale Lage f&uuml;r Ihre Ausfl&uuml;ge in die Natur und Kultur der Region geniessen k&ouml;nnen.</p><p>Miete 90.- pro Tag / Minimum 5 Tage Inklusive</p><p>Leistungen:</p><ul><li>Appenzeller Ferienkarte mit vielen Verg&uuml;nstigungen</li><li>s&auml;mtliche Nebenkosten</li><li>WLAN</li></ul><p>Zus&auml;tzliche Kosten:</p><ul><li>Bettw&auml;sche und Frottierw&auml;sche 15.- pro Person/Woche (Kann auch selbst mitgebracht werden)</li><li>Kurtaxen 2.20 pro Tag/Person ab 12 Jahren</li><li>Endreinigung 90.-</li><li>Zus&auml;tzliche dritte Person 20.- pro Tag</li></ul><h4>Hier gilt die&nbsp;<a href="https://www.appenzell.ch/de/unterkunft/appenzeller-ferienkarte.html">Appenzeller Ferienkarte</a></h4>;9.528164;47.439356;Seeblickstrasse 7;9410;Heiden;+41 71 535 70 08;ferienwohnung-hilty@gmx.ch;[{'@type': 'ImageObject', 'contentUrl': 'https://alarpimtsoch.sos-ch-dk-2.exoscale-cdn.com/catalog/6/7/d/0/67d07d52c4d0159bce9a5fbbcd1975c188d8784f_20260616_082648_1_.jpg'}];2026-09-03T13:10:27+02:00
28aed697-f6ef-4eb0-a8d9-98753284d04b;Ferienwohnung Studio Sunehus;Luftiges Studio in ikonischem Bio-Holz-Haus;<p>Verbringen Sie Zeit in unserem Studio in einem modernen ikonischem Holzhaus in ruhiger Umgebung. Per Bahn oder Bus dauert es weniger als eine Stunde ins Zentrum von St. Gallen und etwas über eine Stunde nach Zürich. Eindrücklicher Wohnort mit toller Aussicht in die Berge. Frisch umgebaut inklusive kleiner Kochnische und komfortablem Interieur, um sich erholen zu können.</p><p>Mindestaufenthalt: 3 Nächte</p>;9.35565233230591;47.39662806281125;Lindenstrasse 9;9062;Lustmühle;+41 76 523 26 61;stephen@zeitreisen.ch;http://www.sunehus.ch;[{'@type': 'ImageObject', 'contentUrl': 'https://alarpimtsoch.sos-ch-dk-2.exoscale-cdn.com/catalog/0/b/8/b/0b8bd49b3a4e9ec46ca0e498bd6860466821703b_Sunehus_Aussenansicht.webp'}];2026-08-07T15:45:40+02:00
28b8e0ab-fc8e-4f5a-842d-d812633576ab;Ferienwohnung Sonnegg;Schöne 3-Zimmer-Wohnung im Herzen von Gais.;<p>Helle, sonnige Wohnung mit Wohnk&uuml;che, gut eingerichtet in einem typischen Appenzeller Haus. Herrliche Fernsicht, ruhig und zentral gelegen.</p><p>2 Schlafzimmer (1 Doppelbett, 1 Einzelbett), kleine Stube, separater Eingang, Gartenterrasse zur Mitben&uuml;tzung. (Auf Anfrage ist im Estrich ein Zimmer mit zwei zus&auml;tzlichen Betten verf&uuml;gbar)</p><ul><li>Preis pro Tag f&uuml;r 2 Personen: CHF 100.- inkl. Bett-/K&uuml;chen-/Frotteew&auml;sche und Apppenzeller Ferienkarte</li><li>Preis pro Tag f&uuml;r 3 Personen: CHF 110.-&nbsp;</li><li>Exkl. Endreinigung CHF 80.- sowie Kur- und Beherbergungstaxe pro Tag und Person CHF 2.10</li></ul><p>In n&auml;chster N&auml;he finden Sie Einkaufsm&ouml;glichkeiten und Restaurants. In 8 Minuten sind Sie auf dem Bahnhof der Gaiser Bahn mit Verbindungen nach Appenzell, Altst&auml;tten und St. Gallen.</p><h4>Hier gilt die&nbsp;<a href="https://www.appenzell.ch/de/unterkunft/appenzeller-ferienkarte.html">Appenzeller Ferienkarte</a></h4>;9.456182;47.363091;Hinterdorf 18;9056;Gais;+41 71 288 46 76;helen@tannheimer.com;[{'@type': 'ImageObject', 'contentUrl': 'https://alarpimtsoch.sos-ch-dk-2.exoscale-cdn.com/catalog/c/b/2/a/cb2a7eb4bb4b09dae65caa154a47cd668d986574_gais_sonnegg_tannheimer.jpg'}];2026-09-03T13:14:26+02:00
318dea22-ad7b-470b-9626-4de8df1d724c;Ferienwohnung GLORIOS;Kleine gemütliche 2 Zimmer Ferienwohnung an ruhiger sonniger und zentraler Lage. ;<p>Im Zentrum in lieblicher H&uuml;gellandschaft gelegenem Biedermeier Haus begr&uuml;ssen wir Sie im Kurort Heiden oberhalb des Bodensees. Die stilistisch neu renovierte heimelige Wohnung l&auml;dt zur Erholung und zum gem&uuml;tlichen Verweilen ein. 5 Minuten Fussweg zu den Postautoverbindungen und 10 Minuten Fussweg zum Bahnhof Heiden sind attraktive alternativen zum Auto und tragen somit zu einem umweltbewussten Umgang bei.<br>Vermietung: wochenweise</p>;9.53499549881651;47.44340475;Schmittenbühl 12;9410;Heiden;+41 71 891 53 86;fam.majamaier@outlook.com;[{'@type': 'ImageObject', 'contentUrl': 'https://alarpimtsoch.sos-ch-dk-2.exoscale-cdn.com/catalog/6/3/3/1/6331b4a602288749853518c87e9f2bbdee8f5978_heiden_ferienwohnung_glorios_aussenansicht.jpg', 'caption': {'de': 'Aussenansicht Ferienwohnung Glorios'}}];2026-08-07T15:45:40+02:00
31b41438-de6d-4ec5-92d6-55eadff21f15;Gruppenhaus Müllersberg;Auf erhöhter Lage über dem Dorf Heiden eröffnet das Gruppenhaus Müllersberg ein phantastischer Blick vom Bodensee bis zum Alpstein.;<p>Das Haus ist umfassend renoviert und kann ganzjährig gemietet werden. Geeignet für Klassenlager, Musik- und Sportlager, Wandergruppen, Seminare und Familienfeste. Besonders bietet sich das Haus auch für Menschen mit einer Beeinträchtigung an. Es ist vollständig rollstuhlgängig, verfügt über 34 Betten, verteilt auf 18 Zimmer und ist erweiterbar auf bis zu 50 Schlafplätze. Es ist eine grosse neuwertige Küche mit Steamer, Waschstrasse etc. vorhanden. Seit kurzem ist das Haus Müllersberg auch ein Kunsthaus, denn es sind 80 Kunstwerke von Menschen mit körperlicher und geistiger Behinderung aus der Sammlung von Verena und Hansruedi Fricker ausgestellt.</p><p></p>;9.536526;47.434803;Bischofsberg 408;9410;Heiden;+41 71 898 89 02;gruppenunterkunft@heiden.ar.ch;https://www.heiden.ch/raumreservation/detail/11710;[{'@type': 'ImageObject', 'contentUrl': 'https://alarpimtsoch.sos-ch-dk-2.exoscale-cdn.com/catalog/6/a/f/c/6afc3b88cf9a63015106290d0dc83d60cfb4b3bc_01_Aussenansicht_Richtung_Bodensee.jpg'}];2026-06-10T10:54:32+02:00
3255b724-1d67-436b-aae6-d3e9c0d0989b;B&B chez Lise;Das B&B chez Lise glänzt mit seiner einmaligen Lage, dem schönen Garten und der Pergola. Jedes der drei Zimmer hat seinen eigenen Charme.;<p>Die Inhaberin, Lise Frischknecht, zaubert f&uuml;r ihre G&auml;ste k&ouml;stliche Gerichte und macht den Aufenthalt zu einem echt authentischen Erlebnis. Auf Anfrage erhaspeln Sie sogar einen Einblick in den beachtlichen Weinkeller Die unmittelbare Lage zum Zentrums erm&ouml;glicht Ausflugstipps diverser Art wie Wandern, Museumsbesuche, Langlaufen, Schneeschuhwandern, Schwimmen im Freibad und viele mehr. Erleben Sie nachhaltigen Komfort im BnB Chez Lise, wo Solaranlage, Luftw&auml;rmepumpe und konsequente Abfalltrennung f&uuml;r eine umweltfreundliche Auszeit sorgen. Auf Anfrage k&ouml;nnen Kochkurse und Weindegustationen gebucht werden.</p><h4>Hier gilt die&nbsp;<a href="https://www.appenzell.ch/de/unterkunft/appenzeller-ferienkarte.html">Appenzeller Ferienkarte</a></h4>;9.2813184;47.3140021;Hinteregg 1474;9107;Urnäsch;+41 77 411 00 54;lise.frischknecht@gmail.com;http://chezlise.ch/;[{'@type': 'ImageObject', 'contentUrl': 'https://alarpimtsoch.sos-ch-dk-2.exoscale-cdn.com/catalog/4/c/d/5/4cd5192590bc183ce93dd3a4ea47ff829799e682_3de21968_8498_4f25_8c87_b04a231d019b.jpeg'}];2026-09-03T13:02:46+02:00
32fd5998-781a-461a-96f4-732931c63de1;Ferienwohnung und B&B Rätia;Willkommen in der Ferienwohnung Rätia und im Bed & Breakfast Rätia mit der traumhaften Sicht auf den Bodensee.;Wie wäre es mit ein paar Tagen auf dem Land und trotzdem in Stadtnähe? Wolfhalden liegt im wunderschönen Appenzellerland fernab vom Stress und doch ist alles ganz schnell erreichbar. Sie wollen das Land geniessen? Kein Problem! Wander-, Fahrrad- und Bike-Möglichkeiten warten vor der Haustüre. Wer es gemütlicher mag, sonnt sich in einem der Freibäder oder am Bodensee oder lässt sich im Heilbad verwöhnen. Und wer sich dann doch einmal nach der Stadt sehnt, ist in 45min mit dem Postauto oder in 20min mit dem Auto in der Kulturstadt St. Gallen, wo Shopping, Restaurants, Bars und Clubs warten.

Die totalsanierte Ferienwohnung Rätia befindet sich in einer ehemaligen Pension über dem Bodensee. Sie ist vollständig ausgestattet mit Küchenutensilien, Gewürzen, Geschirr, Badetücher, Bettwäsche etc.. Die Zimmer sind liebevoll eingerichtet mit reichlich Ablageflächen und Stauraum. Ein kleiner Balkon lädt zum Frühstück mit Blick auf den Sonnenaufgang über dem Pfänder ein. Im Wohnzimmer finden Sie einen Fernseher und verschiedene Spiele für Gross und Klein. Internetzugang mit Wireless und Parkplätze sind ebenfalls vorhanden. Im Eingangsbereich laden Prospekte und Lektüren zu Aktivitäten im und ums Appenzellerland zum Schmökern ein. Die Familie Keller freut sich auf Ihren Aufenthalt.

Das Haus Rätia bietet aber auch Zimmer mit Frühstück. Die zwei hellen Zimmer sind liebevoll eingerichtet und abschliessbar. Das Badezimmer und das separate WC wird von den maximal vier Gästen gemeinsam genutzt. Der 1. Stock besitzt eine sehr grosse Terrasse mit einer phänomenalen Aussicht auf den Bodensee. Im Frühstücksraum befindet sich ein Kühlschrank, eine Kaffeemaschine und ein Wasserkocher. Das Frühstück wird jeden Morgen frisch bereitgestellt und ist zur Selbstbedienung vorbereitet.

Ferienwohnung:
Preis: pro Nacht für 2 Personen CHF 130.00, jede weitere Person CHF 30.00
Wochenrabatt: 10% ab 7 Nächten
Endreinigung: CHF 100.00
Kaution: CHF 100.00;9.5539319;47.4543323;Vorderdorf 60;9427;Wolfhalden;+41 71 891 13 48;info@raetiawolfhalden.ch;http://www.raetiawolfhalden.ch;[{'@type': 'ImageObject', 'contentUrl': 'https://alarpimtsoch.sos-ch-dk-2.exoscale-cdn.com/catalog/9/7/b/1/97b15dc8bd343c6f5356a48e540584d630678159_wolfhalden_r__tia.jpeg'}];2026-08-07T15:45:40+02:00
33741721-55e5-4770-9722-b3565e2eb019;Landgasthaus Bären, Grub;«Willkommen bei Freunden» – Mit diesem Motto werden Sie in unserem gemütlichen Landgasthaus empfangen.;<p>Die sch&ouml;ne Aussicht auf den Bodensee, die am Haus vorbeif&uuml;hrende Wanderroute, der nahegelegene Skilift oder das Heilbad Unterrechstein k&ouml;nnen Highlights Ihrer Freizeitgestaltung bei uns werden. Kulinarisch verw&ouml;hnen wir Sie mit einer gepflegten regionalen 2 Hauben-K&uuml;che. Speziell: &laquo;Alltag-Raus Pauschale&raquo; mit &Uuml;bernachtung, Aperitif und einem 5-Gang-Schlemmermen&uuml; CHF 162.50! Der B&auml;ren geh&ouml;rt seit Jahren zu den Klassikern im Appenzellerland, und G&auml;ste erstaunt es nicht, dass das Haus Jahr f&uuml;r Jahr den Weg in die Gourmet-Bibel von GaultMillau findet. Aber man kommt nicht nur der exquisiten K&uuml;che wegen ins Haus. &Uuml;brigens: Wer es einfach liebt, ist mit w&uuml;rzigen &Auml;lpler-Makkaroni gut bedient. Das heimelige Gourmet-St&uuml;bli l&auml;dt genauso zur Einkehr ein wie die vor Jahresfrist renovierte Bodenseestube, die sich heute mit Lounge- und Apero- Bar modern und elegant pr&auml;sentiert.</p><h4>Hier gilt die&nbsp;<a href="https://www.appenzell.ch/de/unterkunft/appenzeller-ferienkarte.html">Appenzeller Ferienkarte</a></h4><p>&nbsp;</p>;9.497401714324953;47.44284815915329;Halten 112;9035;Grub;+41718911355;info@baeren-grub.ch;http://www.baeren-grub.ch/;[{'@type': 'ImageObject', 'contentUrl': 'https://alarpimtsoch.sos-ch-dk-2.exoscale-cdn.com/catalog/7/2/c/7/72c7040518c989492cad68f04e8f173fe355798b_Restaurant_B__ren.jpg'}];2026-09-04T12:13:19+02:00
34fdc8a4-cc4c-48d0-b726-f9d18ada58dd;Linde Heiden;Ein Kaffee in einer der Gaststuben? Ein Schöppchen draussen auf der Terrasse? Oder etwas Herzhaftes auf den Teller?;<p>In der Heidler &laquo;Linde&raquo; finden Sie alles, wonach Ihnen der Sinn stehen k&ouml;nnte. Nebst der Auswahl auf der Karte werden auch sehr preiswerte Tagesmen&uuml;s auf Fleisch- oder Vegibasis angeboten. Wer in der &laquo;Linde&raquo; einkehrt, sollte unbedingt einen Blick in den wunderbaren Saal werfen, eine R&auml;umlichkeit, die so schnell nicht ihresgleichen hat.</p><h4>Hier gilt die&nbsp;<a href="https://www.appenzell.ch/de/unterkunft/appenzeller-ferienkarte.html">Appenzeller Ferienkarte</a></h4>;9.535390099999999;47.444038799999994;Poststrasse 11;9410;Heiden;+41 71 898 34 00;info@lindeheiden.ch;http://www.lindeheiden.ch/;[{'@type': 'ImageObject', 'contentUrl': 'https://alarpimtsoch.sos-ch-dk-2.exoscale-cdn.com/catalog/4/6/a/b/46ab409c8f88d2313340161b3a9a46ba54119689_heiden_linde_sd.jpeg'}];2026-09-03T14:11:22+02:00
376e74cf-13e9-484c-83b0-0b33f6d61faa;Ferienwohnung im Dorf Urnäsch;Geniessen Sie die neu renovierte Ferienwohnung und die vielfältigen Möglichkeiten des schönen Appenzellerlands.;<p>Es erwartet Sie ein stilvolles Erlebnis in der zentral gelegenen 2 &frac12;-Zimmerwohnung in Urn&auml;sch im sch&ouml;nen Appenzellerland. Die moderne Wohnung hat ein Schlafzimmer, ein Badezimmer, eine komplett ausgestattete K&uuml;che und ein helles Wohnzimmer. Zudem verf&uuml;gt die Wohnung &uuml;ber einen Sitzplatz im Garten. &Ouml;ffentliche Gratisparkpl&auml;tze befinden sich direkt gegen&uuml;ber vom Haus.</p><p>Mindestaufenthalt: 3 N&auml;chte</p><h4>Hier gilt die&nbsp;<a href="https://www.appenzell.ch/de/unterkunft/appenzeller-ferienkarte.html">Appenzeller Ferienkarte</a></h4>;9.28374767303467;47.31774136491166;Herisauerstrasse 3;9107;Urnäsch;+41 79 245 62 94;gaetzi.e@bluewin.ch;https://www.ferienwohnungimdorfurnaesch.ch/;[{'@type': 'ImageObject', 'contentUrl': 'https://alarpimtsoch.sos-ch-dk-2.exoscale-cdn.com/catalog/5/7/9/e/579ee5f528078afc922265630afbca9dac748d70_1__1_.jpg'}];2026-09-03T13:11:05+02:00
3d2671d0-c8e7-41f5-bacd-5607604a7d00;Kleines Loft Gais;Zentral, aber ruhig gelegene Ferienwohnung – modern und komfortabel eingerichtet;<p class="MsoNormal">Das kleine Loft befindet sich im Erdgeschoss eines herrschaftlichen Hauses und ist sehr ruhig gelegen. Es ist komfortabel und modern eingerichtet: edles Bad in Schwarz und Messing, weisse Kalkputzw&auml;nde, geheizter Design-Betonboden, gut ausgestattete K&uuml;chenkombination. Der grosse Raum ist unterteilt in Bereiche f&uuml;r Kochen, Essen und Schlafen. WLAN und Waschmaschine sind vorhanden. Dank der vielen Fenster ist das Loft von Licht durchflutet. Ein direkter Zugang zum Garten f&uuml;hrt zu einem Sitzplatz. Die Aussichten auf H&uuml;gel und Berge machen Lust auf Wandern und Biken. Bahnhof und Dorfplatz mit Restaurants und einem Einkaufsladen sind nur wenige Schritte entfernt.</p><p class="MsoNormal">Die Wohnung eignet sich f&uuml;r eine bis zwei Personen und kann ab drei N&auml;chte gemietet werden. Ein Parkplatz befindet sich direkt vor dem Haus.</p><h4>Hier gilt die&nbsp;<a href="https://www.appenzell.ch/de/unterkunft/appenzeller-ferienkarte.html">Appenzeller Ferienkarte</a></h4>;9.4508676;47.3624104;Riesern 9;9056 ;Gais;+41 71 793 37 41;vera.haelg@bluewin.ch;[{'@type': 'ImageObject', 'contentUrl': 'https://alarpimtsoch.sos-ch-dk-2.exoscale-cdn.com/catalog/4/6/7/9/467937027249229b840bf347b1db49e91bb5da77_2_Blick_auf_Sofa_u_Ku__che.jpg'}];2026-09-03T14:09:27+02:00
3ef311ff-c78e-461c-a77b-acc152cdfb8d;Gasthaus Hoher Hirschberg;Das Ausflugsziel im Appenzellerland auf 1167 m ü. M. an aussichtsreicher Lage;<p>Das Berggasthaus Hoher Hirschberg ist für Wanderer, Biker oder mit dem Auto sehr gut erreichbar. Auf der Hügelspitze werden Sie mit einer herrlichen Aussicht auf den Alpstein und das St.Galler Rheintal belohnt. Das Ausflugsrestaurant ist bekannt für die hausgemachten Desserts und die saisonalen Speisen. Auf dem Hohen Hirschberg übernachten ist ein einmaliges Erlebnis. Haben Sie etwas zu feiern? Dann sind Sie bei uns genau richtig.</p><p>Eine Auszeit mitten in der Natur? Das Berggasthaus Hoher Hirschberg bietet auch Übernachtungsmöglichkeiten. Von einer Übernachtung  im Matratzenlager bis zum Arvenzimmer mit wunderschönem Blick in den Alpstein, da kommt jeder auf seine Kosten. Reservationsanfragen sind telefonisch oder online möglich. </p><p> </p>;9.469854384160104;47.3429752;Hohe Hirschbergstrasse 58;9050;Appenzell;+41 71 787 14 67;info@hoherhirschberg.ch;https://www.hoherhirschberg.ch;[{'@type': 'ImageObject', 'contentUrl': 'https://alarpimtsoch.sos-ch-dk-2.exoscale-cdn.com/catalog/4/6/f/4/46f438751266f1f337c9db34c626a98d3af1c1fb_DJI_0101_neu.jpg'}];2026-07-10T16:05:27+02:00
40f12c95-da23-445f-918e-0713fd06a82c;Ferienwohnung Neuhus;Ferienwohnung Neuhus; abschalten, durchatmen, wohlfühlen
Gemütliche Familienwohnung auf dem Wohlfühlhof Neuhus.;<p>Eingebettet im wunderschönen Appenzeller Hinterland liegt der Landwirtschaftsbetrieb mit viel Umschwung. Die ruhige Lage unterhalb der Hundwiler Höhe in einem abgelegenen «Hügel-Tääli» lädt zum Verweilen ein. Geniessen Sie die Ruhe, die Aussicht und die Verbundenheit mit der Natur. Nutzen Sie den Ort als Ausgangspunkt für tolle Ausflüge in der Region und erleben Sie das emsige Treiben auf dem Bauernhof. Die Ferienwohnung wurde 2020 beim Wohnhausumbau neu erstellt und möbliert und per April 2021 den Gästen zur Verfügung gestellt. Auf rund 86 m2 mit Wohnzimmer-Küche, Schlafzimmer mit Nebenraum und einem grossen Bad können Sie sich wohlfühlen. Wir freuen uns auf Ihren Besuch!</p><p>Mindestaufenthalt: 2 Nächte </p>;9.3224429;47.3329157;Neuhaus 510;9107;Urnäsch;+41 79 356 26 60;info@erlebnisbauernhof-neuhus.ch;https://www.erlebnisbauernhof-neuhus.ch/;[{'@type': 'ImageObject', 'contentUrl': 'https://alarpimtsoch.sos-ch-dk-2.exoscale-cdn.com/catalog/e/3/5/7/e357f0f0ca9ef3e2f363b10f840190081f858fa5_Neuhus08__2.jpg'}];2026-08-12T09:43:45+02:00
426be530-962e-43ca-8bd6-37c8552d24be;Appenzellerhaus am Bach;Typisches Appenzellerhaus am Wanderweg;<p>Das alleinstehende, ruhig gelegene Ferienhaus &laquo;Im Wuhr&raquo; stammt aus dem 18. Jahrhundert und liegt nahe beim Dorfschwimmbad inmitten einer landwirtschaftlich genutzten Wiese (Biolandwirtschaft). Vom Bahnhof aus ist es in 15-20 Fussminuten zu erreichen. Mit dem Auto gelangt man auf einem Fahrstr&auml;sschen direkt zum Haus. In zehn Fussminuten erreicht man das Dorfzentrum mit Gesch&auml;ften f&uuml;r den t&auml;glichen Bedarf. Der Garten l&auml;sst viel Platz zum Spielen, Essen und Ausruhen. Nachts h&ouml;rt man den Brunnen im Garten pl&auml;tschern sowie das Rauschen des Rotbachs, der auch zum Spiel einl&auml;dt. Die Einrichtung ist teilweise antik/rustikal, teilweise im Stil der F&uuml;nfzigerjahre. Die einfache K&uuml;che enth&auml;lt eine umfangreiche Grundausstattung. F&uuml;r Leseratten gibt es gen&uuml;gend Literatur und f&uuml;r Kinder sind Spielsachen vorhanden.</p><p>&nbsp;</p><p>Mindestaufenthalt: 5 N&auml;chte, max. 6 Personen</p>;9.464120864868166;47.36408886819045;Ferienhaus Wuhr 333;9056;Gais;+41 78 741 75 90;petra.leibacher@bluewin.ch;[{'@type': 'ImageObject', 'contentUrl': 'https://alarpimtsoch.sos-ch-dk-2.exoscale-cdn.com/catalog/2/f/a/1/2fa1dc5e90c25be338dae97ffff1f79a4480e3c8_gais_ferienhaus_wuhr.jpg'}];2026-08-07T15:28:59+02:00
463dd503-4ca5-42bb-91fb-fa16bdde3721;Ferienwohnung Stadel;An schönster Lage, eine Wohlfühlwohnung mitten im Appenzellerland.;<p data-start="221" data-end="465">Mitten in der malerischen H&uuml;gellandschaft des Appenzellerlands, unterhalb der eindrucksvollen Hundwilerh&ouml;he, erwartet Sie unser liebevoll gestaltetes Zuhause. Ob jung oder alt, mit oder ohne Kinder &ndash; hier f&uuml;hlen sich alle willkommen.</p><p data-start="467" data-end="701">In einem idyllischen Seitental gelegen, er&ouml;ffnet sich Ihnen ein traumhafter Blick &uuml;ber saftige Wiesen und sanfte H&uuml;gel. Besonders abends, wenn die Sonne hinter den Bergketten versinkt, zeigt sich die Natur von ihrer sch&ouml;nsten Seite.</p><p data-start="703" data-end="963">Rund um die Ferienwohnung finden Sie viele gem&uuml;tliche Pl&auml;tze im Freien: einen eingez&auml;unten Sitzplatz f&uuml;r ruhige Momente, einen offenen Bereich mit Pergola und Grill f&uuml;r gesellige Abende. F&uuml;r Unterhaltung sorgen Tischkicker, Tischtennisplatte und Dartscheibe.</p><p data-start="965" data-end="1156">Ein besonderes Highlight ist unser umgebauter K&auml;lblistall &ndash; heute ein originelles Fondue- und Raclette-St&uuml;bli, in dem Sie in behaglicher Atmosph&auml;re unvergessliche Stunden verbringen k&ouml;nnen.</p><p>Preis pro Woche:<br>April - September: CHF 650.-<br>Oktober - M&auml;rz: CHF 750.-<br>exkl. Kurtaxen + Endreinigung CHF 70.-<br><br>Mindestaufenthalt: 3 N&auml;chte</p>;9.3289962;47.348477100000004;Stadel Buchberg 245;9064;Hundwil;+41 71 367 20 34;stadel.meier@bluewin.ch;[{'@type': 'ImageObject', 'contentUrl': 'https://alarpimtsoch.sos-ch-dk-2.exoscale-cdn.com/catalog/5/a/a/5/5aa50f0e09a47203f5ebdced3197db2b223cc0b8_WhatsApp_Image_2022_02_22_at_18.47.14.jpeg'}];2026-08-07T15:45:40+02:00
46c63c48-32e0-498b-ae77-50b8c0c80859;Stellplatz «im Bad»;Stellplatz im Zentrum von Heiden.;<p>In maximal 700 Meter Gehdistanz entdecken Sie einige Einkaufsmöglichkeiten und Restaurants sowie den Bahnhof, Postautohaltestellen, Schwimmbad, Kino, Spielplatz und eine Abfalltrennstation. Der Platz ist ausreichend für zwei Camper mit Klappstuhlverhalten. Übernachten in Fahrzeugen ist nur mit eigenem WC erlaubt

Maximale Aufenthaltsdauer: 3 Nächte
Öffentliche Toiletten: Post/Friedhof geöffnet von 06.00 – 22.00 Uhr
Preis: CHF 12.20 pro Nacht inkl. 1 Person, Bezahlung via Parkn Sleep (QR-Code vor Ort scannen oder Internetseite besuchen)</p>;9.53121913454496;47.445602254416734;im Bad 2;9410;Heiden;+41 71 898 33 01;stellplatz@kurvereinheiden.ch;https://www.kurvereinheiden.ch/stellpl%C3%A4tze-f%C3%BCr-camper;[{'@type': 'ImageObject', 'contentUrl': 'https://alarpimtsoch.sos-ch-dk-2.exoscale-cdn.com/catalog/a/3/9/1/a39195b828bfc1de10cc99609d5cae9a34d48baa_Bad2.jpg'}];2026-06-10T10:54:33+02:00
474afc7b-bb93-49fb-9d3e-316b64399819;Ruhiges Paradiesli mit Rheintal- und Alpsteinblick;Natur pur. Direkt neben dem Bauernhof.
Geniessen Sie Ihren Aufenthalt mit einer atemberaubenden Aussicht über das Rheintal und den Alpstein. ;<p>Die herrliche ruhige und sonnige Lage mitten im Gr&uuml;nen, l&auml;dt zum Verweilen und geniessen ein. Wundersch&ouml;ne Wanderungen und Velotouren k&ouml;nnen Sie direkt von der Haust&uuml;re aus starten. Den Abend ausklingen lassen bei einem Glas Wein oder Tee, mit wunderbarer Aussicht auf das Lichtermeer des Rheintals. Im Winter befindet sich eine Langlaufloipe sowie das Skigebiet der Ebenalp in unmittelbarer N&auml;he. Die wunderbare 2 1/2 Zimmerwohnung bietet einen gem&uuml;tlichen Wohn- / Essraum mit einer K&uuml;che, welche mit einem Geschirrsp&uuml;ler, K&uuml;hlschrank, Oel, Essig, Pfeffer und Salz ausgestattet ist. Das Doppelbett im Schlafzimmer und das separate Bettsofa in der Galerie bietet Platz f&uuml;r 2-3 Personen in der neu renovierten Wohnung. Bett-, K&uuml;chen- und Frotteew&auml;sche sind vorhanden. <br>Mindestmietdauer 2 Tage</p>;9.492223;47.3649;Stein Rietli 744;9056;Gais;0794546834;ursi.gisler@gmx.ch;[{'@type': 'ImageObject', 'contentUrl': 'https://alarpimtsoch.sos-ch-dk-2.exoscale-cdn.com/catalog/c/6/a/0/c6a07bdc4fc1f5b8b0114dd1b740f5719679b94a_Ruhiges_Paradiesli_Gais.jpg'}];2026-08-07T15:29:00+02:00
4fd5993b-a6b1-497d-9751-ff9cb647c755;Gasthaus Metzgerei Dorfplatz;Wo Gastfreundschaft, hohes Qualitätsbewusstsein und gelebte Traditionen im Zentrum stehen;<p>Mit viel Herzblut und Leidenschaft f&uuml;hren die Gastgeber Franziska und Peter Signer-Frick gemeinsam mit dem K&uuml;chenchef Philipp Michel das Gasthaus Dorfplatz in Urn&auml;sch. Hier hat das Wohl des Gastes h&ouml;chste Priorit&auml;t. Diesem Grundsatz sowie dem hohen Qualit&auml;tsbewusstsein verpflichtet, gibt das Team t&auml;glich alles, um Ausflugs- und Hotelg&auml;sten ein nachhaltiges Erlebnis zu bieten. Die gem&uuml;tlichen G&auml;stezimmer im Gasthaus Dorfplatz verspr&uuml;hen einen Hauch Romantik &ndash; perfekt f&uuml;r den idyllischen Kurzurlaub. Der Metzgereiladen im Parterre des Gasthauses bietet ein reichhaltiges Angebot an Fleischwaren. Das Dorfleben in Urn&auml;sch ist gepr&auml;gt von Tradition und Brauchtum. Beispiele daf&uuml;r sind der neue und Alte Silvester, das &laquo;&Ouml;berefahre&raquo; (Alpfahrt), der Striichmusigtag oder der Brauchtumsmarkt. Im Gasthaus Dorfplatz sind Sie mittendrin. Sie k&ouml;nnen einen Gang herunterschalten, den Alltag vergessen und einfach nur geniessen. Urn&auml;sch liegt im Appenzeller Hinterland, unweit des S&auml;ntis, dem h&ouml;chsten Berg der Ostschweiz. Das Dorf ist mit der Appenzeller Bahn oder mit dem Auto bestens erreichbar.</p><h4>Hier gilt die&nbsp;<a href="https://www.appenzell.ch/de/unterkunft/appenzeller-ferienkarte.html">Appenzeller Ferienkarte</a></h4>;9.2829638;47.3172206;Dorfplatz 2;9107;Urnäsch;+41 71 364 11 60;info@signer-gastro.ch;https://www.signer-gastro.ch/;[{'@type': 'ImageObject', 'contentUrl': 'https://alarpimtsoch.sos-ch-dk-2.exoscale-cdn.com/catalog/7/d/a/0/7da015aec2e7988c9e25cf57599244a0cfeea967_Gasthaus_Metzgerei_Dorfplatz.jpg'}];2026-09-03T13:00:04+02:00
5111256c-5035-4972-8dcb-54e48ba1b205;Ferienhaus Usziit;Ferienhaus Usziit - Zeit die Seele baumeln zu lassen;<p>Idyllisches und gemütliches 6.5-Zimmerhaus an ruhiger Lage. Das Ferienhaus liegt etwas abgelegen von Degersheim (ca. 2km ins Zentrum). Die direkte Zufahrt zum Haus ist möglich, es stehen Parkplätze direkt beim Haus zur Verfügung. Das Grundstück ist 850 m2 gross. Das Haus umfasst 120 m2 Wohnfläche mit drei Schlafzimmern, einem Babyzimmer, zwei Nasszellen, Küche mit Eckbank, Wohnzimmer mit Ecksofa und Wohnstube mit grossem Tisch und Eckbank. Es gibt einen Abstellraum für Velo, Bikes, Skis, Schlitten, Kinderwagen etc. Ausserdem steht eine Waschmaschine zur Verfügung. Ein grosser Garten (eingezäunt) lädt zum gemütlichen Verweilen ein. Das Haus bietet Platz für bis zu sechs Personen.<br>Vermietung: wochenweise</p>;9.217794835567476;47.385196640215;Tal 656;9113;Degersheim;+41796011054;benj.ramel@eventhelp.ch;https://www.e-domizil.ch/rental/01cb55e3c7a7aa79bc0d8455742c558f;[{'@type': 'ImageObject', 'contentUrl': 'https://alarpimtsoch.sos-ch-dk-2.exoscale-cdn.com/catalog/7/2/8/3/728302c1640c33f7c47300f6be33839a47da979a_Au.jpg'}];2026-08-12T09:31:41+02:00
5ce9da53-87f8-403c-ab34-5248f21f257c;Naturfreundehaus Kaien;Das Naturfreundehaus Kaien liegt zwischen Heiden und Rehetobel auf 1100 Meter ü/M.;Mit seinem grossen Aufenthaltsraum für bis zu 60 Personen ist das Haus ideal geeignet für Firmen, Schulen, Seminare oder Feiern in grösserer Runde. An Wochenenden ist das Haus bewartet und ein beliebtes Ausflugsziel.
Das Haus kann insgesamt 38 Personen beherbergen. Es verfügt über 5 Zimmer mit 4 Betten, 2 Zimmer mit 6 Betten, 1 Zimmer mit 5 Betten, Waschräume, Etagenduschen und WCs. Wolldecken und Duvets sind in den Schlafräumen vorhanden, Bettwäsche ist nur in den 4 Zimmern gegen Aufpreis erhältlich. Die grosse und modern eingerichtete Küche kann unter der Woche benützt werden. An Samstagen und Sonntagen müssen die Speisen vom Hüttenwart bezogen werden.
Es hat einige Freizeit- und Spielmöglichkeiten im und ums Haus: ein Spielzimmer, ein grosser Geländespielplatz, Tischtennis-Tisch und Fussballkasten. Im Aussenbereich hat es zudem ein Grillhaus mit Holzkohlegrill und Feuerstellen. 
In 20 Gehminuten von der Postauto-Haltestelle erreicht man die Gruppenunterkunft. Zufahrt bis zum Parkplatz unterhalb des Haus möglich (Parkgebühr von CHF 2.00). Kostenlose Parkplätze sind in Rehetobel vorhanden. Das Appenzellerland und bietet als tolles Gebiet diverse Möglichkeiten für Gruppen an. Das Skigebiet ist 3 Kilometer vom Haus entfernt und kann in 10 Autominuten erreicht werden.;9.506645;47.434428;Gigeren;9038;Rehetobel;071 877 11 98;reservation@kaienhaus.ch;https://www.kaienhaus.ch/index.php;[{'@type': 'ImageObject', 'contentUrl': 'https://alarpimtsoch.sos-ch-dk-2.exoscale-cdn.com/catalog/e/9/f/b/e9fb425fd44f0adbdc8fa3c58750364565b9a047_Naturfreundehaus_Kaien.jpg'}];2026-07-10T08:31:40+02:00
5de0b4d3-35ea-4795-bc65-bd80404c553d;Ferienwohnung Dorf 5 - Alpsteinpanorama;Übernachten mit Blick über die Hügel des Appenzellerlands bis zum Säntis. Ein wunderbarer Ort für die Einkehr.;Hier übernachten, mit einzigartigem Blick übers Appenzellerland bis zum Säntis, ist zu allen Jahreszeiten ein Erlebnis.
Im stilvoll renovierten, denkmalgeschützten Haus am historischen Dorfplatz von Rehetobel wird alte Bausubstanz mit Modernität verbunden. 

Das fünfstöckige, stattliche Haus hat in seinen 230 Jahren mehreren Zwecken gedient. Wo jetzt ein hübsches Beizli, das «Gasthaus Dorf5» mit wunderschönem Garten zum Verweilen einlädt, war früher das Postbüro. In den oberen Stockwerken, die als Telegrafenamt und Geschäftsräume dienten, befinden sich heute drei exklusive Wohnungen mit hohem Ausbaustandard. 
Die Wohnung "Alpsteinpanorama" hält was der Name verspricht: Die Aussicht aus der Vogelperspektive ist einzigartig. Hier gibt es auf zwei Stockwerken mit 150 m2 Wohnfläche viele schöne Orte zum Verweilen. Der sonnige Westbalkon auf dem Zwischengeschoss öffnet den Blick auf zwei Seiten.
Das 45 m² grosse Wohnzimmer mit zentralem Cheminée ist mit der modernen, gut ausgestatteten Küche mit Kochinsel und Bar durch Schiebetüren verbunden.
Im oberen Stockwerk gibt es zwei reizvolle Schlafzimmer, wobei das kleinere auch als gemütliches Fernsehzimmer mit toller Aussicht genutzt werden kann.
Weitere Schlafmöglichkeit liegen direkt unter dem Dachgiebel und in den
beiden Dachnischen (siehe Fotos).
Die gut isolierte aber natürliche Bausubstanz und die grosszügige Ausstattung sind technisch und ästhetisch auf hohem Niveau. Moderne Kommunikation und ein eingebauter Projektionsbeamer im Wohnzimmer gehören zur perfekten Ausstattung. Daher wird dieser besondere Ort auch für die Durchführung von kleineren Seminaren und Retraiten gerne genutzt.
Von der zentralen Lage im Appenzeller Vorderland aus lassen sich das Alpsteingebiet, die nahegelegene Bodenseeregion und die äusserst sehenswerte Stadt St. Gallen ideal erkunden.

Die Wohnung bietet für zwei bis sechs (acht) Personen viel Platz - und sollten Sie einmal keine Lust zum Kochen haben, lassen Sie sich im gemütlichen Beizli "Dorf5" verwöhnen.

Mindestaufenthalt: 1 Nacht (ab CHF 211)
Preis für 1 Woche: ab CHF 1'500;9.4834302;47.4262522;Dorf 5;9038;Rehetobel;+41 79 475 91 83;https://www.dorf5.ch/;[{'@type': 'ImageObject', 'contentUrl': 'https://alarpimtsoch.sos-ch-dk-2.exoscale-cdn.com/catalog/a/f/2/d/af2dbea1ae3c777bc4f373c2f2d5b105cbab374c_ferienwohnung_dorf5_rehetobel.jpg'}];2026-08-07T15:29:01+02:00
658cdd14-a690-49c9-af3b-fb7de9e01d40;1001 Sterne Hotel;Suchst Du nach Perlen, die Du auf Deine Lebenskette auffädeln kannst? Dann erlebe eine Nacht unter freiem Sternenhimmel auf einem abgelegenen Hügel inmitten der Natur bei uns auf dem TierErlebnisHof!;Du suchst nach einem Bett für eine Nacht unter freiem Sternenhimmel? Wolltest Du schon immer mal 1001 Sterne vor dem Einschlafen zählen? Frühstück mit Blick auf den Säntis geniessen? Oder etwas Exklusives erleben? Dann bist Du in unserem 1001 Sterne-Hotel genau richtig!

Wir haben dem Aebi (Einachser) unseres Urgrossvaters eine neue Aufgabe gegeben. In den letzten Monaten haben wir auf seine Ladebrücke ein Doppelbett, Stühle und eine Kommode gebaut. So können wir Dein Hotelzimmer an den von Dir gewünschten Ort fahren. Das grosse Doppelbett und die kuschlige Decke sorgen für den nötigen Komfort, falls Du zwischen dem Bestaunen des Nachthimmels und des Alpen-Panoramas trotzdem noch ein Auge zutun möchtest. Am Morgen servieren wir Dir/Euch gerne ein leckeres Frühstück (mit hofgemachten Zutaten) ans Bett.

Ob für eine Mädelsnacht, eine romantische Nacht mit Deinem Schatz oder aus Faszination am Nachthimmel – eine unvergessliche 1001 Sterne-Nacht ist so gut wie garantiert!;9.277664422988893;47.33567424589583;Windegg 930;9107;Urnäsch;+41 78 827 44 33;monikaegli@tiererlebnishof.ch;https://tiererlebnishof.ch;[{'@type': 'ImageObject', 'contentUrl': 'https://alarpimtsoch.sos-ch-dk-2.exoscale-cdn.com/catalog/6/1/1/2/611227b2873ed44f597334f581e2ea56e7d519d3_4.jpg'}];2026-06-10T10:54:37+02:00
67aeb3c9-22d6-40df-bc16-ae355bd2329b;GöttiFritz House&Breakfast;Dieses 200jährige Appenzellerhaus thront hoch über Herisau und bietet einen gigantischen Rundumblick von Bodensee bis in den Alpstein.;<p>Das Ferienhaus "G&ouml;ttiFritz" wird seit 2022 von der InteriorDesignerin Karin Sieber gekonnt und mit viel Liebe zum Detail umgestaltet. Jede einzelne der drei grossen Suiten "Fritzli, Grittli &amp; R&ouml;&ouml;sli" haben ihren ganz eigenen Flair-Charakter, Historie und ihre eigene Stimmung. Ausgestattet mit einem Doppelbett, Arbeitsbereich, zus&auml;tzlicher Schlafcouch und eigenen B&auml;dern. Im Erdgeschoss befindet sich das dritte Schlafzimmer mit Bad (barrierefrei), die K&uuml;che, Wohn- und Essbereich, Garderobe sowie eine zus&auml;tzliche G&auml;stetoilette. Es sind die vielen, liebevoll durchdachten Kleinigkeiten, die aus einem Aufenthalt im &bdquo;G&ouml;ttiFritz&ldquo; Guesthouse&amp;HomeStyling im Appenzellerland ein echtes Erholungserlebnis machen. - pers&ouml;nliche Begr&uuml;ssung und Schl&uuml;ssel&uuml;bergabe - inkl. Fr&uuml;hst&uuml;ck zur Selbstbedienung - im Sommer edle k&uuml;hlende Leinenbettw&auml;sche - im Winter kuscheligwarme Flanellbettw&auml;sche - Gartenbereich mit Bistrotisch/Outdoorlounge/H&auml;ngesessel/Grill - auf Wunsch Koch, Butler- und Shuttle Service - inkl. Kur- und Beherbergungstaxen.<br>Mindestaufenthalt: 1 Nacht&nbsp;</p>;9.28997039794922;47.38417163083634;Höhenweg 457;9100;Herisau;0765317994;karin@goettifritz.ch;https://göttifritz.ch;[{'@type': 'ImageObject', 'contentUrl': 'https://alarpimtsoch.sos-ch-dk-2.exoscale-cdn.com/catalog/c/0/c/7/c0c7ac89a8503a6851e93ee405deb712bf378df0_goettifritz_house_and_breakfast_hauptbild_herisau__2.jpg'}];2026-08-07T15:45:40+02:00
6c64002c-6e0b-4240-a0c0-281fca5079c8;Hotel Heiden;Ankommen, ausatmen und die Weitsicht geniessen.;<p>Das Hotel Heiden begeistert mit einer atemberaubenden Aussicht auf den Bodensee. 2022 wurde das Haus renoviert und l&auml;dt mit einem harmonischen Mix aus Tradition und Moderne zum Entspannen ein. Die 58 Zimmer, teilweise mit Balkon und Seesicht sind mit Boxspringbetten und barrierefreien Regenduschen ausgestattet. Im hauseigenen Restaurant Acht werden die G&auml;ste kulinarisch verw&ouml;hnt. Bei der Zusammenstellung der Gerichte legt das K&uuml;chenteam grossen Wert auf Regionalit&auml;t und Saisonalit&auml;t der einzelnen Komponenten. Zum Entschleunigen l&auml;dt die 1000 m2 grosse Wellness-Landschaft mit Panorama-Schwimmbad und -Whirlpool sowie vielseitigem Sauna-Bereich. Die lichtdurchfluteten Seminarr&auml;ume mit Seesicht bieten das ideale Ambiente f&uuml;r erfolgreiche Tagungen und Events.</p><h4>Hier gilt die&nbsp;<a href="https://www.appenzell.ch/de/unterkunft/appenzeller-ferienkarte.html">Appenzeller Ferienkarte</a></h4>;9.533705;47.445726;Seeallee 8;9410;Heiden;+41 71 898 15 15;info@hotelheiden.ch;http://www.hotelheiden.ch/;[{'@type': 'ImageObject', 'contentUrl': 'https://alarpimtsoch.sos-ch-dk-2.exoscale-cdn.com/catalog/c/7/c/6/c7c685662d613f1170c4f8447a792210649e8aac_heiden_hotel_heiden.jpg'}];2026-09-04T12:13:13+02:00
76b57f7a-bfb4-48c1-b654-ade818c25452;Ferienwohnung Schwantlernegg;Gemütliche und charmante 3.5-Zimmer-Wohnung am malerischen Dorfrand von Gais.;<p>Zentral gelegen und nur etwa 5 Gehminuten vom Bahnhof entfernt. Ruhig und ohne Durchgangsverkehr, mit atemberaubendem Blick auf den Alpstein und den S&auml;ntis. Wir sind eine kleine Familie, die ihre eigene Einliegerwohnung f&uuml;r Ferieng&auml;ste vermietet. Gais, auf rund 950 m.&uuml;.M., ist ein Paradies f&uuml;r Wanderfreunde und sanften Tourismus. Egal ob zu Fuss oder mit dem Fahrrad, die Region bietet unz&auml;hlige M&ouml;glichkeiten, die wundersch&ouml;ne Natur zu entdecken. Die lokale Gastronomie verw&ouml;hnt Sie mit einer breiten Palette von gutb&uuml;rgerlicher K&uuml;che bis hin zu Gourmet-Restaurants. <br>Mindestaufenthalt: 3 N&auml;chte</p><h4>Hier gilt die&nbsp;<a href="https://www.appenzell.ch/de/unterkunft/appenzeller-ferienkarte.html">Appenzeller Ferienkarte</a></h4>;9.4592104;47.3663767;Schwantlernegg 26;9056;Gais;+41 79 628 16 85;fam.schefer@bluewin.ch;[{'@type': 'ImageObject', 'contentUrl': 'https://alarpimtsoch.sos-ch-dk-2.exoscale-cdn.com/catalog/9/0/0/b/900b13418c95a9738773ee5430646c2ec92615ca_IMG_2487.jpeg'}];2026-09-03T13:11:47+02:00
76f90407-2d46-40f7-9e11-06eedead7ed0;Gästezimmer im «Anna Zürcher Haus»;Helle, heimelige und grosszügige Gästezimmer in renoviertem, denkmalgeschütztem Bauernhaus im Dorfzentrum von Gais.;<p>Diverse Einkaufsm&ouml;glichkeiten in Gehdistanz. Zu Fuss zum Bahnhof Gais in nur 10 Minuten.</p><p>Die G&auml;stezimmer verf&uuml;gen &uuml;ber ein privates Badezimmer (Dusche/Toilette). Eine voll ausgestattete K&uuml;che sowie Waschmaschine/Tumbler d&uuml;rfen mitbenutzt werden.</p><p>Wander- und Spazierwege sowie Bikerouten starten direkt vor dem Haus. Die Langlaufloipe liegt in 10 Minuten Fussdistanz (N&auml;he Bahnhof Gais). Mehrere Kinderspielpl&auml;tze sowie eine Badi (inkl. Parkpl&auml;tze) liegen in der N&auml;he.</p><div class="ce_text block"><p><strong>Infrastruktur</strong></p><ul><li>K&uuml;che mit Geschirrsp&uuml;ler, K&uuml;hlschrank, Backofen und Steamer</li><li>Wohnzimmer</li><li>Essraum</li><li>Dusche und WC</li><li>Waschmaschine und Tumbler</li><li>Zwei Schlafzimmer mit zwei Doppelbetten (es k&ouml;nnen zus&auml;tzliche Betten aufgestellt werden)</li><li>WLAN</li><li>Gartensitzplatz</li><li>Bett-, K&uuml;chen- und Frotteew&auml;sche vorhanden</li></ul></div><p><strong>Kosten</strong></p><ul><li class="MsoNormal">Doppelzimmer in Einzelbenutzung (1 Person) pro Nacht: CHF 80.-</li><li class="MsoNormal">Doppelzimmer (2 Personen) pro Nacht: CHF 130.-</li><li>Kurtaxen und Endreinigung inbegriffen</li></ul><p><strong>Hinweise</strong></p><ul><li>Haustiere nicht erlaubt</li><li>Mindestaufenthalt zwei N&auml;chte</li><li>keine Parkpl&auml;tze vor dem Haus vorhanden, &ouml;ffentliche Parkpl&auml;tze in 3 Minuten Gehdistanz</li></ul><h4>Hier gilt die&nbsp;<a href="https://www.appenzell.ch/de/unterkunft/appenzeller-ferienkarte.html">Appenzeller Ferienkarte</a></h4>;9.4569275;47.3638146;Schwantlern 23;9056;Gais;+41 79 207 77 06;chantal_loepfe@gmx.ch;[{'@type': 'ImageObject', 'contentUrl': 'https://alarpimtsoch.sos-ch-dk-2.exoscale-cdn.com/catalog/8/7/0/2/870221373d14ab3f056eed0920812a5b459d2c43_7.jpg'}];2026-09-03T14:04:34+02:00
7a165f8c-5f4b-44d1-bf93-630a5393e54f;Ferienhaus Fromsenrüti;Sorgfältig renoviertes, typisches Appenzellerhaus, alleinstehend auf 927 Meter über Meer mit einer tollen Aussicht auf die Bucht von Bregenz und die Berge.;Zwei Schlafzimmer, Appenzeller Stube und Essküche sind liebevoll möbliert. Herzlich willkommen und geniessen Sie unbeschwerte Tage im Appenzeller Vorderland. 

Preis pro Woche:
CHF 1100.00, inklusive Wäsche und Endreinigung;9.579260000000001;47.4436726;9428;Walzenhausen;+41 33 823 35 61;maret.hess@bluewin.ch;http://xn--fromsenrti-heb.ch/;[{'@type': 'ImageObject', 'contentUrl': 'https://alarpimtsoch.sos-ch-dk-2.exoscale-cdn.com/catalog/0/c/0/3/0c03a5c65c2a6c826c7e41e3d0f243447c6503fd_DJI_0337__2.JPG'}];2026-08-07T15:45:40+02:00
7c25a025-3926-4ab3-a88c-487994e36a04;Ferienhaus Hörli;Schönes Ferienhaus für bis zu 8 Personen in ruhigster Natur hoch über dem Neckertal. Fantastische Sonnenuntergänge und Sauna inklusive.;Das "Hörli" ist bereits anno 1655 erbaut worden und wurde damals noch als bescheidener Ziegenstall genutzt. Seit dieser Zeit hat sich einiges getan und die Liegenschaft ist gewachsen und, bis auf die ortstypische Raumhöhe von teils weniger als 2 Metern, modern geworden. 

Nach einer kompletten Renovation im Jahr 2014 bietet das Haus alle Annehmlichkeiten, die den Urlaub abseits von Hektik und Alltagsstress zu einem einzigartigen Erlebnis machen.

Nach dem Winterspaziergang zum Hochhamm oder beim Skifahren mit den Kindern am Skilift Hörnli (welcher sich in Gehdistanz befindet) können Sie sich in der Sauna aufwärmen. Eine moderne Küche ermöglicht anschliessend einen gemütlichen Fondue-Abend in der warmen Stube, aber auch für anspruchsvollere Menüs ist die Ausstattung vorhanden.

Im Sommer lädt der Garten zum Sonnen ein. Autos und Fussgänger lassen sich während dem Tag an einer Hand abzählen. Auch aktive Tage auf dem Bike oder bei einer Wanderung im Appenzellerland können mit Grillieren an der Feuerschale und einem einmaligen Sonnenuntergang abgeschlossen werden.;9.210990071296694;47.30885959988185;Schwandstrasse 24;9633;Bächli (Hemberg);+41794341310;kevin.signer@hotmail.ch;https://www.hoerli.ch;[{'@type': 'ImageObject', 'contentUrl': 'https://alarpimtsoch.sos-ch-dk-2.exoscale-cdn.com/catalog/9/4/9/7/94976a19e3d957b510a47dad2a1aa62fe87d2802_FerienhausH__rli.jpg', 'caption': {'de': 'Ferienhaus Hörli'}}];2026-08-07T15:45:40+02:00
7c6ed12e-e64d-4999-a47b-12b9de8506ad;Gemütliches Ferienhaus im Appenzellerland;Das Ferienhaus Niederberger ist eingebettet ins Appenzeller Mittelland mit herrlichem Blick auf das Dorf  Teufen und den Säntis.;<p>Dieses Haus eignet sich bestens für Familienferien oder kleinere Gruppen. Insgesamt stehen 6 Schlafzimmer für max. 14 Personen zur Verfügung. Der riesige Umschwung gibt Kindern genügend Platz zum Austoben. Im nahen Wald können Hütten gebaut werden und vieles mehr... Ein Teil des Hauses ist komplett neu umgebaut. Die Wohnküche, das Wohnzimmer mit Specksteinofen und das Badezimmer ist neuwertig. Im Dachgeschoss befinden sich noch Schlafzimmer, welche eher einfach eingerichtet sind, jedoch auch ihren Charme haben. Die Lage des Hauses ist optimal, da in wenigen Minuten die Stadt St. Gallen oder Appenzell erreicht werden kann sowohl auch diverse Ausflüge in die Berge nahe gelegen sind.<br>Mindestaufenthalt: 1 Woche</p>;9.413660400000001;47.4018678;Tobel 979;9053;Teufen;+41 71 988 45 89;thurimmobilien@bluewin.ch;[{'@type': 'ImageObject', 'contentUrl': 'https://alarpimtsoch.sos-ch-dk-2.exoscale-cdn.com/catalog/c/6/8/b/c68b07233cd716adbdef9ed6cd9c39728562958f_FeWo_Niederberger.jpg'}];2026-08-07T15:45:40+02:00
85e847ff-0c59-44b1-b040-5c20f44b9bee;Ferienwohnung Allegra Appenzell;Kleine, edle Ferienwohnung in Trogen.;<p>Die frischrenovierte Ferienwohnung ist bereit, um Sie herzlich willkommen zu heissen.&nbsp; Trogen ist ein herrlicher, historischer Ort, welcher viele M&ouml;glichkeiten bietet: Bodensee in n&auml;chster N&auml;he, Alpsteingebiet in gleicher N&auml;he. Um Trogen gibt es herrliche Wanderungen mit traumhafter Aussicht &uuml;ber den ganzen Alpenraum: Hohe Buche, G&auml;bris.&nbsp; Die Wohnung ist ideal f&uuml;r 2 Personen, sie bietet aber auch Platz f&uuml;r maximal 4 Personen. Im Wohnzimmer stehen zwei Bettsofas f&uuml;r welche es separate Matratzen gibt.&nbsp;Im Wohnzimmer befindet sich ein Fernseher mit integriertem Radio ab Swisscom Box. Ebenso k&ouml;nnen Sie Netflix gratis benutzen. WLAN ist ebenfalls kostenlos vorhanden. In der abgeschlossenen Garage k&ouml;nnen Sie ihr Auto parkieren.&nbsp;Die Gastgeber freuen sich auf Sie.<br>Mindestaufenthalt: 5 N&auml;chte</p><h4>Hier gilt die&nbsp;<a href="https://www.appenzell.ch/de/unterkunft/appenzeller-ferienkarte.html">Appenzeller Ferienkarte</a></h4>;9.4650334;47.4080647;Hinterdorf 20;9043;Trogen;+41 79 237 63 63;maria.schmid-gadient@bluewin.ch;https://ferien-trogen.ch/;[{'@type': 'ImageObject', 'contentUrl': 'https://alarpimtsoch.sos-ch-dk-2.exoscale-cdn.com/catalog/8/5/3/7/8537c5bcccc3edd7c00e80cedf11054caa19cb5e_trogen_allegra_aussenansicht1.jpg'}];2026-09-03T13:09:43+02:00
8a76d9ab-aff4-4ef2-af67-d9401f655134;Gasthaus und Metzgerei Ochsen, Schwellbrunn;Bei uns dreht sich alles ums Essen und Geniessen. Kommen Sie vorbei und überzeugen Sie sich.;Wir sind ein Familienbetrieb mit 15 Mitarbeiterinnen und Mitarbeitern, unter der Leitung von Peter und Annelies Sturzenegger-Frick, in dritter Generation. Seit 80 Jahren betreibt unsere Familie das Metzger-Handwerk mit viel Freude. Unser Geschäft setzt sich zusammen aus drei Fleischfachgeschäften - Schwellbrunn, Waldstatt und Mörschwil - sowie unserem Gasthaus Ochsen in Schwellbrunn.
Unser Gasthaus mit Restaurant und angrenzendem Sääli bietet für ca. 65 Personen Platz. In unserem Restaurant pflegen wir eine neuzeitliche Frischmarktküche mit regionalen Qualitäts- und Markenprodukten. Dank der hauseigenen Metzgerei kennen wir die Herkunft unserer Fleischprodukte genau. Weit herum sind wir bekannt für unsere Spezialitäten. Lassen Sie sich überraschen von den kreativen Kochkünsten unserer Küchencrew.;9.248942999999999;47.3512031;Egg 59;9103;Schwellbrunn;+41 71 351 32 32;info@sturzenegger-metzgerei.ch;https://www.sturzenegger-metzgerei.ch/;[{'@type': 'ImageObject', 'contentUrl': 'https://alarpimtsoch.sos-ch-dk-2.exoscale-cdn.com/catalog/9/0/f/e/90fe6e898d9846b28d945bbf45bae83cfbe47bd4_Ochsen_Schwellbrunn.jpg'}];2026-08-25T02:41:33+02:00
8b785014-c6d1-4cd8-b22a-a4a5de164bff;Hotel Krone Wolfhalden;Ein kulinarisches Juwel im Appenzeller Vorderland;<div>Das Restaurant Krone in Wolfhalden ist ein wahrer Geheimtipp f&uuml;r Feinschmecker und Liebhaber der traditionellen Schweizer K&uuml;che. Eingebettet in die malerische Landschaft des Appenzellerlands bietet dieses charmante Lokal nicht nur kulinarische Gen&uuml;sse, sondern auch einen atemberaubenden Blick auf die umliegenden Berge, T&auml;ler und den Bodensee.</div><div>&nbsp;</div><div>Die gem&uuml;tliche Atmosph&auml;re im Restaurant Krone l&auml;dt zum Verweilen und Geniessen ein. Der rustikale Charme der Einrichtung, kombiniert mit der herzlichen Gastfreundschaft des Personals, sorgt daf&uuml;r, dass sich jeder Gast sofort wohlf&uuml;hlt. An warmen Sommertagen bietet die Terrasse einen perfekten Ort, um die frische Luft und die herrliche Aussicht zu geniessen. Im Winter hingegen sorgt ein knisterndes Kaminfeuer f&uuml;r eine behagliche Stimmung im Inneren des Lokals.</div><div>&nbsp;</div><h4>Hier gilt die <a href="https://www.appenzell.ch/de/unterkunft/appenzeller-ferienkarte.html">Appenzeller Ferienkarte</a></h4><div>&nbsp;</div>;9.5517695;47.4531565;Kronenstrasse 63;9427 ;Wolfhalden;+41 71 544 07 53;info@hotelkronewolfhalden.ch;https://hotelkronewolfhalden.ch/;[{'@type': 'ImageObject', 'contentUrl': 'https://alarpimtsoch.sos-ch-dk-2.exoscale-cdn.com/catalog/d/c/4/0/dc40127bfc57d546af7f4af36612e9882547cc50_Krone_daussen_1.jpg'}];2026-09-03T14:08:02+02:00
925829bf-ba9e-41e7-951e-f889df35363f;Backpacker Bären;Wo Berge grüßen und der Dorfplatz lebt – Backpacker Bären: ein Ort für echte Begegnungen, Abenteuer und unvergessliche Momente.;<p>Mitten im malerischen Dorf Urnäsch, direkt am Dorfplatz, erwartet dich der Backpacker Bären. Ein echtes Appenzellerhaus mit ganz viel Charme und Herz. Du findest hier verschiedene, liebevoll eingerichtete Zimmer, Einzel- Doppel- und Mehrbettzimmer. In der voll ausgestatteten Gemeinschaftsküche wird gekocht, im grossen Wohnzimmer gelacht, gespielt und erzählt. Restaurants, ein Supermarkt, eine Bäckerei, Metzgerei und eine Gelateria. sind nur wenige Schritte entfernt. Auch der Bahnhof und die Touristeninformation befinden sich ganz in der Nähe. Im Backpacker Bären zählt Vertrauen, Selbstständigkeit und Wertschätzung. Jeder soll sich frei entfalten können, egal ob du nur für eine Nacht bleibst oder länger verweilst. Triff Menschen aus aller Welt, teile Geschichten oder geniesse einfach die entspannte und unkomplizierte Atmosphäre. Komm wie du bist – und fühl dich ganz wie zu Hause. </p><p></p><p>Mindestaufenthalt: 1 Nacht</p><p></p>;9.2821768;47.3169915;Dorfplatz 16;9107;Urnäsch;079 317 24 89;contact@backpacker-baeren.ch;https://backpacker-baeren.ch/;[{'@type': 'ImageObject', 'contentUrl': 'https://alarpimtsoch.sos-ch-dk-2.exoscale-cdn.com/catalog/8/9/a/1/89a13f11193a4e99ed8467f03b7492890667af21_Front.jpg'}];2026-09-03T02:44:51+02:00
93b43142-a5c7-4cfc-85d9-03e08ca55ef6;Sonnenberg Health Hotel;Erholung mit Weitblick im Health Hotel Sonnenberg in Schwellbrunn.
Stilvolle Zimmer mit Balkon und Aussicht auf den Säntis.
Perfekt für Erholung, Retreats & Seminare – Seminar- und Yogaraum mietbar.;<p>Health Hotel Sonnenberg &ndash; Erholung mit Aussicht in Schwellbrunn (AR)</p><p>Im Health Hotel Sonnenberg erleben G&auml;ste ganzheitliche Erholung &uuml;ber den D&auml;chern des Appenzellerlands. Die stilvoll eingerichteten Zimmer verf&uuml;gen &uuml;ber private Balkone mit atemberaubendem Blick auf den S&auml;ntis oder hinab ins weite Tal von Schwellbrunn. Die hauseigene K&uuml;che begeistert mit kreativen, veganen und glutenfreien Spezialit&auml;ten, zubereitet aus regionalen und biologischen Zutaten. F&uuml;r Seminare, Workshops, Retreats oder Yoga-Auszeiten stehen zudem ein Seminarraum sowie ein Yogaraum zur Miete bereit &ndash; ideal f&uuml;r inspirierende Veranstaltungen in ruhiger Umgebung. Ein Ort zum Durchatmen, Geniessen und neue Energie tanken &ndash; mitten in der Natur und der wohltuenden Ruhe des Appenzellerlands.</p><p>Zimmerpreise:</p><ul><li>&bull; Einzelzimmer CHF 170.&ndash;</li><li>&bull; Eckzimmer CHF 190.&ndash;</li><li>&bull; Doppelzimmer CHF 250.&ndash;</li><li>&bull; Eckzimmer CHF 270.&ndash;</li></ul>;9.249577;47.3529307;Sonnenberg 16;9103;Schwellbrunn;+41 71 353 36 00;reservation@sonnenberg-schwellbrunn.ch;https://sonnenberg-schwellbrunn.ch;[{'@type': 'ImageObject', 'contentUrl': 'https://alarpimtsoch.sos-ch-dk-2.exoscale-cdn.com/catalog/3/b/1/7/3b1729e4290bef946b920a804e61f62f6edd90fe_BioMed_Center_Sonnenberg.jpeg'}];2026-06-10T10:54:41+02:00
95509edc-7f0e-438a-ad03-5c63e40916b1;Ferienwohnung & BnB Hälmli;Moderne, heimelige und komfortable Unterkunft mit Ferienwohnungen und einem Gästezimmer inkl. Frühstück. In Heiden gelegen über dem Bodensee.;Als Ferienwohnung stehen sowohl 2-, 3- oder 4 Zimmer zur Verfügung für bis maximal 6 Personen. Neuerdings gibt es die Möglichkeit, auch ein Gästezimmer (Doppelzimmer) inklusive Frühstück zu buchen.

Ideal für Familien, Senioren oder Geschäftsleute. Am Dorfrand liegend, erreichen Sie über die Wendeltreppe hinunter ins Untergeschoss die Ferienwohnung mit separatem Wohnungseingang. Ein geräumiges Entré mit Garderobe empfängt Sie. Die moderne, offene Küche mit Geschirrspüler liegt zusammen mit dem Wohnzimmer, von dem aus über eine leicht zu öffnende Schiebetüre der grosse Balkon begangen wird. Die Nasszelle besteht aus einer Dusche, WC und Lavabo. Drei Schlafzimmer stehen wahlweise zur Verfügung: Ein Elternschlafzimmer mit zwei Matratzen 90cm Breite, ein Schlafzimmer mit einem französischen Bett, 160cm Breite mit integrierter Nasszelle (WC, Lavabo und Dusche) und einem kleinen Kinderzimmer mit Etagenbett, 2x190 x 80cm Matratzen. Ein Geschoss tiefer liegt die Spiel- Liegewies. Es besteht auch die Möglichkeit Waschmaschine und Tumbler zu benutzen.
Der Internetzugang ist kostenlos.
Das nahegelegene Mineral-Heilbad Unterrechstein ist in 15 - 20 Gehminuten erreichbar.

Ferienwohnung „Hälmli“ für max. 4 Erwachsene und 2 Kinder:
Preis für 2 Erwachsene Fr. 120.-/Nacht; für 3 Erwachsene Fr. 160.-/Nacht; für 4 Erwachsene 190.-/Nacht.
Minimum 4 Nächte buchbar, Saisonzeiten min. 5 Nächte, 
jeweils plus Endreinigung Fr. 120.- und Kurtaxe Fr.2.20/P/Nacht, 
Kinder auf Anfrage.

B & B Studio für 2 Personen:
Preis ohne Morgenesse für 2 Personen Fr. 110.-/Nacht, Saison Fr. 120.-.
Morgenessen Fr. 9.-/Person.
Nur ab 2 Nächte buchbar.;9.529355800000001;47.4387917;Schützengasse 29;9410;Heiden;+41 71 891 26 63;fam.eugster@sunrise.ch;https://ferienwohnung-haelmli.jimdo.com/;[{'@type': 'ImageObject', 'contentUrl': 'https://alarpimtsoch.sos-ch-dk-2.exoscale-cdn.com/catalog/7/b/d/6/7bd6926049a244758067ea35e3ae1b6e65a1b944_f5986b7920387a19d4cda6c7abc477db_767x0.jpg'}];2026-09-03T02:45:03+02:00
9c0ad259-a595-4d5d-a8d1-d334d367946a;Ferienhaus Lachenweg;Das wahre Paradies auf 1000m.ü.M. mit fantastischer Sicht auf den Bodensee. ;<p>Das gem&uuml;tliche Ferienhaus liegt im Gr&uuml;nen und bietet Ruhe und Erholung. Das Appenzeller Heilbad befindet sich ganz in der N&auml;he.&nbsp;Grub, Heiden und Rehetobel sind in ca. 10 Autominuten erreichbar. Das Haus bietet Platz f&uuml;r 1-5 Personen (127m2)</p><ul><li>EG: Wohnzimmer mit TV, K&uuml;che, 1 Schlafzimmer mit Doppelbett, Dusche, WC</li><li>OG: 1 Schlafzimmer mit Doppelbett und 2 Einzelbetten, 1 Einzelzimmer</li><li>UG: Waschraum mit Gefrierschrank und Waschmaschine</li></ul><p>Umgebung: Gartensitzplatz mit Grill, Tisch und Liegest&uuml;hlen&nbsp;<br>Zufahrt mit Auto und 2 Parkpl&auml;tze vorhanden</p><p>Termine: Wochenweise Sa-Sa w&auml;hrend Schulferien, andere auf Anfrage. Mind. 5 Tage, Anreise w&auml;hlbar.</p><p>Preise:</p><ul><li>Pro Woche f&uuml;r 2 Personen ab Fr. 770.- (exkl. Reinigung und Kurtaxe)</li><li>Jugendliche ab 16 Jahren und Erwachsene Fr. 15.- / Nacht</li><li>Kinder bis 16 Jahren Fr. 5.- / Nacht</li><li>Endreinigung Fr. 80.-</li><li>Kurtaxe Fr. 2.50 pro Person und Tag</li></ul><p>Ausstattung: K&uuml;che: 1 Esstisch, Glaskeramik, K&uuml;hlschrank, Geschirrsp&uuml;ler, Nespresso Kaffeemaschine</p><p>Diverses: Nebenkosten, Bettw&auml;sche, Badt&uuml;cher, K&uuml;chent&uuml;cher und TV/ WLAN sind inbegriffen.<br>Nichtraucherhaus. Haustiere sind nicht erlaubt</p><ul><li class="MsoNormal">Hinweis f&uuml;r SBB Zielort: Der Zielort muss auf "Rehetobel Lachenweg 266" ge&auml;ndert werden.</li><li class="MsoNormal">Haltestelle Kaien: Der Fussweg ist k&uuml;rzer und weniger H&ouml;henmeter.&nbsp;</li></ul><p>Es gilt die&nbsp;<a href="https://www.appenzell.ch/de/unterkunft/appenzeller-ferienkarte.html" target="_blank" rel="noopener">Appenzeller Ferienkarte</a></p>;9.5151257;47.4355183;Ferienhaus Lachenweg 266;9035;Grub AR;078 638 91 33;hemo13@bluewin.ch;[{'@type': 'ImageObject', 'contentUrl': 'https://alarpimtsoch.sos-ch-dk-2.exoscale-cdn.com/catalog/4/a/2/b/4a2bcab94bad7a3d6f134ae8a348386154a876e3_Titelbild_Hausfront_3975.JPG'}];2026-09-03T02:43:43+02:00
9c30ec60-e227-4219-bce7-66ca6d7eb065;Ferienhaus Rossfall;Idyllisch gelegenes Ferienhaus mit eigenem Wald und schönem Ausblick oberhalb von Urnäsch.;<p>Mitten in der Natur, am Fusse des Alpsteins, oberhalb von Urnäsch, liegt unser historisches Ferienhaus. Trotz der ruhigen Lage ist es über die 200m entfernte Passstrasse zur Schwägalp gut erreichbar. Die vielseitigen Möglichkeiten und das breite Angebot an attraktiven Ausflugszielen in nächster Umgebung machen das Ferienhaus Rossfall zur aussergewöhnlichen Location für Ihren Event. Die schöne und gemütliche Unterkunft kann 57 Personen in 11 verschiedenen Zimmern beherbergen. Das Ferienhaus kann als Halbpension oder Vollpension gebucht werden. Die Küche wird ausschliesslich von unserer Hüttenwartin genutzt. </p><p></p>;9.276449900000001;47.281083200000005;Rossfall 421;9107;Urnäsch;+41 79 914 87 43;info@ferienhaus-rossfall.ch;http://www.ferienhaus-rossfall.ch/;[{'@type': 'ImageObject', 'contentUrl': 'https://alarpimtsoch.sos-ch-dk-2.exoscale-cdn.com/catalog/f/a/a/a/faaad843029babe9cec79b200b5bd61290e5daa9_Ferienhaus_Rossfall1.jpg'}];2026-09-03T02:43:42+02:00
9e56525d-097c-45be-8254-7d7aeaa4dff4;flueli holiday home, Urnäsch;Freistehendes Ferienhaus an sonniger und zentraler Lage, grosszügiger Gartensitzplatz mit schönem Bick auf den Alpstein.;<p>Lust, einmal dem Stadt-Alltag zu entgehen, oder das Gewohnte hinter sich zu lassen? Oder das Homeoffice mit traumhafter Sicht auf die Berge und sanftem Bachrauschen im Hintergrund, zu verlegen? Freude am Wandern, Golfen, Biken oder Langlaufen? <br><br>Ein freundliches Appenzeller Haus im traditionsreichen und attraktiven Urn&auml;scher Dorfkern freut sich auf Ihren Besuch. <br>Das Haus an S&uuml;dhanglage ist freistehend, 2-st&ouml;ckig, ca. 100 Jahre alt und wurde 2021/22 leicht renoviert mit durchgehend neuen Bio Vinyl B&ouml;den, Parkett im Wohnzimmer und mehrheitlich neuen Fenstern und hell gestalteten Zimmern. Im Wohn- und Schlafbereich im 1.OG ist die Zimmerh&ouml;he 2m, im Schlafbereich 2.OG 1.90 m.<br>Zwei freistehende Parkpl&auml;tze stehen zur alleinigen Ben&uuml;tzung zur Verf&uuml;gung.&nbsp;<br><br>Neben den vier Zimmern hat es eine K&uuml;che mit folgenden Ger&auml;ten:</p><ul><li>Drei Herdplatten und Backofen</li><li>Nespresso Kaffeemaschine,&nbsp;Wasserkocher</li><li>Haushaltmaschine</li><li>Toaster</li><li>Raclette Ofen, K&auml;se- und Chinoise Ger&auml;te</li><li>K&uuml;hlschrank, Geschirrsp&uuml;ler und &uuml;bliche K&uuml;chenutensilien</li></ul><p>Das Bad beinhaltet Badewanne, separate Dusche, Lavabo, Handtuchw&auml;rmer, F&ouml;n und Frott&eacute;ew&auml;sche. Das WC ist separat. Das Haus kann mit einem &ouml;lbefeuerten Kachelofen und individuellen Elektro-Heizk&ouml;rpern beheizt werden.</p><p>Mindestaufenthalt: 4 N&auml;chte</p><h4>Hier gilt die&nbsp;<a href="https://www.appenzell.ch/de/unterkunft/appenzeller-ferienkarte.html">Appenzeller Ferienkarte</a></h4>;9.281473175345198;47.317683117492;Oberdorf 12;9107;Urnäsch;+41 79 341 97 10;marlis.cortesi@bluewin.ch;https://www.flueli-urnaesch.ch;[{'@type': 'ImageObject', 'contentUrl': 'https://alarpimtsoch.sos-ch-dk-2.exoscale-cdn.com/catalog/e/2/8/f/e28f8ccb766c62ce7fb30b1f14f74c7f570bdedf_Hausansicht_von_west_20260523_neu__2.jpg'}];2026-09-03T14:40:51+02:00
a0009abd-7e54-40a4-a8e6-6361e2e7c66c;Schäfli Waldstatt;Das 2018 neu erstellte Gasthaus Schäfli, befindet sich mitten im Dorfkern von Waldstatt, 100 m ab Bahnhof.;<p>Im Gasthaus Sch&auml;fli befinden sich vier neue, komfortabel eingerichtete G&auml;stezimmer. Die vier hellen und freundliche Doppelzimmer werden mit oder ohne Fr&uuml;hst&uuml;ck angeboten. Nach Absprache ist auch Halbpension m&ouml;glich. Alle Zimmer mit Dusche/WC, Radio/TV, WLAN, Schreibtisch und Schallschutzfenster. Auf Wunsch mit zwei Einzelbetten. Zwei Zimmer mit herrlicher Sicht auf das Alpsteinmassiv, zwei Zimmer auf der Nordseite an ruhiger Lage. Die Zimmer sind geeignet f&uuml;r Business, Monteure, Wanderferien oder Genuss-Tage. Parkm&ouml;glichkeiten sind in n&auml;chster N&auml;he gew&auml;hrleistet. Selbst&auml;ndiger Zimmerbezug mit Code und Zugangskarte. Separater Aufenthaltsraum mit voll ausgestatteter K&uuml;che und Kaffeemaschine zur kostenlosen Ben&uuml;tzung.</p><p>Im Restaurant Sch&auml;fli stehen kulinarische K&ouml;stlichkeiten und saisonale Spezialit&auml;ten auf der Speisekarte. Im Sommer l&auml;dt die Gartenterrasse zum Verweilen und Geniessen ein.&nbsp;</p><p>Es gilt die&nbsp;<a href="https://www.appenzell.ch/de/unterkunft/appenzeller-ferienkarte.html" target="_blank" rel="noopener">Appenzeller Ferienkarte</a></p>;9.284918800000002;47.3569021;Mittelstrasse 7;9104;Waldstatt;+41 79 480 06 06;kellenberger@biwa-immo.ch;http://www.schaefli-waldstatt.ch/;[{'@type': 'ImageObject', 'contentUrl': 'https://alarpimtsoch.sos-ch-dk-2.exoscale-cdn.com/catalog/9/0/4/9/9049447cec45751aa913d44dc82b5937069c2c83_schaefli_waldstatt.jpg'}];2026-09-03T02:39:53+02:00
a1e34583-fdd5-41e9-af4f-ee6f9aee931b;Ferienwohnung Traube;Ferien auf dem Land;<p class="MsoNormal">Mitten im Dorf von Urn&auml;sch ist die Ferienwohnung Traube mit Blick auf den Dorfplatz und ins Gr&uuml;ne hinter dem Haus.</p><p class="MsoNormal">Die einfach eingerichtete Ferienwohnung verf&uuml;gt &uuml;ber eine K&uuml;che, Esszimmer, Badezimmer, ein Doppelzimmer (mit Kinderbett) und ein Bettsofa in der Stube.</p><p class="MsoNormal">Bei Bedarf k&ouml;nnen weitere Zimmer dazu gemietet werden.</p><p class="MsoNormal">Falls der Wunsch mit Fr&uuml;hst&uuml;ck besteht wir dieses nach Absprache zubereitet.</p><p class="MsoNormal">Die zentrale Lage, ist ideal f&uuml;r Ausfl&uuml;ge zu Fuss, mit dem Zug oder Postauto.</p><p class="MsoNormal">Der S&auml;ntis und der Kronberg sind innert weniger als einer Stunde mit dem &ouml;ffentlichen Verkehr <span style="mso-spacerun: yes;">&nbsp;</span>erreichbar.</p><p class="MsoNormal">Das lebende Brauchtum kann vor der T&uuml;re erlebt werden. Sei es der alte (13. Januar) oder neue (31. Dezember) Silvester, die Alpaufz&uuml;ge und Alpabz&uuml;ge und noch vieles mehr.</p><h4>Hier gilt die&nbsp;<a href="https://www.appenzell.ch/de/unterkunft/appenzeller-ferienkarte.html">Appenzeller Ferienkarte</a></h4>;9.2825391;47.3166146;Unterdorfstrasse 1;9107;Urnäsch;079 933 55 83;margrit.nabulon@bluewin.ch;https://www.ferienwohnung-traube.ch/;[{'@type': 'ImageObject', 'contentUrl': 'https://alarpimtsoch.sos-ch-dk-2.exoscale-cdn.com/catalog/f/3/5/a/f35a0197bd7733175bfc8827eddd56960382fc82_Dorf_Haus.jpg'}];2026-09-03T13:16:38+02:00
a25068c8-6fde-4423-9672-fda8d59ca0ef;BnB Sonder Urnäsch;Ihr Rückzugort im Appenzellerland;<p class="MsoNormal">Erleben Sie herzliche Gastfreundschaft in unserem liebevoll renovierten Bed &amp; Breakfast. Es erwarten Sie vier bis sechs gem&uuml;tliche &Uuml;bernachtungspl&auml;tze, die Ihnen einen unvergesslichen Aufenthalt inmitten der Natur bieten.</p><p class="MsoNormal">Geniessen Sie ein traditionelles Appenzeller Fr&uuml;hst&uuml;ck, w&auml;hrend Sie den Blick auf die sanften H&uuml;gel werfen. Die Schafe, in unmittelbarer N&auml;he, mit ihrer fr&ouml;hlichen Art, laden zu entspannten Spazierg&auml;ngen ein und bieten die M&ouml;glichkeit, in die Ruhe der Umgebung einzutauchen.</p><p class="MsoNormal">Das Appenzellerland vereint Freizeit und Kultur auf harmonische Weise. Hier k&ouml;nnen Besucher traditionelle Br&auml;uche wie das Silvesterchlausen, Alpfahrten, aber auch Ausfl&uuml;ge in den Alpstein oder auf umliegende H&uuml;gel oder regionale Spezialit&auml;ten geniessen. Verschiedene H&ouml;hepunkte sind mit einer Luftseilbahn erschlossen.<br>Wir freuen uns darauf, Sie bei uns willkommen zu heissen und Ihnen die Sch&ouml;nheit und Gastfreundschaft des Appenzellerlandes n&auml;herzubringen.</p><h4>Hier gilt die <a href="https://www.appenzell.ch/de/unterkunft/appenzeller-ferienkarte.html">Appenzeller Ferienkarte</a></h4>;9.2888716;47.3357509;Sonder 945;9107;Urnäsch;+41 77 440 66 88;kontakt@bnb-sonder.ch;https://www.bnb-sonder.ch/;[{'@type': 'ImageObject', 'contentUrl': 'https://alarpimtsoch.sos-ch-dk-2.exoscale-cdn.com/catalog/8/8/3/f/883f64bf3e2ffce7e68cdef0c87f8beb446a9f10_DJI_0638.jpg'}];2026-09-03T13:06:20+02:00
a46c2024-d00b-44bf-858c-26802f9f3c6f;Stellplatz «Kirche»;Stellplatz im Zentrum von Heiden.;Der Kiesparkplatz bietet Platz für zwei Camper mit Parkverhalten. In kurzer Gehdistanz entdecken Sie einige Einkaufsmöglichkeiten und Restaurants sowie den Bahnhof, Postautohaltestellen, Schwimmbad, Kino, Spielplatz und eine Abfalltrennstation. Übernachten in Fahrzeugen ist nur mit eigenem WC erlaubt.

Der Stellplatz befindet sich auf dem Kiesplatz der Kirche. Es wird gebeten, auf Kirchengäste Rücksicht zu nehmen.

Maximale Aufenthaltsdauer: 3 Nächte
Öffentliche Toiletten: Post/Friedhof geöffnet von 06.00 – 22.00 Uhr
Preis: CHF 12.20 pro Nacht inkl. 1 Person, Bezahlung via Parkn Sleep (QR-Code vor Ort scannen oder Internetseite besuchen) ;9.534995751998174;47.4450565;Kirchplatz 3;9410;Heiden;+41 71 898 33 01;stellplatz@kurvereinheiden.ch;https://www.kurvereinheiden.ch/stellpl%C3%A4tze-f%C3%BCr-camper;[{'@type': 'ImageObject', 'contentUrl': 'https://alarpimtsoch.sos-ch-dk-2.exoscale-cdn.com/catalog/3/8/f/e/38fe1e5e5ab71135de422deb82357f3a27819ab8_Kirche1.jpeg'}];2026-09-03T02:43:34+02:00
a537d44b-5b10-447c-8b6a-cec31532e9cd;Hotel zur Krone Gais;Das Hotel zur Krone liegt direkt am Dorfplatz und ist somit ein attraktiver Ausgangspunkt für verschiedene Wanderungen.;<p>Mitten auf dem historischen Dorfplatz pr&auml;sentiert sich das Hotel als idealer Ausgangspunkt f&uuml;r Wanderungen. 25 Doppelzimmer sind mit Dusche oder Bad ausger&uuml;stet. Wir verf&uuml;gen &uuml;ber ein kostenloses W-Lan. Im Weiteren bietet es drei S&auml;le mit Kapazit&auml;t bis zu 200 Personen an und ein wundersch&ouml;nes, heimeliges Restaurant, wo Appenzellerspezialit&auml;ten sowie andere &agrave; la carte Gerichte serviert werden. Die R&auml;umlichkeiten eignen sich f&uuml;r Seminare und andere Veranstaltungen.</p><h4>Hier gilt die&nbsp;<a href="https://www.appenzell.ch/de/unterkunft/appenzeller-ferienkarte.html">Appenzeller Ferienkarte</a></h4>;9.453498085041957;47.36252725;Dorfplatz 6;9056;Gais;+41717900690;info@krone-gais.ch;http://www.krone-gais.ch/;[{'@type': 'ImageObject', 'contentUrl': 'https://alarpimtsoch.sos-ch-dk-2.exoscale-cdn.com/catalog/a/7/e/d/a7edd32691c3b600a79f317344f2782ee2555ae9_DSC01457.JPG'}];2026-09-03T14:42:02+02:00
a874d857-f224-4433-af74-632ed22c4224;B&B Strickerhof;Wunderschönes Zimmer im malerischen Appenzellerland.;Der Bauernhof mit Blick auf den Säntis liegt am Fusse der Hundwiler Höhi. Sie erleben verschiedene Tiere wie Kühe, Kälber, Schafe, Hühner und Katzen. Das neuwertige, wunderschöne Zimmer mit 2 Schlafplätzen und einem Extrabett verfügt über ein integriertes Badezimmer. Geniessen Sie auch das Frühstück mit vielen selbstgemachten oder regionalen Produkten. 

Mindestaufenthalt: 1 Nacht;9.30668;47.335421000000004;Egg 417;9064;Hundwil;+41 71 364 24 18;e-l-stricker@bluewin.ch;https://bnb.ch/strickerhof-2897/?gad_source=1&gad_campaignid=1680466712&gclid=EAIaIQobChMI__2nssSalgMVdqODBx3ksBXpEAAYASAAEgKoF_D_BwE;[{'@type': 'ImageObject', 'contentUrl': 'https://alarpimtsoch.sos-ch-dk-2.exoscale-cdn.com/catalog/b/2/7/f/b27f3e77529facaee1332b9e6c6dd337d5bbc920_strickerhof.jpg'}];2026-09-03T02:41:24+02:00
aa5aea44-df70-4d93-96ca-ffe2f100c68f;Berggasthaus Fuchsacker;Restaurant mit Aussicht für Wanderer, Festfreudige und Geniesser;<p>Im Gasthaus Fuchsacker l&auml;sst sich gut sein: sei es f&uuml;r eine Rast auf einer Wanderung, f&uuml;r gem&uuml;tliche und genussvolle Stunden zu zweit oder in einer gr&ouml;sseren Gruppe, oder Sie &uuml;bernachten im Gasthaus und geniessen die Ruhe inmitten der Natur. Das Gasthaus liegt am Rande des Appenzellerlands auf Schwellbrunner Gebiet, die Grenze zum st.gallischen Degersheim ist nah. Die Aussicht &uuml;ber die h&uuml;gelige Landschaft ist herrlich, im S&uuml;den zeigt sich das Alpsteinmassiv mit dem S&auml;ntis. Wanderwege und Velorouten f&uuml;hren aus allen Richtungen auf den 969 Meter &uuml;ber Meer liegenden Punkt. Neben dem Gasthaus gibt es einen Kinderspielplatz. F&uuml;r Wintersport locken ein Skilift und Langlaufloipen in der N&auml;he.</p>;9.206966757774355;47.361007584271675;Fuchsacker 654;9113 ;Degersheim;+41 76 297 21 66;fuchsacker@bluewin.ch;https://fuchsacker.ch/;[{'@type': 'ImageObject', 'contentUrl': 'https://alarpimtsoch.sos-ch-dk-2.exoscale-cdn.com/catalog/5/2/2/f/522f621bae02fefedac7243008d244defa24cef5_1.jpeg', 'caption': {'de': 'Das Gasthaus Fuchsacker liegt mitten in der Natur mit Wald und Wiesen'}}];2026-09-03T02:41:48+02:00
ac04d30c-dd48-4141-bff4-c9a71a565768;Bären - Das Gästehaus;Der Bären ist ein schmuckes Hotel mit geschmackvoll eingerichteten Zimmern.;<p>Das schmucke Hotel mit neun geschmackvoll eingerichteten Doppelzimmern, eingebettet in der malerischen Appenzeller H&uuml;gellandschaft, bietet den G&auml;sten h&ouml;chsten Komfort zum Wohlf&uuml;hlen und Entspannen. Mit viel Liebe zum Detail wird hier alt und neu harmonisch kombiniert. Ob Ruhe und Erholung oder Aktivit&auml;t und Sport, der B&auml;ren ist der Ort um dem Alltag zu entrinnen.</p><h4>Hier gilt die&nbsp;<a href="https://www.appenzell.ch/de/unterkunft/appenzeller-ferienkarte.html">Appenzeller Ferienkarte</a></h4><p>&nbsp;</p>;9.4537962;47.3546276;Zwislenstrasse 42;9056;Gais;+41 71 793 11 77;info@baerengais.ch;http://www.baerengais.ch/;[{'@type': 'ImageObject', 'contentUrl': 'https://alarpimtsoch.sos-ch-dk-2.exoscale-cdn.com/catalog/f/e/f/0/fef0b2d809445a00ae38e4b1291287c90d07570b_hotel_baeren_176.jpg'}];2026-09-04T12:02:49+02:00
ae31d25f-f4de-4f96-bc16-cf5fba72c205;TEST Ferienwohnung;test;test;9.3479842;47.4134074;Fürstenlandstrasse 53;9000;St. Gallen;+41 71 999 18 07;thomas.solenthaler@tso.ch;https://tso.ch;[{'@type': 'ImageObject', 'contentUrl': 'https://alarpimtsoch.sos-ch-dk-2.exoscale-cdn.com/catalog/b/c/e/c/bcec85a93b2795a5660447fac0f9d916c0231257_6515008829_4aba0aac1f_o.jpg'}];2026-09-03T02:43:26+02:00
b3003e02-0727-48d3-bbe5-7a338fe4766f;Gästehaus Butendiek im Kinderdorf Pestalozzi;Ihr Anlass an einem einzigartigen Ort

Im Herzen von Appenzell, nur 20 Minuten von St. Gallen entfernt, bietet das Kinderdorf Pestalozzi den idealen Rahmen für Ihren Event. Mit sechs Seminarräumen, vier Eventräumen und einzigartigen Übernachtungsmöglichkeiten passt sich unser Angebot an Ihre Bedürfnisse an. Geniessen Sie flexible Raumgestaltungen, attraktive Pauschalen sowie Cateringmöglichkeiten.;<p>W&auml;hlen Sie aus ger&auml;umigen Sitzungszimmern mit moderner technischer Ausstattung, dem Andachtshaus, Open-Air-Workspaces und dem Pavillon und finden Sie die R&auml;umlichkeiten, die am besten zu Ihren Bed&uuml;rfnissen passen. Mit unseren Seminarpauschalen erhalten Sie ein Rundum-Paket, das die Raummiete, Kaffee und Gipfeli, ein k&ouml;stliches 2-Gang-Mittagsmen&uuml; sowie den Eintritt in unsere interaktive Ausstellung umfasst. Zus&auml;tzlich bieten wir Ihnen &Uuml;bernachtungen in einem originalen Appenzeller Haus an. Im frisch sanierten Haus Butendiek, welches Platz f&uuml;r bis zu 22 Personen bietet, erwarten Sie moderne Einzel und Doppelzimmer mit hochwertigen SAMINA-Schlafsystemen, die f&uuml;r einen erholsamen Schlaf sorgen. Ob als Seminargast, f&uuml;r ein Vereinswochenende oder eine Familienfeier &ndash; hier starten Sie den Tag mit Weitblick und Wohlgef&uuml;hl.</p>
<p>10 Einzelzimmer ab CHF 80<br>6 Doppelzimmer ab CHF 120<br>*Preise inkl. Fr&uuml;hst&uuml;ck</p>;9.459517029862655;47.403535;Kinderdorfstrasse 20;9043;Trogen;+41 71 343 73 43;l.anrig@pestalozzi.ch;[{'@type': 'ImageObject', 'contentUrl': 'https://alarpimtsoch.sos-ch-dk-2.exoscale-cdn.com/catalog/f/7/7/7/f777fd865519df3b38b9cf53e7e0eeb9657ac281_Haus_6_Neueinrichtung__40_.jpg'}];2026-09-03T02:43:16+02:00
b402fef6-6476-441f-8575-1a24157d0d99;Berggasthaus Tierwis;Das Berggasthaus Tierwis liegt am Sattel zwischen Graukopf und Grenzkopf, genau auf der Grenze zwischen Appenzellerland und Toggenburg.;Das Berggasthaus befindet sich auf einer Höhe von 2'085 m und bietet durch seine spezielle Lage eine wunderbare Aussicht in die umliegende Bergwelt. Richtung Norden reicht die Sicht über die sanften Hügel des Appenzellerlandes bis in den süddeutschen Raum und wer die Blicke Richtung Süden schweifen lässt, erkennt die hohen Gipfel der Alpen.  Das Restaurant hat für ungefähr 60 Leute Platz. Aussen können nochmals 40 Leute bewirtet werden und im Ganzen hat es 50 Schlafplätze für die, die über Nacht bleiben möchten.;9.328826300000001;47.2486696;Gehren 30;9107;Urnäsch;+41 71 364 12 35;info@tierwis.ch;http://www.tierwis.ch/;[{'@type': 'ImageObject', 'contentUrl': 'https://alarpimtsoch.sos-ch-dk-2.exoscale-cdn.com/catalog/3/e/7/2/3e721af783a18aa5c1d19320c2ce7f5c879155af_urn__sch_tierwis.jpeg'}];2026-09-03T02:43:00+02:00
b5afc74e-6dda-4584-8d23-f860ae0d0d3f;Ferienwohnung Dorf 5 - Kronbergblick;Übernachten mit Blick über die Hügel des Appenzellerlands bis zum Säntis. Ein wunderbarer Ort für die Einkehr.;Hier Übernachten, mit einzigartigem Blick übers Appenzellerland bis hin zum Säntis, ist zu allen Jahreszeiten ein Erlebnis.
Im stilvoll renovierten, denkmalgeschützten Haus am historischen Dorfplatz von Rehetobel, wird alte Bausubstanz mit Modernität verbunden.

Das fünfstöckige, stattliche Haus hat in seinen 230 Jahren mehreren Zwecken gedient. Wo jetzt ein hübsches "Beizli", das "Gasthaus Dorf5", mit wunderbarem Garten zum Verweilen einlädt, war früher das Postbüro von Rehetobel.
In den oberen Stockwerken, die als Telegrafenamt und Geschäftsräumen dienten, befinden sich heute drei Wohnungen mit hohem Ausbaustandard.

Die grosszügige, lichtdurchflutete Wohnung bietet einen 180 Grad Fernblick, einen schönen Balkon und grosszügige Wohnräume mit Cheminée. Durch Schiebetüren lassen sich die Räume den Bedürfnissen entsprechend wandeln.
Die natürliche Bausubstanz mit viel Holz und die grosszügige Ausstattung sind technisch und ästhetisch auf hohem Niveau. 

Von der zentralen Lage im Appenzeller Vorderland aus lassen sich das Alpsteinbegiet, die nahegelegene Bodenseeregion und die äusserst sehenswerte Stadt St.Gallen ideal erkunden.

Die Wohnung im zweiten Stock bietet für zwei bis vier Personen viel Raum und Sie finden viele gemütliche Plätzchen zum Verweilen. Kochen in der modern eingerichteten Küche macht Freude - oder lassen Sie sich lieber im "Beizli" unten verwöhnen?

Für mehr als vier Personen empfehlen wir die Wohnung "Alpsteinpanorama" im gleichen Haus.

Mindestaufenthalt: 1 Nacht (ab CHF 174)
Preis für 1 Woche: ab CHF 1'500;9.4834302;47.4262522;Dorf 5;9038;Rehetobel;+41 79 475 91 83;https://www.dorf5.ch/;[{'@type': 'ImageObject', 'contentUrl': 'https://alarpimtsoch.sos-ch-dk-2.exoscale-cdn.com/catalog/d/c/d/3/dcd305384ced498ca81b19bc04003dfb4637dde1_ferienwohnung_dorf5_rehetobel__1_.jpg'}];2026-09-03T02:43:30+02:00
b6afaa76-99ae-4076-b146-723edec5f245;Ferienwohnung Haggen;Ruhige auf dem Land gelegene Ferienwohnung auf der Sonnenterrasse im Appenzeller Vorderland.;<p>Geniessen Sie erholsame Tage im Gr&uuml;nen in der N&auml;he des bekannten Aussichtspunktes und beliebten Ausflugziel St. Anton in Oberegg. Am Tag oder auch abends kann eine herrliche Aussicht &uuml;ber das Rheintal bestaunt werden. Es gibt reichlich Wander- und Biketouren zu entdecken. Am Abend verbringen Sie gem&uuml;tliche Stunden vor dem Kachelofen. Auch kulinarisch ist man auf dem St.Anton und Umgebung gut versorgt. Zahlreiche Restaurant schm&uuml;cken den Berg und die Umgebung. Viele Bauern bieten Eigenproduktionen wie Fleisch, Eier oder Milch an, f&uuml;r die, die leidenschaftlich gerne Kochen. Der ca. 90 qm grosser Ferienhausteil ist per &Ouml;V und Auto erreichbar. F&uuml;r den Winter ist Allrad von Vorteil. Es stehen bis zu zwei Abstellpl&auml;tze zur Verf&uuml;gung und ein separater Raum f&uuml;r Ski, Bikes, etc. Die charmante zweist&ouml;ckige Wohnung hat unten einen gem&uuml;tlichen Wohn- Essbereich verbunden mit der K&uuml;che. Zudem ein Badezimmer. Im oberen Stock ein grosses Schlafzimmer mit einem Doppel- und einem Zusatzbett, sowie nebenan eine weitere Schlafm&ouml;glichkeit. Geheizt wird nur mit dem Kachelofen. Preise Winter CHF 100.00 pro Nacht inklusive Feuerholz Sommer CHF 100.00 pro Nacht exklusive Feuerholz Reinigungsgeb&uuml;hr CHF 100.00</p><p>Mindestaufenthalt: 2 N&auml;chte&nbsp;</p>;9.524130155498288;47.4052902;Haggenstrasse 5;9413;Oberegg;+41 79 534 64 58;melischnider@hotmail.com;[{'@type': 'ImageObject', 'contentUrl': 'https://alarpimtsoch.sos-ch-dk-2.exoscale-cdn.com/catalog/0/7/7/2/07722219025ce53c3f72b867d5f963c4def95083_1bb7a36c5c44758ee1e24324f44ecf62_767x0.jpg'}];2026-09-03T02:43:31+02:00
b863108b-864b-4719-88b3-4587b8b8e2ad;Stellplatz «Restaurant Station»;Der Stellplatz liegt zwischen Bodensee und Appenzeller Alpen. Es ist ideal gelegen für Wanderer, Biker sowie Familien auf einem Tagesausflug.;Der Stellplatz bietet ausreichend Platz für fünf Camper mit Klappstuhlverhalten und liegt nahe an der Bergbahn Rorschach-Heiden. Der ruhig gelegene Platz ist 3 km von Einkaufsmöglichkeiten und Restaurants sowie dem Bahnhof, Postautohaltestellen, Schwimmbad, Kino, Spielplatz und der Abfalltrennstation entfernt.

Preis: CHF 15.20 pro Nacht inkl. 1 Person, Bezahlung via Parkn Sleep (QR-Code vor Ort scannen oder Internetseite besuchen)

Während den Öffnungszeiten des Restaurants dürfen die Toiletten benutzt werden:
Montag, Donnerstag & Freitag jeweils ab 14:00 Uhr
Dienstag + Mittwoch geschlossen
Samstag ab 10:00 Uhr
Sonntag ab 10:00 Uhr - 20:00 Uhr

Tipp: Buchungsbestätigung im Restaurant Station zeigen und von einmaligen CHF 5.00 Rabatt auf ein Hauptmenu profitieren. ;9.530752580960634;47.4591834578196;Schwendistrasse 15;9410;Heiden;+41 71 898 33 01;stellplatz@kurvereinheiden.ch;https://www.kurvereinheiden.ch/stellpl%C3%A4tze-f%C3%BCr-camper;[{'@type': 'ImageObject', 'contentUrl': 'https://alarpimtsoch.sos-ch-dk-2.exoscale-cdn.com/catalog/9/2/c/3/92c33f7c398d6607b54a60a6a6c467de1f5ecea0_Station1.JPG'}];2026-09-03T02:43:38+02:00
b93371b9-9c82-427c-87c0-dea9903415ac;Gruppenunterkunft Alpstein;Die Gruppenunterkunft Alpstein liegt mitten in den sanften Hügeln des Appenzellerlands.;<p>Die Gruppenunterkunft Alpstein Teufen liegt mitten im Appenzellerland am Rande des Dorfzentrums Teufen, 7 km oberhalb St. Gallen und in 15 km Entfernung vom Bodensee. Sie ist ab St. Gallen mit &ouml;ffentlichen Verkehrsmitteln und in 8 - 10 Gehminuten vom Bahnhof Teufen erreichbar. Die Zufahrt bis zum Haus ist m&ouml;glich. Es stehen 5 Parkpl&auml;tze beim Haus zur Verf&uuml;gung. Ein gr&ouml;sserer Parkplatz gibt es in der N&auml;he (200m).Das Appenzellerland und die Region St. Gallen &ndash; Bodensee bieten als tolles Gebiet diverse M&ouml;glichkeiten f&uuml;r Gruppen.</p><p>Das Haus verf&uuml;gt &uuml;ber insgesamt 19 Zimmer (50 Betten), wovon eines rollstuhlg&auml;ngig ist. F&uuml;r die Betten stehen jeweils ein Molton, Kissen mit Bezug und ein Leintuch zur Verf&uuml;gung. Es hat 5 unterschiedlich grosse Aufenthaltsr&auml;ume und 1 Speisesaal f&uuml;r 50 Personen. Die Stockwerke sind mit einem Lift erschlossen. Die Gruppenunterkunft liegt auf einem 2000 m2 grossen Grundst&uuml;ck, mit Wiese ums Haus und einer wunderbaren Sicht auf das Alpsteingebiet. Die Sportanlagen, Kinderspielpl&auml;tze und das Freibad sind in 5 Gehminuten erreichbar. Verschiedene Einkaufs-und Verpflegungsm&ouml;glichkeiten sind im nahen Dorfzentrum vorhanden. Ein Hallenbad befindet sich in der Nachbargemeinde Speicher.</p><p>Die Gruppenunterkunft steht den G&auml;sten fr&uuml;hestens ab 15.00 Uhr des vereinbarten Anreisetages zur Verf&uuml;gung. Am Abreisetag ist die Gruppenunterkunft sp&auml;testens um 10.00 Uhr gereinigt und ger&auml;umt zur Verf&uuml;gung zu stellen.</p>;9.395688999999999;47.389219;Zeughausstrasse 18;9053;Teufen;+41 71 335 00 41;reservationen@teufen.ar.ch;http://www.teufen.ch;[{'@type': 'ImageObject', 'contentUrl': 'https://alarpimtsoch.sos-ch-dk-2.exoscale-cdn.com/catalog/4/4/e/d/44ed7e75af195bf25fb3164de9225116d7fcc558_teufen_gruppenunterkunft_alpstein.jpg'}];2026-06-10T10:54:45+02:00
ba264974-8549-4dea-9405-23034a9f0eae;Lindenbühl Seminar- und Ferienhaus;Ruhiges und ländliches Seminar- und Ferienhaus in Trogen. Ein guter Ausgangspunkt für viele Aktivitäten.;Das geschichtsträchtige 200-jährige Haus ist der ideale Ort für Seminare, Kurse, Retraiten oder Ferien in ruhiger, ländlicher Lage. Drei grosszügige Gruppenräume, individuell und liebevoll eingerichtete Gästezimmer, erholsame Gartensitzplätze und unkomplizierte Gastfreundschaft. Die lustvolle Bio-Frischprodukteküche ist «goût mieux» zertifiziert.;9.470170800000002;47.4023464;Lindenbühl 2;9043;Trogen;+41 71 344 13 31;kontakt@lindenbuehl-trogen.ch;http://lindenbuehl-trogen.ch/;[{'@type': 'ImageObject', 'contentUrl': 'https://alarpimtsoch.sos-ch-dk-2.exoscale-cdn.com/catalog/0/8/9/8/0898508f520a4224b1c46af23d6f35e78643ec19_Lindenbuehl.jpg'}];2026-09-03T02:43:42+02:00
c2069062-19c9-4321-a9ad-d067aebc548e;Gast- und Ferienhaus Frohheim;Das traditionelle, stilvolle Haus im idyllischen Kleinort Bächli, mitten im Grünen, verfügt über mehr als 30 Betten verteilt auf 15 gemütliche Zimmer mit Etagenduschen.;<p>Die heimelige Gaststube mit Kachelofen und Schiefertischen sowie das angrenzende S&auml;&auml;li bieten Platz zum Verweilen. Zudem bietet das freundliche Sitzungszimmer Raum f&uuml;r Kreativit&auml;t. Ideal also f&uuml;r Ferien, Kurse, Seminare, Teamevents, Klassentreffen, Geburtstagsfeste und Hochzeiten. Die K&uuml;che ist zweckm&auml;ssig eingerichtet.</p><p>Preise:</p><ul><li>Montag - Freitag: CHF 500.&ndash; pro Nacht&nbsp;</li><li>Samstag, Sonntag: CHF 1000.&ndash; pro Nacht</li></ul><p>Zimmeraufteilung</p><ul><li>2 Zimmer mit 1 Bett</li><li>9 Zimmer mit 2 Betten</li><li>1 Zimmer mit 3 Betten</li><li>2 Zimmer mit 4 Betten</li><li>1 Zimmer mit 5 Betten</li><li>2 Zustellbetten</li></ul><p>Ausstattung</p><ul><li>1 Seminarraum f&uuml;r 8 Personen &agrave; 17 m&sup2;</li><li>1 Aufenthaltsraum f&uuml;r 20 Personen &agrave; 23 m&sup2;</li><li>1 Speisesaal f&uuml;r 25 Personen &agrave; 28 m&sup2;</li></ul><p>Verpflegungsart: Selbstversorgung, Halbpension, Vollpension</p><p>Vermietung: Das Haus wird immer nur an eine Gruppe gleichzeitig vermietet</p><p>Lage/Erreichbarkeit: Zwei Restaurants und ein Dorfladen in unmittelbarer N&auml;he. Viele Themen-, Wander- und Bikewege, Bachbadepl&auml;tze und Grillstellen in h&uuml;geliger Landschaft, Gel&auml;ndespielplatz, Tennisplatz, Baumgarten. Das Haus ist mit &ouml;ffentlichen Verkehrsmitteln erreichbar. Zufahrt bis vors Haus m&ouml;glich mit Auto und Car, 25 Parkpl&auml;tze f&uuml;r PW Umgebung&nbsp;</p>;9.19636;47.308508;Wisstrasse 30;9633;Bächli-Hemberg;+41 71 377 25 77;info@frohheim.com;https://www.frohheim.com;[{'@type': 'ImageObject', 'contentUrl': 'https://alarpimtsoch.sos-ch-dk-2.exoscale-cdn.com/catalog/0/c/4/a/0c4a3c32afec9e932d2b2cff128ae8ae9d27c06a_b__chli_fewo_frohheim.jpg'}];2026-07-18T04:02:40+02:00
c366bd22-a2d7-406e-9d9a-a30a6e2f36d6;Reka-Feriendorf Urnäsch;Im Reka-Feriendorf Urnäsch dreht sich alles um Tiere, die Natur und das Bauernleben. Der Kleintierstall und Streichelzoo lädt zu tierischen Begegnungen ein.;Im Reka-Feriendorf Urnäsch finden in den Minergiehäusern, die aus einheimischem Holz gebaut wurden, 50 Familien Platz (Wohnungen mit 2 1/2 bis 5 1/2 Zimmern mit Balkon oder Sitzplatz). In unserem Kleintierstall und Streichelzoo bekommen Kinder die Möglichkeit, mit den tierischen Bewohnern des Feriendorfs auf Tuchfühlung zu gehen. Die Kinder können mit verschiedenen Tieren in Berührung kommen, sie füttern, streicheln und näher kennenlernen. Hallenbad mit Kinderplantschbecken und Saunalandschaft, zahlreiche Gemeinschaftsräume sowie verschiedene Spiel- und Sportplätze im Freien, inkl. eines grossen Trampolins, bieten unendlich viele Vergnügungsmöglichkeiten.;9.2868187;47.3176293;Appenzellerstrasse 11;9107;Urnäsch;+41 71 365 60 30;urnaesch@reka.ch;https://reka.ch/de/rekaferien/reka-feriendorf-urnaesch;[{'@type': 'ImageObject', 'contentUrl': 'https://alarpimtsoch.sos-ch-dk-2.exoscale-cdn.com/catalog/2/2/d/a/22da1cb5b9802fedf6e1623cf94b4ffb81fcc4cd_urn__sch_reka.jpg'}];2026-08-27T14:50:10+02:00
c9ae4405-18bd-483b-b1f5-62556ceef81c;Säntis – das Hotel;Auf der Schwägalp, eingebettet in einer der schönsten Bergkulissen Europas, steht das imposante Drei-Sterne-Superior-Hotel «Säntis – das Hotel». Das moderne Hotel ruht am Fusse des Säntis inmitten atemberaubender Natur und lädt zum Verweilen und Staunen ein.
Herzlich willkommen auf der Schwägalp!;Die Schwägalp bei Tag und bei Nacht.
Einmalig einladend. Eingebettet in einer der schönsten Bergkulissen befindet sich das neue Hotel auf der Schwägalp. Die Gastgeber freuen sich, Sie als Gäste begrüssen zu dürfen. Herzlich willkommen auf der Schwägalp!

Bergnatur pur.
Säntis – das Hotel ist der ideale Ausgangspunkt für viele Freizeitaktivitäten wie Wandern, Klettern oder anspruchsvolle Touren. Sie können es aber auch gemächlicher angehen und geniessen einen gemütlichen Spaziergang auf einem der nahen Wege durch die intakte Bergnatur oder den NaturErlebnispark oder Mieten Sie an der Réception halbtags oder den ganzen Tag ein E-Bike. Verbringen Sie aktive Stunden bei uns auf der Schwägalp und Umgebung.

Entspannung mit Genuss. 
Im Wellnessbereich mit Sauna, Bio-Sauna, Dampfbad, Erlebnisdusche und einem stillen Ruheraum mit Blick in die einmalige Natur, erholen Sie sich von Ihren Alltagssorgen oder der körperlichen Anstrengung nach Ihren Ausflügen.
Dass dabei der kulinarische Aspekt nicht zu kurz kommt, versteht sich von selbst: Im Restaurant mit der wunderbaren Sonnenterrasse werden Ihnen typische Gerichte serviert: Traditionen modern interpretiert und frisch.

Sanfte Träume. 
Auf drei Etagen laden 68 komfortabel ausgestattete Zimmer und Junior-Suiten zu einer ruhigen und erholsamen Nacht ein. Ihr erster Blick am Morgen gilt dem steil aufragenden Säntis oder dem verträumten Weidwald. Und wer weiss, vielleicht entdecken Sie noch vor dem Gang ans reichhaltige Frühstücksbuffet einen Fuchs, ein Reh oder sogar einen Steinbock.;9.318595133336622;47.25655475000001;Schwägalp;9107;Urnäsch;+41 71 365 66 00;hotel@saentisbahn.ch;http://www.saentisbahn.ch/hotel;[{'@type': 'ImageObject', 'contentUrl': 'https://alarpimtsoch.sos-ch-dk-2.exoscale-cdn.com/catalog/2/8/6/8/286808875f605f3caeb66fc17cb147e009d8a3a5_S__ntis___Das_Hotel_3.jpg'}];2026-08-07T15:29:06+02:00
cc3ce9f6-0086-40c2-b401-9f4199e52f87;Gasthaus Hörnli Hundwil;Familiär, bodenständig  und traditionell;Ein bisschen ausserhalb vom Dorf befindet sich unser Gasthaus an der Strasse Richtung Urnäsch, zu Fuss sind wir von der Posthaltestelle in etwa 15 min zu erreichen. In der gemütlichen Gastube hat es Platz für 60 Personen. Im oberen Stock hat es einen schönen Saal für 70 Personen und draussen finden auf unserer Terrasse nochmals 30 Personen Platz.
Aus unserer Küche kommen gutbürgerliche Gerichte und Fleisch vom eigenen Bauernhof. Bei uns werden Bräuche gelebt und Feste gefeiert.;9.315037634764266;47.35761495;Mitledi 125;9064;Hundwil;+41 71 367 15 30;hoernli.hundwil@bluewin.ch;https://hoernli-hundwil.ch;[{'@type': 'ImageObject', 'contentUrl': 'https://alarpimtsoch.sos-ch-dk-2.exoscale-cdn.com/catalog/4/8/a/5/48a53019bc0539f2ea8ed3691b77f0572b421391_Bild_H__rnli.JPG'}];2026-09-03T02:43:41+02:00
cd96f603-c9de-4531-8eb4-b230e8fc5662;Hotel Idyll Gais;Das Seminar- und Ferienhotel in Gais liegt idyllisch und an ruhiger Lage.;<p>Im &uuml;ber 300-j&auml;hrigen Appenzellerhaus tauchen Sie in eine entschleunigte Welt ein. In den lichtdurchfluteten Seminarr&auml;umen &ouml;ffnen Sie sich automatisch f&uuml;r Neues. F&uuml;r Ihr leibliches Wohl bieten wir Ihnen frische Gerichte mit lokalen Produkten an. Wanderwege und Langlaufloipe f&uuml;hren am Haus vorbei. Drinnen erwartet Sie ein kleines, eingespieltes Team.</p><p>S&ouml;nd willkomm!</p>;9.454309199999999;47.352810299999994;Möser 4;9056;Gais;+41 71 793 11 45;info@idyll-gais.ch;https://www.idyll-gais.ch/;[{'@type': 'ImageObject', 'contentUrl': 'https://alarpimtsoch.sos-ch-dk-2.exoscale-cdn.com/catalog/8/5/0/a/850a937e3f376c5490f75dff9ce497bb33228a1f_idyll_fruehling_064.jpg'}];2026-08-07T15:29:06+02:00
ce4fe92d-ba83-4e53-92c4-147870d3d88a;Wohnmobilstellplatz Schwägalp;Der Parkplatz befindet sich direkt am Fusse des Säntis. Mitten im Naturerlebnispark Schwägalp und gleich neben dem "Säntis - das Hotel". ;Geniessen Sie während Ihres Aufenthalts eine schöne Sicht ins Grüne und auf das Säntismassiv. Vom Stellplatz aus sind Wanderwege, Bergbahn sowie Restaurants und Öv Haltestellen schnell zu erreichen.

Der Stellplatz bietet Platz für zwölf Camper. 
Dieser Stellplatz kostet CHF 20 / Nacht. Bezahlmöglichkeiten gibt es via der Park'n sleep App.;9.3201563115154;47.25700122126115;9107;Hundwil;https://www.parknsleep.eu/ps/parkplatz-santis-schwebebahn;[{'@type': 'ImageObject', 'contentUrl': 'https://alarpimtsoch.sos-ch-dk-2.exoscale-cdn.com/catalog/b/9/6/2/b96212dd7b99a29d23b3ee5ef384a4bb8a9f910c_urn__sch_s__ntis__1_.jpg'}];2026-09-03T02:38:15+02:00
d3733914-ea95-4656-b077-909967fbdad9;Ferienwohnung Hof Bommes;Heimelige, gemütliche Ferienwohnung mit Säntissicht auf Biohof.;<p>Diese grosse, am Dorfrand gelegene, einfach Ferienwohnung ist ideal f&uuml;r Familien. Nebst dem Doppelzimmer bietet sie eine offene Galerie mit Betten f&uuml;r bis 4 Kinder. Ausserdem befindet sich im Haus ein grosser Hofladen mit Gem&uuml;se und grossem Bioangebot. Kinder d&uuml;rfen auch im Stall mithelfen. Die Badi Gais befindet sich in Gehdistanz. Sitzplatz mit Grill vor dem Haus.<br>Preis: CHF 655 / Woche&nbsp;&nbsp;<br>Vermietung: wochenweise</p><h4>Hier gilt die&nbsp;<a href="https://www.appenzell.ch/de/unterkunft/appenzeller-ferienkarte.html">Appenzeller Ferienkarte</a></h4>;9.460230699999999;47.364070299999995;Bommes 3;9056;Gais;+41 71 793 37 85;dlangenegger@bluewin.ch;https://www.hofladen-gais.ch/;[{'@type': 'ImageObject', 'contentUrl': 'https://alarpimtsoch.sos-ch-dk-2.exoscale-cdn.com/catalog/1/5/e/4/15e4c4a4dffcf2195e5fe1baa6dd399d33d80a9e_gais_hof_bommes.png'}];2026-09-03T13:10:46+02:00
d83886cb-8881-45b4-95ff-50c4bcb91032;Ferienbleibe Rosenweg – am Fusse des Alpsteins;Wo grüne Wiesen und Berggefühl – auf Altes und Neues trifft;In Urnäsch gibt es viel zu erleben. Direkt vor der Haustüre beginnen die schönsten Wanderrouten und Biketouren im Alpstein. Im Winter liegen der Dorfskilift und die Langlaufloipe 100 Schritte entfernt. Doch vor allem sind es die kleinen Dinge, die in Erinnerung bleiben. Sie sollen nicht nur ausserhalb der Ferienbleibe zum Staunen kommen. Deshalb haben sich die Gastgeber besonders viel Mühe gegeben und das Herzblut in die Einrichtung der Ferienbleibe gesteckt. Im ganzen Haus finden sich liebevolle Details, die von der Zeit erzählen als die Rose eine Bäckerei war. Die Vierzimmer-Wohnung verteilt sich über drei Stöcke. Insgesamt bieten zwei Schlafzimmer Platz für fünf Personen. Das Spiel- und Leseversteck sowie das geräumige Wohnzimmer sind Wohlfühlorte für Gross und Klein. Die Ferienbleibe liegt fünf Minuten vom Dorfzentrum entfernt. Entspannt zu Fuss einkaufen ist genauso unkompliziert, wie die Anreise mit dem öffentlichen Verkehr.;9.280174970626833;47.314617366913;Rosenweg 11;9107;Urnäsch;+41 79 468 24 56;info@rosenweg.ch;https://www.rosenweg.ch/die-ferienbleibe;[{'@type': 'ImageObject', 'contentUrl': 'https://alarpimtsoch.sos-ch-dk-2.exoscale-cdn.com/catalog/0/f/2/4/0f24c2a03f0a1b145383c373dd731b2c898ade54_91a70bc703901e7cd6c112fb4669a8ec_767x0.jpg'}];2026-09-03T02:43:36+02:00
d90f0e43-aaff-419b-9db0-6543666f3722;Seminar Hotel Restaurant Chäseren;Im Seminarhotel und Restaurant Chäseren lässt sich gut sein. Im idyllischen Neckertal an der Grenze zwischen Appenzellerland und Toggenburg gelegen, ist es der ideale Ort für Ferien und Seminare - Genussvolles aus der Küche inklusive.;<p>Das Seminarhotel und Restaurant Chäseren liegt in einer ruhigen Landschaft, 20 Kilometer von St. Gallen entfernt. Es bietet eine wunderschöne Aussicht auf das Alpsteinmassiv mit dem Säntis. Das Restaurant serviert Schweizer und internationale Küche sowie saisonale Gerichte.&nbsp;</p><p>Der charmante Appenzeller Landhausstil verleiht den Räumlichkeiten eine natürliche Eleganz und schafft drinnen wie draussen die perfekte Kulisse für individuelle Wünsche. Ob für Seminare, eine entspannende Auszeit oder aktive Abenteuer&nbsp;<span style="font-family: &quot;Times New Roman&quot;, serif; font-size: 16px;">–&nbsp;</span>im Seminarhotel und Restaurant Chäseren finden Sie den idealen Ort.&nbsp;Die Zimmer des Hotels verfügen über Sat-TV, Safe und Badezimmer. Wanderwege, Mountainbike-Strecken und im Winter eine Langlaufloipe starten direkt vor der Haustür.</p>;9.202964901924135;47.329915329608;Chäseren 327;9105;Schönengrund;+41 78 903 70 87;info@chaeseren.ch;https://www.chaeseren.ch;[{'@type': 'ImageObject', 'contentUrl': 'https://alarpimtsoch.sos-ch-dk-2.exoscale-cdn.com/catalog/6/6/8/d/668d7afbe2834403a6206810583f6ea57ef9cfe7_Ch__seren.JPG'}];2026-06-10T10:54:46+02:00
da19fd1e-5795-438a-967b-5e44f5f96f8d;Ferienhaus Sennastübli;In unserem gemütlichen Sennastübli auf 1000müM. ist Ihnen der Alpstein so nah wie nie zuvor.;Das kleine Chalet mit seiner optimal eingerichteten Küche, einem Badezimmer mit WC und Dusche, dem Schlafzimmer mit Doppelbett und dem kleinen herzigen Stübli mit Fernseh und Radio lädt zum verweilen ein. Wir empfehlen jedoch das Panoramafernsehn zum Fenster raus.  Der grosse Garten und die Terrasse geben Platz um draussen die Natur zu geniessen und zu entspannen. Sie können wunderschöne Sonnenauf und -untergänge mit Blick auf den Alpstein geniessen. Der atemberaubende Ausblick über den Alpstein, Hügel und das Land lädt zudem zum Wandern, Sporttreiben und spazieren ein. Das Häuschen ist perfekt gelegen für Wanderungen oder für Wintersportferien mit Schneeschuhlaufen, Langlaufen oder Schlitteln.

Vermietung wochenweise.;9.432449340820314;47.3830960896874;Wisseggstrasse 8;9055;Bühler;+41 76 250 01 97;steffikopp24@gmail.com;https://www.sennastübli.ch/;[{'@type': 'ImageObject', 'contentUrl': 'https://alarpimtsoch.sos-ch-dk-2.exoscale-cdn.com/catalog/3/5/d/3/35d31433f0b0a73ee9e62c35c2472023b8afa1f2_683aee0fde8419abaad1020919f7f071_767x0.jpg'}];2026-09-03T02:32:18+02:00
e02faaf4-6ca7-420c-b98b-ee78c67b9249;Urnäscher Demeter Hof;Wo Schlafen nach Wiese duftet.;<p>&bdquo;Schlof&auml;&auml; id&auml; Streuii&ldquo; &ndash; Auf dem biodynamischen Demeterhof in Urn&auml;sch.</p><p>&Uuml;bernachten Sie in unseren vier neuen, ganzj&auml;hrig ge&ouml;ffneten Heuzimmern mit Streubett und erleben Sie die Natur mit allen Sinnen.</p><p>&Uuml;bernachtungen ab 1 bis 16 Personen m&ouml;glich.</p><p><a href="https://urnaescher-demeterhof.ch/wp-content/uploads/2026/07/Demeter-Preisliste-UebernachtenPDF.pdf" target="_blank" rel="noopener">Preisliste</a></p>;9.281639362859028;47.31340629756989;Hinteregg 284;9107;Urnäsch;+41 78 842 22 70;martin.rusch1978@gmail.com;https://urnaescher-demeterhof.ch/;[{'@type': 'ImageObject', 'contentUrl': 'https://alarpimtsoch.sos-ch-dk-2.exoscale-cdn.com/catalog/d/a/f/0/daf07017ebdb0ef2ccb2a7f13d1f6d2da2950a90_Demeterhof_Hauptbild.JPG'}];2026-09-03T02:32:24+02:00
e285d961-3a3e-4026-bd40-9d567610f097;Ferienwohnung Windegg;Heimelige Ferienwohnung im Appenzellerland mit fantastischem Blick auf den Alpstein und inmitten von Alpakas und Lamas;<p>Ideal für Familien, Paare, Senioren, Ruhesuchende, Geschäftsleute, Naturfreunde usw. Abseits von Lärm und Hektik mit traumhafter Panorama-Sicht auf den Alpstein geniessen Sie hier Ihre Ferientage. Die Ferienwohnung mit separatem Eingang liegt auf 950 m. ü. M. ausserhalb von Urnäsch. Die gemütliche Wohnung bietet eine moderne Küche, eine Stube und zwei Schlafzimmer. Ein grosszügiger Garten mit viel Sonne, schattenspendenden Obstbäumen und herrlichem Weitblick lädt zum Verweilen ein. Zahllose Wanderwege warten darauf, entdeckt zu werden. Im nahegelegenen Wald lädt ein Tipi (inkl. Feuerstelle) auch Kinder zu Spass und Abenteuern ein. Falls sich jemand von den warmen Augen der Alpakas und Lamas berühren lassen möchte, wohnen diese zauberhaften Tiere nur ein paar Schritte von der Ferienwohnungstür entfernt und können jederzeit beim Fressen, Summen und Geniessen beobachtet werden. Monika Egli heisst Sie herzlich willkommen! Preise (exkl. Kurtaxe) Ganze Wohnung CHF 850.-- pro Woche für 2 Personen, jede zusätzliche Person CHF 200.--, pro Kind 2-12 J.: CHF 70.-- Bei kürzerer Aufenthaltsdauer: 2 Nächte für 2 Personen CHF 80.--/Person/Nacht für jede zusätzliche Person: CHF 80.--/Nacht Kinder 2-12 J.: CHF 35.--/Kind/Nacht Ab 3 Nächten für 2 Personen CHF 70.--/Person/Nacht Kinder 2-12 J.: CHF 25.--/Kind/Nacht Einzelbelegung ganze Wohnung ab 2 Nächten CHF 105.--/Person/Nacht Reinigung pauschal: CHF 140.--/Aufenthalt Im Preis inbegriffen sind Bett-, Bad- und Küchenwäsche. Für die Kinder hat es zahlreiche Spielsachen zum Benützen und ganz viel Platz in der freien Natur. Ab zwei Übernachtungen kann von der OKSAR Ferienkarte profitiert werden. Gerne teilt Monika Egli Informationen darüber mit.</p><p></p><p>Mindestaufenthalt: 2 Nächte </p><p></p>;9.278789999999999;47.33515;Windegg 930;9107;Urnäsch;+41 71 364 17 74;monikaegli@tiererlebnishof.ch;https://tiererlebnishof.ch/ferienwohnung;[{'@type': 'ImageObject', 'contentUrl': 'https://alarpimtsoch.sos-ch-dk-2.exoscale-cdn.com/catalog/9/e/a/9/9ea9b646be0710e6d32a90c336c2c8bee68f32af_Haus_mit_Alpakas.jpg'}];2026-08-07T15:45:40+02:00
e496d6b4-8b05-425f-9e37-e6b3877d2eff;Ferienwohnig ufem Berg;Herzlich willkommen hier bei uns ufem Berg! Geniessen Sie unsere gesunde Bergluft im wunderschönen Appenzellerland an ruhiger und sonniger Lage mit herrlicher Rundsicht: Alpstein mit Säntis, Vorarlberg, über den Bodensee nach Deutschland bis hin zum Schwarzwald. ;<p>Um unser Haus herum hat es viel Platz zum spielen. Verschiedene Freizeitm&ouml;glichkeiten in Herisau sind schnell erreichbar: wie Sportzentrum, grosser Spielplatz, Appenzellerpark mit einem der gr&ouml;ssten Bagger der Welt, sowie Kinderpardies Sedel. S&auml;ntispark, Stausee, Walter Zoo, Schauk&auml;serei und Museen in den Nachbargemeinden. St. Gallen, Bodensee, Appenzell und Alpstein sind in max. 30. Automin. erreichbar. In der heimeligen Dachwohnung befindet sich eine gem&uuml;tliche Kochnische mit neuem Wohnzimmer, ein neues Doppelzimmer mit Kinderbett, ein Doppelzimmer mit Blick zum S&auml;ntis, ein Zimmer mit Etagebett, sowie Dusche/WC. Verschiedene Raumh&ouml;hen durch Dachschr&auml;gen ab 195 cm. Gute Zufahrtsstrasse, 5 Autom. zum Zentrum, 10 Fussmin. zum Bus. <br>Wir freuen uns auf Ihren Besuch!<br><br>Preis: ab CHF 800 / Woche&nbsp;</p>;9.3130565;47.391884999999995;Ufem Berg 2180;9100;Herisau;+41 43 210 56 81;signer.ufemberg@gmx.ch;[{'@type': 'ImageObject', 'contentUrl': 'https://alarpimtsoch.sos-ch-dk-2.exoscale-cdn.com/catalog/5/9/7/6/597612a775681f64b33f2a29c0edc669badcf1af_ufemberg.jpg'}];2026-09-03T02:32:31+02:00
f29dd0ff-d2b0-4431-acb1-4370b3f7c546;Ferienhaus "Bömmeli" -  im Alpsteingebiet;Idyllisches freistehendes Ferienhaus mit Gartensitzplätzen;<p>Entdecken Sie unser idyllisch gelegenes Ferienhaus direkt am Weissbach, umgeben von der atemberaubenden Kulisse des Alpsteins und weiteren malerischen Wandergebieten wie dem Kronberg, Kronberg, Hoher Kasten, Schw&auml;galp und S&auml;ntis. Gelegen auf einer H&ouml;he von 850 Metern &uuml;ber dem Meer bietet dieses charmante Domizil die perfekte Mischung aus Abgeschiedenheit und N&auml;he zu attraktiven Ausflugszielen, nur jeweils 2 km von Urn&auml;sch und Jakobsbad entfernt. Eine kurze Distanz von ca. 1 km trennt Sie von der Bergbahn zum Kronberg, einer Rodelbahn, einem Seilpark und einem Skilift samt grossz&uuml;giger Gastwirtschaft.</p><p>Im Erdgeschoss des Hauses finden Sie ein komfortables, gem&uuml;tliches Wohnzimmer, ein grossz&uuml;giges Schlafzimmer mit Doppelbett sowie ein Badezimmer mit Dusche, WC und Waschtisch. Die kleine K&uuml;che ist ausgestattet mit K&uuml;hlschrank und Eisfach, Induktionsherd mit Dampfabzug sowie einem Backofen. Im Wohnzimmer l&auml;dt ein ausziehbarer Esstisch f&uuml;r bis zu acht Personen zum gemeinsamen Verweilen ein, erg&auml;nzt durch ein Bettsofa, ein Chemin&eacute;e und Bodenheizung. &Uuml;ber eine Holztreppe erreichen Sie zwei romantische Schlafzimmer im Obergeschoss, jedes ausgestattet mit einem Doppel- und einem Einzelbett.</p><p>Im Aussenbereich des Hauses befinden sich zwei Terrassen, eine vor und eine hinter dem Haus, sowie einem grossen Garten mit Aussenchemin&eacute;e. Direkt am Weissbach gelegen bietet ein gem&uuml;tlicher Sitzplatz die ideale Gelegenheit, die idyllische Ruhe zu geniessen.&nbsp;Weiterhin stehen zwei Parkpl&auml;tze und ein Tischtennistisch zur Verf&uuml;gung.</p><h4>Hier gilt die&nbsp;<a href="https://www.appenzell.ch/de/unterkunft/appenzeller-ferienkarte.html">Appenzeller Ferienkarte</a></h4>;9.307533;47.321338;Bömmeli 570;9107;Urnäsch;+41 79 227 61 91;walti.dietrich@bluewin.ch;https://www.walterdietrich.ch/index.php/privat/ferienhaus-boemmeli-menu;[{'@type': 'ImageObject', 'contentUrl': 'https://alarpimtsoch.sos-ch-dk-2.exoscale-cdn.com/catalog/0/c/d/a/0cdacc987589e4c1d4c063bbb29ea14108d0d59b_00_Ferienhaus.jpg'}];2026-09-03T13:07:31+02:00
f69a3d2b-d622-449b-80db-1a3ae43bcea7;Hotel zur Linde;Die Lanker-Familien schreiben seit Jahren «Linden»-Geschichte und der Erfolg ist schnell ersichtlich.;<p>Es ist die gelebte Gastfreundschaft wie auch die Vielseitigkeit des K&uuml;chenchefs, die von den G&auml;sten sehr gesch&auml;tzt werden. Kleine Gerichte, wie etwa Appenzeller Spezialit&auml;ten, sind ebenso gefragt wie die exzellente Gourmetk&uuml;che. In gediegenen R&auml;umen kann man sich hinsetzen und in der warmen Jahreszeit lockt der sch&ouml;ne Garten.</p><h4>Hier gilt die <a href="https://www.appenzell.ch/de/unterkunft/appenzeller-ferienkarte.html">Appenzeller Ferienkarte</a></h4>;9.39305;47.3868165;Bühlerstrasse 87;9053;Teufen;+41 71 335 07 37;info@hotelzurlinde.ch;http://www.hotelzurlinde.ch/;[{'@type': 'ImageObject', 'contentUrl': 'https://alarpimtsoch.sos-ch-dk-2.exoscale-cdn.com/catalog/2/5/9/b/259ba9bd50359d8ba611700ae04632f106994807_Linde_Teufen_Blumen_und_S__dseite.gif'}];2026-08-31T23:39:59+02:00
f7361e5c-8633-401d-9f27-eb553f41929d;Camping Bächli;Der 4**** Camping liegt mitten im Neckertal, bietet rund 30 Stellplätze und ist das ganze Jahr geöffnet.;<p>Folgende Annehmlichkeiten geniessen die G&auml;ste:</p><ul><li>Ganzjahres- und Saisonpl&auml;tze</li><li>Kabel-TV</li><li>WLAN kostenlos</li><li>Motorhome-Standpl&auml;tze</li><li>Grossz&uuml;giger Sitzplatz im Freien</li><li>Aufenthaltsraum</li><li>Solaranlage</li><li>Barrierefreise WC und Dusche</li><li>Waschmaschine / Tumbler</li><li>Babyraum</li><li>Spielpl&auml;tze</li></ul>;9.1948689;47.3065564;Wisstrasse 9;9633;Bächli-Hemberg;+41 71 377 11 47;info@camping-baechli.ch;http://www.camping-baechli.ch;[{'@type': 'ImageObject', 'contentUrl': 'https://alarpimtsoch.sos-ch-dk-2.exoscale-cdn.com/catalog/1/a/0/4/1a042554b758ca64acdefe4d3ff2a44dcb99664d_Camping_B__chli.jpg'}];2026-08-08T02:39:05+02:00
f7ea50d0-6257-4266-8de3-c716740b8d8c;Hotel Herisau | Restaurant Moo;Stilvolles und modernes 3 Sterne-Hotel im Herzen von Herisau mit geräumigen Zimmern und schöner Terrasse.;Idealer Ausgangspunkt für Entdeckungsreisen durch das Appenzellerland oder ins nahe gelegene St. Gallen. Grosse moderne  Zimmer, marktfrische Küche im Restaurant «MOO» und echte Appenzeller Gastfreundschaft erwarten den Gast hier am Tor zum Appenzellerland.;9.277973;47.387159000000004;Bahnhofstrasse 14;9100;Herisau;+41 71 354 83 83;info@hotelherisau.ch;http://www.hotelherisau.ch/;[{'@type': 'ImageObject', 'contentUrl': 'https://alarpimtsoch.sos-ch-dk-2.exoscale-cdn.com/catalog/2/2/2/b/222b6af250f90c470ac79f59ed77f5b5e701f487_Terrasse_2020__2_.jpg'}];2026-09-03T02:39:53+02:00
f9a285e6-e914-4c6c-8fd4-4a8fd08f35d5;Gruppenunterkünfte im Kinderdorf Pestalozzi;Das Kinderdorf Pestalozzi befindet sich inmitten des malerischen Appenzellerlands und bietet eine einzigartige Kombination aus Natur, Bildung und Freizeitmöglichkeiten.;<p>Ob Schulklasse, drei grosse Familien, Verein oder Unternehmen &ndash; im Kinderdorf Pestalozzi findet Ihre Gruppe den idealen Ort f&uuml;r eine unvergessliche &Uuml;bernachtung. Die Gruppenunterk&uuml;nfte in original Appenzeller H&auml;usern bieten komfortable Einzel oder Mehrbettzimmer, die mit modernen Annehmlichkeiten und einem Hauch lokaler Tradition ausgestattet sind. Die sanit&auml;ren Einrichtungen befinden sich in unmittelbarer N&auml;he zu den Zimmern und sind modern und funktional gestaltet. Jedes Haus ist zudem mit einem Aufenthaltsraum und einer Waschk&uuml;che ausgestattet. Der weitl&auml;ufige Umschwung rund um das Geb&auml;ude l&auml;dt zum Entspannen in der Natur ein, w&auml;hrend Freizeitpl&auml;tze und Grillstellen ideale Orte f&uuml;r gemeinsame Stunden bieten. Entdecken Sie die zahlreichen Wanderrouten direkt vor der Haust&uuml;r oder nehmen Sie mit Ihrer Gruppe an einem unserer Bildungsprojekte teil, die speziell darauf ausgelegt sind, Bildung zu f&ouml;rdern und pers&ouml;nliche Entwicklung sowie soziale Kompetenzen zu st&auml;rken. F&uuml;r die Verpflegung stehen verschiedene Optionen zur Verf&uuml;gung. In jedem Gruppenhaus gibt es eine gut ausgestattete K&uuml;che, die es Selbstversorgern erm&ouml;glicht, ihre Mahlzeiten selbst zuzubereiten. Es besteht jedoch auch die M&ouml;glichkeit, sich mit unserer Vollpension rundum verw&ouml;hnen zu lassen. Unser gastronomisches Konzept ist saisonal, vielseitig und auf alle Bed&uuml;rfnisse zugeschnitten.<br><br>Insgesamt 11 Gruppenh&auml;user &agrave; 27-35 Schlafpl&auml;tzen.</p>;9.459517029862655;47.403535;Kinderdorfstrasse 20;9043;Trogen; +41 71 343 73 43;guest@pestalozzi.ch;https://www.pestalozzi.ch/de;[{'@type': 'ImageObject', 'contentUrl': 'https://alarpimtsoch.sos-ch-dk-2.exoscale-cdn.com/catalog/f/4/4/4/f444db7a0344a76e7eacd1c25da47dc4257e4416_Haus_8_9_Kinderdorf_Pestalozzi.jpg'}];2026-09-03T02:34:28+02:00
