{"type": "FeatureCollection", "features": [{"type": "Feature", "properties": {"identifier": "02a8cc26-2113-4996-9cfa-f056b46c1893", "name": "B&B Niederer", "description": "<p>Das heimelige Dorf B&uuml;hler im Appenzeller Mittelland ist idealer Ausgangspunkt f&uuml;r Wanderungen in den sanften H&uuml;geln oder im Alpstein mit S&auml;ntis, Hohem Kasten, Ebenalp und Kronberg. In der N&auml;he liegen das malerische Dorf Appenzell, das Rheintal, oder die Bischofsstadt St.Gallen. Im heimeligen Weberhaus mit viel Charme k&ouml;nnen Sie der Gastgeberin beim Handweben &uuml;ber die Schultern sehen, und im Haus laden gem&uuml;tliche Zimmer zum Verweilen ein.</p><h4>Hier gilt die&nbsp;<a href=\"https://www.appenzell.ch/de/unterkunft/appenzeller-ferienkarte.html\">Appenzeller Ferienkarte</a></h4><p>&nbsp;</p>", "url": "https://bnb.ch/de/bnb/1662", "image": "https://alarpimtsoch.sos-ch-dk-2.exoscale-cdn.com/catalog/b/6/3/0/b630256a1d413da98e9f298fc3ba6a20ae42a9a4_BnB_Niederer_3.jpg", "openstreetmap_id": "320022404.0"}, "geometry": {"type": "Point", "coordinates": ["9.426122300000001", "47.3737219"]}}, {"type": "Feature", "properties": {"identifier": "03d54cc2-4085-46fa-b683-f6f2652b3c53", "name": "Pension Alpenheim", "description": "Im Herzen von Teufen, 5 Gehminuten zum Bahnhof, steht das stilecht renovierte Holzhaus mit grossem Garten. Geniessen Sie die herrliche Aussicht auf die Berge. Nebst preiswerten Zimmern bieten wir unseren G\u00e4sten auch Zimmer mit Duschen/WC an. \n\nDie 1\u00bd-Zimmer Gartenwohnung sowie das Appartement im 3. Stock mit 2\u00bd-Zimmern sind Bijous f\u00fcr Geniesser. \nHerzlich willkommen!", "url": "http://www.pension-alpenheim.ch/", "image": "https://alarpimtsoch.sos-ch-dk-2.exoscale-cdn.com/catalog/f/2/6/4/f26486f4862f6852121b41cea204c305926ec47e__Aussen_Totale_Hauptbild___Kopie.jpg", "openstreetmap_id": "317444239"}, "geometry": {"type": "Point", "coordinates": ["9.3880767", "47.3920145"]}}, {"type": "Feature", "properties": {"identifier": "044fc296-c57b-488b-9808-3fc6e3f7955d", "name": "Ferienwohnung Alpfahrt", "description": "Gehobene, komplett renovierte Ferienwohnung im 300-j\u00e4hrigen Appenzellerland, mitten im sch\u00f6nsten Dorf der Schweiz. Ideal f\u00fcr Wanderungen, relaxen, geniessen. \n\nDie Wohnung verf\u00fcgt \u00fcber einen separaten Eingang. Das Schlafzimmer ist mit einem topmodernen Boxspring Bett ausgestattet und im Wohnzimmer steht ein Auszugssofa. Die Wohnung bietet Platz f\u00fcr maximal 4 Personen (Doppelbett plus Bettsofa).\n\nIm Preis inbegriffen: Miete, NK, Tiefgaragenplatz, Kurtaxen, Bett-, Frottee- und K\u00fcchenw\u00e4sche, Kaffeekapseln, Benutzung Waschmaschine/Tumbler (in der Wohnung). Eigener Gartenbereich mit Kohlegrill.\nWir bieten die Oskar-G\u00e4stekarte an.\n\nMindestaufenthalt: ab 3 N\u00e4chte", "url": "https://ferienschwellbrunn.com/", "image": "https://alarpimtsoch.sos-ch-dk-2.exoscale-cdn.com/catalog/6/5/1/7/65176114f0ce43e6b08af87786ff014b8f199942_PXL_20230707_142123309_2__2.jpg", "openstreetmap_id": "396354520"}, "geometry": {"type": "Point", "coordinates": ["9.249168", "47.351193"]}}, {"type": "Feature", "properties": {"identifier": "04fa6ff4-560f-41d4-bfdc-c4711f6a3090", "name": "Ferienwohnung Wartheim", "description": "Diese stilvoll eingerichtete Maisonette-Wohnung am Dorfrand von Heiden (700 m \u00fc.M.) bietet Platz f\u00fcr bis zu 6 Personen \u2013 ideal f\u00fcr Familien oder kleine Gruppen, die Erholung in naturnaher Umgebung suchen.\n\nHighlights: Ruhige Lage mit Weitblick \u00fcber das Rheindelta, bis nach Bregenz, Lindau und den Pf\u00e4nder Private Dachterrasse \u2013 perfekt zum Entspannen oder f\u00fcr Abendessen im Freien 3 gem\u00fctliche Schlafzimmer mit Verdunklungsm\u00f6glichkeit Voll ausgestattete K\u00fcche inkl. Fondue- und Raclette-Set Bad mit Badewanne, Dusche und Closomat Gratis Garage & Aussenparkplatz.\n\nLage & Umgebung: Wanderwege starten direkt vor der T\u00fcr, der Bodensee ist nur 5 km entfernt. In Heiden gibt es ein Freibad mit Sommerkino, das Appenzeller Heilbad liegt gleich in der N\u00e4he. Coop, Migros und ein Volg mit langen \u00d6ffnungszeiten sorgen f\u00fcr gute Einkaufsm\u00f6glichkeiten.\n\nAusflugsziele: Perfekter Ausgangspunkt f\u00fcr Touren nach Appenzell, St.Gallen, Rorschach, Arbon, oder per F\u00e4hre nach Friedrichshafen. Der Aussichtspunkt \u201eF\u00fcnfl\u00e4nderblick\u201c ist zu Fuss erreichbar. \n\nWer h\u00f6her hinaus will: Rundfl\u00fcge ab dem Flugplatz Altenrhein sind m\u00f6glich \u2013 Kontakte stellen wir gerne her.\n\nMindestaufenthalt: 2 N\u00e4chte", "image": "https://alarpimtsoch.sos-ch-dk-2.exoscale-cdn.com/catalog/0/2/8/9/028931de33a8eb8efa2c8a9dd1fd565f9f04c3cf_IMG_2196.JPG", "openstreetmap_id": "way/612589848"}, "geometry": {"type": "Point", "coordinates": ["9.538214206695558", "47.45410156826259"]}}, {"type": "Feature", "properties": {"identifier": "0eb7c87f-373f-470a-906e-e758959751f5", "name": "Hotel Restaurant Krone Urn\u00e4sch", "description": "<p>Im Restaurant/Pizzeria Krone in Urn&auml;sch finden Sie eine grosse Auswahl an Pizzas sowie eine Speisekarte mit regionalem und saisonalem Angebot. Dank des grossz&uuml;gigen Wintergartens geniessen G&auml;ste das Gef&uuml;hl von Offenheit und Licht &ndash; bei jedem Wetter. T&auml;glich von 11:30 bis 14:00 Uhr sowie von 17:30 bis 21:00 Uhr verkehrt der charmante Pizza-Zug durch das Restaurant und serviert die frisch zubereiteten Gerichte direkt an den Tisch. Ein besonderes Highlight, das nicht nur die j&uuml;ngsten G&auml;ste begeistert.</p><p>Bei sch&ouml;nem Wetter bietet zus&auml;tzlich die sonnige Terrasse Platz zum Verweilen im Freien &ndash; mit herrlichem Blick und entspannter Stimmung. Das Speiserestaurant im ersten Obergeschoss wird f&uuml;r das Fr&uuml;hst&uuml;ck der Hotelg&auml;ste genutzt und steht Gruppen f&uuml;r Anl&auml;sse zur Verf&uuml;gung.</p><p>Es gilt die <a href=\"https://www.appenzell.ch/de/unterkunft/appenzeller-ferienkarte.html\" target=\"_blank\" rel=\"noopener\">Appenzeller Ferienkarte</a></p>", "url": "http://www.krone-urnaesch.ch/", "image": "https://alarpimtsoch.sos-ch-dk-2.exoscale-cdn.com/catalog/e/e/2/b/ee2b73561f5565f0e1f4253137154ec790168347_24018_1184.jpg", "openstreetmap_id": "node/264275413"}, "geometry": {"type": "Point", "coordinates": ["9.283836205004587", "47.317241800000005"]}}, {"type": "Feature", "properties": {"identifier": "13743f73-60cd-49d7-91e5-03932f8f53c3", "name": "Ferienwohnung Edelweiss", "description": "<p>\u201cWillkommen in der zauberhaften \u201cEdelweiss\u201d-Ferienwohnung in Wolfhalden. Diese frisch renovierte Unterkunft f\u00fcr 2-4 Personen verspricht nicht nur einen erholsamen Aufenthalt, sondern auch ein unvergleichliches Erlebnis. Die Wohnung bietet einen atemberaubenden Panoramablick auf den Bodensee, der Sie jeden Morgen und Abend mit seiner Sch\u00f6nheit verzaubern wird. Neben der bezaubernden Seesicht verf\u00fcgen wir \u00fcber gratis WLAN und Swisscom TV, damit Sie stets in Verbindung bleiben k\u00f6nnen. Der eigene Garten ist der ideale Ort, um sich zu entspannen und die frische Luft zu genie\u00dfen. Das angrenzende Partyhaus l\u00e4dt zu unterhaltsamen Abenden ein und der Grillbereich sowie das Chemin\u00e9e erm\u00f6glichen es Ihnen, kulinarische K\u00f6stlichkeiten zuzubereiten und den Abend in gem\u00fctlicher Atmosph\u00e4re ausklingen zu lassen. F\u00fcr Ihren Komfort stehen ausreichend Parkpl\u00e4tze zur Verf\u00fcgung. Um die Region zu erkunden, bieten sich Busverbindungen an, die Sie zu den zahlreichen Attraktionen und regionalen Hofl\u00e4den f\u00fchren. Dort k\u00f6nnen Sie lokale Produkte probieren und ein St\u00fcck Appenzeller Gastfreundschaft erleben. Die \u201cEdelweiss\u201d-Ferienwohnung verspricht nicht nur ein Zuhause auf Zeit, sondern auch unvergessliche Momente in einer malerischen Umgebung. Willkommen zu einem Urlaub voller Entspannung, Abenteuer und einer herrlichen Panorama-Seesicht, die Ihre Sinne verzaubern wird.</p><p>Mindestaufenthalt: 3 N\u00e4chte</p>", "image": "https://alarpimtsoch.sos-ch-dk-2.exoscale-cdn.com/catalog/2/5/9/1/25910bab896cf41a6a7afe8a6b2e5b4e0f17dfd3_39d10fc9_a751_4d5b_a211_c2f60bb4dcc3__2.jpeg", "openstreetmap_id": "way/152506005"}, "geometry": {"type": "Point", "coordinates": ["9.5494744", "47.4553123"]}}, {"type": "Feature", "properties": {"identifier": "14664214-7470-43e3-9bf7-d7db7bf4a54e", "name": "B&B Frischknecht", "description": "<p>Fernab von jeglichem Verkehr, mit Blick zur S&auml;ntiskette und inmitten der gr&uuml;nen H&uuml;gellandschaft vom Appenzellerland - hier liegt das Bauernhaus der Familie Frischknecht. Das Ehepaar Lina und Ernst ist pensioniert und legt Wert darauf, bezahlbare Unterk&uuml;nfte f&uuml;r G&auml;ste aus aller Welt anbieten zu k&ouml;nnen. Sie m&ouml;gen Menschen und pflegen einen famili&auml;ren Umgang mit ihren G&auml;sten. Das typische Appenzeller Haus verf&uuml;gt &uuml;ber f&uuml;nf einfache, aber gem&uuml;tliche Zimmer mit Etagendusche. F&uuml;r beste Laune sorgt das reichhaltige Bauernfr&uuml;hst&uuml;ck in der hauseigenen K&uuml;che. Lina Frischknecht liebt es, die G&auml;ste mit Selbstgemachtem und allerlei feinen Produkten aus der Region zu verw&ouml;hnen. F&uuml;r die Verpflegung am Mittag oder Abend laden verschiedene gutb&uuml;rgerliche Restaurants in der Umgebung ein. Es ist kein Mindestaufenthalt erforderlich. Achtung: Bei schneebedeckter Strasse ist f&uuml;r das letzte kurze Steilst&uuml;ck ein Allradfahrzeug erforderlich. Mindestaufenthalt: 1 Nacht</p><h4>Hier gilt die&nbsp;<a href=\"https://www.appenzell.ch/de/unterkunft/appenzeller-ferienkarte.html\">Appenzeller Ferienkarte</a></h4>", "url": "http://www.bnbfrischknecht.ch", "image": "https://alarpimtsoch.sos-ch-dk-2.exoscale-cdn.com/catalog/e/7/c/f/e7cfc240a23726cc7ae6025cba62f6a10adc7769_frischknecht_waldstatt.jpg", "openstreetmap_id": "287037575"}, "geometry": {"type": "Point", "coordinates": ["9.281087800000002", "47.34667279999999"]}}, {"type": "Feature", "properties": {"identifier": "17b4955f-a254-4c2f-9ac7-222c9009290c", "name": "Denkmalgesch\u00fctztes Appenzellerhaus", "description": "<p>G&ouml;nnen Sie sich einen 5*-Urlaub in einem &uuml;ber 200-j&auml;hrigen, vollst&auml;ndig renovierten Appenzellerhaus. Treten Sie ein in die einzigartige Atmosph&auml;re dieser denkmal-gesch&uuml;tzten Liegenschaft, welche f&uuml;r 7 Erwachsene und 4 Kinder Platz bietet. Es verf&uuml;gt &uuml;ber eine Wohnstube, zwei Nebenstuben, eine grosse neue Wohnk&uuml;che, f&uuml;nf Schlafzimmer, ein grosses Kinderzimmer sowie zwei Nasszellen mit Bad/Dusche/WC resp. Dusche/WC. Die Liegenschaft befindet sich unterhalb des Dorfkerns von Stein, ist ruhig und sonnig gelegen und bietet einen traumhaften Ausblick ins Appenzellerland mit der Gebirgskette des Hohen Kastens im Hintergrund. Gerne empfangen wir Sie in unseren heimeligen R&auml;umen f&uuml;r unvergessliche und abwechslungsreiche Ferientage.<br>Mindestaufenthalt: 4 N&auml;chte</p>", "url": "http://www.ferienhaus-appenzell.com", "image": "https://alarpimtsoch.sos-ch-dk-2.exoscale-cdn.com/catalog/6/0/a/9/60a97d4df6fea98a867a892b3bbb17c7bfe4c851_2f844cc2_5387_4cea_a647_2da25704b8d1__2.jpg", "openstreetmap_id": "194350373"}, "geometry": {"type": "Point", "coordinates": ["9.352842800000001", "47.3733259"]}}, {"type": "Feature", "properties": {"identifier": "17ea1a71-cefd-4ab1-a4e4-366e64988e02", "name": "Hirschen Wald - Gasthaus und B\u00e4ckerei", "description": "<p>Der Hirschen Wald verf&uuml;gt &uuml;ber sechs frisch renovierte ger&auml;umige und komfortable Zimmer, die neues und altes verbinden; eine kleine B&auml;ckerei mit einem mehr als hundertj&auml;hrigen Backofen, aus dem es nach Brot, Zopf und zahlreichen Spezialit&auml;ten duftet; zwei heimelige Stuben mit einem 270-j&auml;hrigen Wandbuffet, in denen eine gutb&uuml;rgerliche und regionale K&uuml;che gepflegt wird; und einen Saal f&uuml;r bis zu 60 Personen mit Blick auf den Alpstein und die H&uuml;gel des Appenzellerlands. Der Familienbetrieb liegt ausserhalb des Dorfes Wald, umgeben von Wiesen und W&auml;ldern auf 1050 m &uuml;. M. Wer Ruhe und Entschleunigung sucht, ist hier richtig aufgehoben. In famili&auml;rem Ambiente kann man hier das Appenzellerland auf authentische und unpr&auml;tenti&ouml;se Art erleben und geniessen.&nbsp;</p><h4>Hier gilt die&nbsp;<a href=\"https://www.appenzell.ch/de/unterkunft/appenzeller-ferienkarte.html\">Appenzeller Ferienkarte</a></h4>", "url": "http://www.hirschenwald.ch/", "image": "https://alarpimtsoch.sos-ch-dk-2.exoscale-cdn.com/catalog/7/2/2/0/7220010a178090f31a28d4cfd640c7cdfd46b6bf_hirschen_wald.jpg", "openstreetmap_id": "195107062"}, "geometry": {"type": "Point", "coordinates": ["9.5046876", "47.4190749"]}}, {"type": "Feature", "properties": {"identifier": "1a5afb5b-7b54-4805-9d99-15861dba4ee3", "name": "Stellplatz \u00abParkplatz Risi\u00bb", "description": "<p>Der einfache Stellplatz inmitten der Appenzeller H\u00fcgellandschaft mit Blick auf den Alpstein befindet sich auf dem Parkplatz Risi. Es stehen 2 Stellpl\u00e4tze f\u00fcr maximal 2 N\u00e4chte zur Verf\u00fcgung. Erkunden Sie direkt vom Stellplatz aus die herrlichen Appenzeller Wanderwege (z.B. R\u00e4tselweg), spannende Biketouren oder geniessen Sie einfach die traumhafte Aussicht. Eine \u00dcberblickt der Wanderwege, Feuerstellen, Einkaufsm\u00f6glichkeiten und Restaurants ist auf dem folgenden Situationsplan zu finden. <a href=\"https://www.schwellbrunn.ch/_docn/3091967/Situationsplan.pdf\" rel=\"noopener noreferrer\" target=\"_blank\">Zum Lageplan</a></p><p></p><p>Es handelt sich um einen \u00f6ffentlichen Parkplatz, eine Reservation ist daher nicht m\u00f6glich. Die \u00dcbernachtung ist kostenlos.</p><p></p>", "image": "https://alarpimtsoch.sos-ch-dk-2.exoscale-cdn.com/catalog/4/b/6/a/4b6a33c67295e2f90f39063a280b2f1f1a1a18a1_schwellbrunn_dorf.jpg", "openstreetmap_id": "node/9042296801"}, "geometry": {"type": "Point", "coordinates": ["9.2360522", "47.3462884"]}}, {"type": "Feature", "properties": {"identifier": "26da371d-f459-40f7-9561-e07e22bc6e09", "name": "Ferienwohnung Hilty (Ferienwohnung mit Seeblick)", "description": "<p class=\"MsoNormal\">Herzlich willkommen in der Ferienwohnung Hilty. Ihre perfekte Auszeit mit einzigartigem Seeblick und dem Hauch reiner Natur, die nur auf Sie wartet. G&ouml;nnen Sie sich erholsame Tage in einer Umgebung, die Ruhe und Entspannung verspricht. Gelegen oberhalb des idyllischen Heidens, bietet unsere liebevoll eingerichtete Ferienwohnung eine traumhafte Lage mit unverbautem Blick auf den Bodensee, das charmante Biedermeierdorf und die sanften H&uuml;gellandschaften des Appenzellerlandes.</p><p class=\"MsoNormal\">Innen l&auml;dt die modern und komfortabel ausgestattete 40 m&sup2; grosse Wohnung zu einem angenehmen Aufenthalt ein. Sie ist mit einer voll ausgestatteten K&uuml;che und einem gem&uuml;tlichen Wohnbereich mit einem Ecksofa, das bei Bedarf auch als Bett genutzt werden kann, sowie einem HD-TV ausger&uuml;stet. Der Schlafbereich mit zwei einladenden Einzelbetten verspricht ruhige N&auml;chte. Der separate Eingang und die optimale Raumaufteilung bieten Privatsph&auml;re und Komfort f&uuml;r bis zu drei Personen.</p><p class=\"MsoNormal\">Draussen erwartet Sie ein exklusives Erlebnis der Entspannung und des Wohlbefindens. Beginnen Sie Ihren Tag mit der Morgensonne auf dem gem&uuml;tlichen Sitzplatz und geniessen Sie die Ruhe im privaten Gartenbereich mit Liegewiese, Biotop und Gartengrill. Es ist der ideale Ort, um nach einem erlebnisreichen Tag die Seele baumeln zu lassen.&nbsp;</p><p class=\"MsoNormal\">Die Umgebung ist ein Eldorado f&uuml;r Aktive und Naturliebhaber. Leicht erh&ouml;ht gelegen, erreichen Sie das Dorfzentrum nach einem kurzen Spaziergang. Von der nahegelegenen Postautohaltestelle \"Rosengarten\", nur drei Gehminuten entfernt, sind Sie bestens angebunden. Heiden dient als perfekter Ausgangspunkt f&uuml;r Wanderungen, Radtouren und Ausfl&uuml;ge in die Region. Die N&auml;he zum Bodensee, zur Stadt St. Gallen oder zum Alpstein bietet vielf&auml;ltige Erkundungsm&ouml;glichkeiten, w&auml;hrend die gute Anbindung an &ouml;ffentliche Verkehrsmittel auch eine flexible Reise ohne Auto erm&ouml;glicht.&nbsp;</p><p class=\"MsoNormal\">Erleben Sie unvergessliche Tage in der Ferienwohnung Hilty, wo Sie nicht nur eine atemberaubende Aussicht, sondern auch komfortables Wohnen und eine ideale Lage f&uuml;r Ihre Ausfl&uuml;ge in die Natur und Kultur der Region geniessen k&ouml;nnen.</p><p>Miete 90.- pro Tag / Minimum 5 Tage Inklusive</p><p>Leistungen:</p><ul><li>Appenzeller Ferienkarte mit vielen Verg&uuml;nstigungen</li><li>s&auml;mtliche Nebenkosten</li><li>WLAN</li></ul><p>Zus&auml;tzliche Kosten:</p><ul><li>Bettw&auml;sche und Frottierw&auml;sche 15.- pro Person/Woche (Kann auch selbst mitgebracht werden)</li><li>Kurtaxen 2.20 pro Tag/Person ab 12 Jahren</li><li>Endreinigung 90.-</li><li>Zus&auml;tzliche dritte Person 20.- pro Tag</li></ul><h4>Hier gilt die&nbsp;<a href=\"https://www.appenzell.ch/de/unterkunft/appenzeller-ferienkarte.html\">Appenzeller Ferienkarte</a></h4>", "image": "https://alarpimtsoch.sos-ch-dk-2.exoscale-cdn.com/catalog/6/7/d/0/67d07d52c4d0159bce9a5fbbcd1975c188d8784f_20260616_082648_1_.jpg", "openstreetmap_id": "362560971"}, "geometry": {"type": "Point", "coordinates": ["9.528164", "47.439356"]}}, {"type": "Feature", "properties": {"identifier": "28aed697-f6ef-4eb0-a8d9-98753284d04b", "name": "Ferienwohnung Studio Sunehus", "description": "<p>Verbringen Sie Zeit in unserem Studio in einem modernen ikonischem Holzhaus in ruhiger Umgebung. Per Bahn oder Bus dauert es weniger als eine Stunde ins Zentrum von St. Gallen und etwas \u00fcber eine Stunde nach Z\u00fcrich. Eindr\u00fccklicher Wohnort mit toller Aussicht in die Berge. Frisch umgebaut inklusive kleiner Kochnische und komfortablem Interieur, um sich erholen zu k\u00f6nnen.</p><p>Mindestaufenthalt: 3 N\u00e4chte</p>", "url": "http://www.sunehus.ch", "image": "https://alarpimtsoch.sos-ch-dk-2.exoscale-cdn.com/catalog/0/b/8/b/0b8bd49b3a4e9ec46ca0e498bd6860466821703b_Sunehus_Aussenansicht.webp", "openstreetmap_id": "196015216"}, "geometry": {"type": "Point", "coordinates": ["9.35565233230591", "47.39662806281125"]}}, {"type": "Feature", "properties": {"identifier": "28b8e0ab-fc8e-4f5a-842d-d812633576ab", "name": "Ferienwohnung Sonnegg", "description": "<p>Helle, sonnige Wohnung mit Wohnk&uuml;che, gut eingerichtet in einem typischen Appenzeller Haus. Herrliche Fernsicht, ruhig und zentral gelegen.</p><p>2 Schlafzimmer (1 Doppelbett, 1 Einzelbett), kleine Stube, separater Eingang, Gartenterrasse zur Mitben&uuml;tzung. (Auf Anfrage ist im Estrich ein Zimmer mit zwei zus&auml;tzlichen Betten verf&uuml;gbar)</p><ul><li>Preis pro Tag f&uuml;r 2 Personen: CHF 100.- inkl. Bett-/K&uuml;chen-/Frotteew&auml;sche und Apppenzeller Ferienkarte</li><li>Preis pro Tag f&uuml;r 3 Personen: CHF 110.-&nbsp;</li><li>Exkl. Endreinigung CHF 80.- sowie Kur- und Beherbergungstaxe pro Tag und Person CHF 2.10</li></ul><p>In n&auml;chster N&auml;he finden Sie Einkaufsm&ouml;glichkeiten und Restaurants. In 8 Minuten sind Sie auf dem Bahnhof der Gaiser Bahn mit Verbindungen nach Appenzell, Altst&auml;tten und St. Gallen.</p><h4>Hier gilt die&nbsp;<a href=\"https://www.appenzell.ch/de/unterkunft/appenzeller-ferienkarte.html\">Appenzeller Ferienkarte</a></h4>", "image": "https://alarpimtsoch.sos-ch-dk-2.exoscale-cdn.com/catalog/c/b/2/a/cb2a7eb4bb4b09dae65caa154a47cd668d986574_gais_sonnegg_tannheimer.jpg", "openstreetmap_id": "319847825"}, "geometry": {"type": "Point", "coordinates": ["9.456182", "47.363091"]}}, {"type": "Feature", "properties": {"identifier": "318dea22-ad7b-470b-9626-4de8df1d724c", "name": "Ferienwohnung GLORIOS", "description": "<p>Im Zentrum in lieblicher H&uuml;gellandschaft gelegenem Biedermeier Haus begr&uuml;ssen wir Sie im Kurort Heiden oberhalb des Bodensees. Die stilistisch neu renovierte heimelige Wohnung l&auml;dt zur Erholung und zum gem&uuml;tlichen Verweilen ein. 5 Minuten Fussweg zu den Postautoverbindungen und 10 Minuten Fussweg zum Bahnhof Heiden sind attraktive alternativen zum Auto und tragen somit zu einem umweltbewussten Umgang bei.<br>Vermietung: wochenweise</p>", "image": "https://alarpimtsoch.sos-ch-dk-2.exoscale-cdn.com/catalog/6/3/3/1/6331b4a602288749853518c87e9f2bbdee8f5978_heiden_ferienwohnung_glorios_aussenansicht.jpg", "openstreetmap_id": "way/253241570"}, "geometry": {"type": "Point", "coordinates": ["9.53499549881651", "47.44340475"]}}, {"type": "Feature", "properties": {"identifier": "31b41438-de6d-4ec5-92d6-55eadff21f15", "name": "Gruppenhaus M\u00fcllersberg", "description": "<p>Das Haus ist umfassend renoviert und kann ganzj\u00e4hrig gemietet werden. Geeignet f\u00fcr Klassenlager, Musik- und Sportlager, Wandergruppen, Seminare und Familienfeste. Besonders bietet sich das Haus auch f\u00fcr Menschen mit einer Beeintr\u00e4chtigung an. Es ist vollst\u00e4ndig rollstuhlg\u00e4ngig, verf\u00fcgt \u00fcber 34 Betten, verteilt auf 18 Zimmer und ist erweiterbar auf bis zu 50 Schlafpl\u00e4tze. Es ist eine grosse neuwertige K\u00fcche mit Steamer, Waschstrasse etc. vorhanden. Seit kurzem ist das Haus M\u00fcllersberg auch ein Kunsthaus, denn es sind 80 Kunstwerke von Menschen mit k\u00f6rperlicher und geistiger Behinderung aus der Sammlung von Verena und Hansruedi Fricker ausgestellt.</p><p></p>", "url": "https://www.heiden.ch/raumreservation/detail/11710", "image": "https://alarpimtsoch.sos-ch-dk-2.exoscale-cdn.com/catalog/6/a/f/c/6afc3b88cf9a63015106290d0dc83d60cfb4b3bc_01_Aussenansicht_Richtung_Bodensee.jpg", "openstreetmap_id": "668449586"}, "geometry": {"type": "Point", "coordinates": ["9.536526", "47.434803"]}}, {"type": "Feature", "properties": {"identifier": "3255b724-1d67-436b-aae6-d3e9c0d0989b", "name": "B&B chez Lise", "description": "<p>Die Inhaberin, Lise Frischknecht, zaubert f&uuml;r ihre G&auml;ste k&ouml;stliche Gerichte und macht den Aufenthalt zu einem echt authentischen Erlebnis. Auf Anfrage erhaspeln Sie sogar einen Einblick in den beachtlichen Weinkeller Die unmittelbare Lage zum Zentrums erm&ouml;glicht Ausflugstipps diverser Art wie Wandern, Museumsbesuche, Langlaufen, Schneeschuhwandern, Schwimmen im Freibad und viele mehr. Erleben Sie nachhaltigen Komfort im BnB Chez Lise, wo Solaranlage, Luftw&auml;rmepumpe und konsequente Abfalltrennung f&uuml;r eine umweltfreundliche Auszeit sorgen. Auf Anfrage k&ouml;nnen Kochkurse und Weindegustationen gebucht werden.</p><h4>Hier gilt die&nbsp;<a href=\"https://www.appenzell.ch/de/unterkunft/appenzeller-ferienkarte.html\">Appenzeller Ferienkarte</a></h4>", "url": "http://chezlise.ch/", "image": "https://alarpimtsoch.sos-ch-dk-2.exoscale-cdn.com/catalog/4/c/d/5/4cd5192590bc183ce93dd3a4ea47ff829799e682_3de21968_8498_4f25_8c87_b04a231d019b.jpeg", "openstreetmap_id": "264867188"}, "geometry": {"type": "Point", "coordinates": ["9.2813184", "47.3140021"]}}, {"type": "Feature", "properties": {"identifier": "32fd5998-781a-461a-96f4-732931c63de1", "name": "Ferienwohnung und B&B R\u00e4tia", "description": "Wie w\u00e4re es mit ein paar Tagen auf dem Land und trotzdem in Stadtn\u00e4he? Wolfhalden liegt im wundersch\u00f6nen Appenzellerland fernab vom Stress und doch ist alles ganz schnell erreichbar. Sie wollen das Land geniessen? Kein Problem! Wander-, Fahrrad- und Bike-M\u00f6glichkeiten warten vor der Haust\u00fcre. Wer es gem\u00fctlicher mag, sonnt sich in einem der Freib\u00e4der oder am Bodensee oder l\u00e4sst sich im Heilbad verw\u00f6hnen. Und wer sich dann doch einmal nach der Stadt sehnt, ist in 45min mit dem Postauto oder in 20min mit dem Auto in der Kulturstadt St. Gallen, wo Shopping, Restaurants, Bars und Clubs warten.\n\nDie totalsanierte Ferienwohnung R\u00e4tia befindet sich in einer ehemaligen Pension \u00fcber dem Bodensee. Sie ist vollst\u00e4ndig ausgestattet mit K\u00fcchenutensilien, Gew\u00fcrzen, Geschirr, Badet\u00fccher, Bettw\u00e4sche etc.. Die Zimmer sind liebevoll eingerichtet mit reichlich Ablagefl\u00e4chen und Stauraum. Ein kleiner Balkon l\u00e4dt zum Fr\u00fchst\u00fcck mit Blick auf den Sonnenaufgang \u00fcber dem Pf\u00e4nder ein. Im Wohnzimmer finden Sie einen Fernseher und verschiedene Spiele f\u00fcr Gross und Klein. Internetzugang mit Wireless und Parkpl\u00e4tze sind ebenfalls vorhanden. Im Eingangsbereich laden Prospekte und Lekt\u00fcren zu Aktivit\u00e4ten im und ums Appenzellerland zum Schm\u00f6kern ein. Die Familie Keller freut sich auf Ihren Aufenthalt.\n\nDas Haus R\u00e4tia bietet aber auch Zimmer mit Fr\u00fchst\u00fcck. Die zwei hellen Zimmer sind liebevoll eingerichtet und abschliessbar. Das Badezimmer und das separate WC wird von den maximal vier G\u00e4sten gemeinsam genutzt. Der 1. Stock besitzt eine sehr grosse Terrasse mit einer ph\u00e4nomenalen Aussicht auf den Bodensee. Im Fr\u00fchst\u00fccksraum befindet sich ein K\u00fchlschrank, eine Kaffeemaschine und ein Wasserkocher. Das Fr\u00fchst\u00fcck wird jeden Morgen frisch bereitgestellt und ist zur Selbstbedienung vorbereitet.\n\nFerienwohnung:\nPreis: pro Nacht f\u00fcr 2 Personen CHF 130.00, jede weitere Person CHF 30.00\nWochenrabatt: 10% ab 7 N\u00e4chten\nEndreinigung: CHF 100.00\nKaution: CHF 100.00", "url": "http://www.raetiawolfhalden.ch", "image": "https://alarpimtsoch.sos-ch-dk-2.exoscale-cdn.com/catalog/9/7/b/1/97b15dc8bd343c6f5356a48e540584d630678159_wolfhalden_r__tia.jpeg", "openstreetmap_id": "687577476"}, "geometry": {"type": "Point", "coordinates": ["9.5539319", "47.4543323"]}}, {"type": "Feature", "properties": {"identifier": "33741721-55e5-4770-9722-b3565e2eb019", "name": "Landgasthaus B\u00e4ren, Grub", "description": "<p>Die sch&ouml;ne Aussicht auf den Bodensee, die am Haus vorbeif&uuml;hrende Wanderroute, der nahegelegene Skilift oder das Heilbad Unterrechstein k&ouml;nnen Highlights Ihrer Freizeitgestaltung bei uns werden. Kulinarisch verw&ouml;hnen wir Sie mit einer gepflegten regionalen 2 Hauben-K&uuml;che. Speziell: &laquo;Alltag-Raus Pauschale&raquo; mit &Uuml;bernachtung, Aperitif und einem 5-Gang-Schlemmermen&uuml; CHF 162.50! Der B&auml;ren geh&ouml;rt seit Jahren zu den Klassikern im Appenzellerland, und G&auml;ste erstaunt es nicht, dass das Haus Jahr f&uuml;r Jahr den Weg in die Gourmet-Bibel von GaultMillau findet. Aber man kommt nicht nur der exquisiten K&uuml;che wegen ins Haus. &Uuml;brigens: Wer es einfach liebt, ist mit w&uuml;rzigen &Auml;lpler-Makkaroni gut bedient. Das heimelige Gourmet-St&uuml;bli l&auml;dt genauso zur Einkehr ein wie die vor Jahresfrist renovierte Bodenseestube, die sich heute mit Lounge- und Apero- Bar modern und elegant pr&auml;sentiert.</p><h4>Hier gilt die&nbsp;<a href=\"https://www.appenzell.ch/de/unterkunft/appenzeller-ferienkarte.html\">Appenzeller Ferienkarte</a></h4><p>&nbsp;</p>", "url": "http://www.baeren-grub.ch/", "image": "https://alarpimtsoch.sos-ch-dk-2.exoscale-cdn.com/catalog/7/2/c/7/72c7040518c989492cad68f04e8f173fe355798b_Restaurant_B__ren.jpg", "openstreetmap_id": "way/166526788"}, "geometry": {"type": "Point", "coordinates": ["9.497401714324953", "47.44284815915329"]}}, {"type": "Feature", "properties": {"identifier": "34fdc8a4-cc4c-48d0-b726-f9d18ada58dd", "name": "Linde Heiden", "description": "<p>In der Heidler &laquo;Linde&raquo; finden Sie alles, wonach Ihnen der Sinn stehen k&ouml;nnte. Nebst der Auswahl auf der Karte werden auch sehr preiswerte Tagesmen&uuml;s auf Fleisch- oder Vegibasis angeboten. Wer in der &laquo;Linde&raquo; einkehrt, sollte unbedingt einen Blick in den wunderbaren Saal werfen, eine R&auml;umlichkeit, die so schnell nicht ihresgleichen hat.</p><h4>Hier gilt die&nbsp;<a href=\"https://www.appenzell.ch/de/unterkunft/appenzeller-ferienkarte.html\">Appenzeller Ferienkarte</a></h4>", "url": "http://www.lindeheiden.ch/", "image": "https://alarpimtsoch.sos-ch-dk-2.exoscale-cdn.com/catalog/4/6/a/b/46ab409c8f88d2313340161b3a9a46ba54119689_heiden_linde_sd.jpeg", "openstreetmap_id": "199504848"}, "geometry": {"type": "Point", "coordinates": ["9.535390099999999", "47.444038799999994"]}}, {"type": "Feature", "properties": {"identifier": "376e74cf-13e9-484c-83b0-0b33f6d61faa", "name": "Ferienwohnung im Dorf Urn\u00e4sch", "description": "<p>Es erwartet Sie ein stilvolles Erlebnis in der zentral gelegenen 2 &frac12;-Zimmerwohnung in Urn&auml;sch im sch&ouml;nen Appenzellerland. Die moderne Wohnung hat ein Schlafzimmer, ein Badezimmer, eine komplett ausgestattete K&uuml;che und ein helles Wohnzimmer. Zudem verf&uuml;gt die Wohnung &uuml;ber einen Sitzplatz im Garten. &Ouml;ffentliche Gratisparkpl&auml;tze befinden sich direkt gegen&uuml;ber vom Haus.</p><p>Mindestaufenthalt: 3 N&auml;chte</p><h4>Hier gilt die&nbsp;<a href=\"https://www.appenzell.ch/de/unterkunft/appenzeller-ferienkarte.html\">Appenzeller Ferienkarte</a></h4>", "url": "https://www.ferienwohnungimdorfurnaesch.ch/", "image": "https://alarpimtsoch.sos-ch-dk-2.exoscale-cdn.com/catalog/5/7/9/e/579ee5f528078afc922265630afbca9dac748d70_1__1_.jpg", "openstreetmap_id": "way/306996622"}, "geometry": {"type": "Point", "coordinates": ["9.28374767303467", "47.31774136491166"]}}, {"type": "Feature", "properties": {"identifier": "3d2671d0-c8e7-41f5-bacd-5607604a7d00", "name": "Kleines Loft Gais", "description": "<p class=\"MsoNormal\">Das kleine Loft befindet sich im Erdgeschoss eines herrschaftlichen Hauses und ist sehr ruhig gelegen. Es ist komfortabel und modern eingerichtet: edles Bad in Schwarz und Messing, weisse Kalkputzw&auml;nde, geheizter Design-Betonboden, gut ausgestattete K&uuml;chenkombination. Der grosse Raum ist unterteilt in Bereiche f&uuml;r Kochen, Essen und Schlafen. WLAN und Waschmaschine sind vorhanden. Dank der vielen Fenster ist das Loft von Licht durchflutet. Ein direkter Zugang zum Garten f&uuml;hrt zu einem Sitzplatz. Die Aussichten auf H&uuml;gel und Berge machen Lust auf Wandern und Biken. Bahnhof und Dorfplatz mit Restaurants und einem Einkaufsladen sind nur wenige Schritte entfernt.</p><p class=\"MsoNormal\">Die Wohnung eignet sich f&uuml;r eine bis zwei Personen und kann ab drei N&auml;chte gemietet werden. Ein Parkplatz befindet sich direkt vor dem Haus.</p><h4>Hier gilt die&nbsp;<a href=\"https://www.appenzell.ch/de/unterkunft/appenzeller-ferienkarte.html\">Appenzeller Ferienkarte</a></h4>", "image": "https://alarpimtsoch.sos-ch-dk-2.exoscale-cdn.com/catalog/4/6/7/9/467937027249229b840bf347b1db49e91bb5da77_2_Blick_auf_Sofa_u_Ku__che.jpg", "openstreetmap_id": "240362399"}, "geometry": {"type": "Point", "coordinates": ["9.4508676", "47.3624104"]}}, {"type": "Feature", "properties": {"identifier": "3ef311ff-c78e-461c-a77b-acc152cdfb8d", "name": "Gasthaus Hoher Hirschberg", "description": "<p>Das Berggasthaus Hoher Hirschberg ist f\u00fcr Wanderer, Biker oder mit dem Auto sehr gut erreichbar. Auf der H\u00fcgelspitze werden Sie mit einer herrlichen Aussicht auf den Alpstein und das St.Galler Rheintal belohnt. Das Ausflugsrestaurant ist bekannt f\u00fcr die hausgemachten Desserts und die saisonalen Speisen. Auf dem Hohen Hirschberg \u00fcbernachten ist ein einmaliges Erlebnis. Haben Sie etwas zu feiern? Dann sind Sie bei uns genau richtig.</p><p>Eine Auszeit mitten in der Natur? Das Berggasthaus Hoher Hirschberg bietet auch \u00dcbernachtungsm\u00f6glichkeiten. Von einer \u00dcbernachtung\u00a0 im Matratzenlager bis zum Arvenzimmer mit wundersch\u00f6nem Blick in den Alpstein, da kommt jeder auf seine Kosten. Reservationsanfragen sind telefonisch oder online m\u00f6glich.\u00a0</p><p> </p>", "url": "https://www.hoherhirschberg.ch", "image": "https://alarpimtsoch.sos-ch-dk-2.exoscale-cdn.com/catalog/4/6/f/4/46f438751266f1f337c9db34c626a98d3af1c1fb_DJI_0101_neu.jpg", "openstreetmap_id": "way/238974707"}, "geometry": {"type": "Point", "coordinates": ["9.469854384160104", "47.3429752"]}}, {"type": "Feature", "properties": {"identifier": "40f12c95-da23-445f-918e-0713fd06a82c", "name": "Ferienwohnung Neuhus", "description": "<p>Eingebettet im wundersch\u00f6nen Appenzeller Hinterland liegt der Landwirtschaftsbetrieb mit viel Umschwung. Die ruhige Lage unterhalb der Hundwiler H\u00f6he in einem abgelegenen \u00abH\u00fcgel-T\u00e4\u00e4li\u00bb l\u00e4dt zum Verweilen ein. Geniessen Sie die Ruhe, die Aussicht und die Verbundenheit mit der Natur. Nutzen Sie den Ort als Ausgangspunkt f\u00fcr tolle Ausfl\u00fcge in der Region und erleben Sie das emsige Treiben auf dem Bauernhof. Die Ferienwohnung wurde 2020 beim Wohnhausumbau neu erstellt und m\u00f6bliert und per April 2021 den G\u00e4sten zur Verf\u00fcgung gestellt. Auf rund 86 m2 mit Wohnzimmer-K\u00fcche, Schlafzimmer mit Nebenraum und einem grossen Bad k\u00f6nnen Sie sich wohlf\u00fchlen. Wir freuen uns auf Ihren Besuch!</p><p>Mindestaufenthalt: 2 N\u00e4chte\u00a0</p>", "url": "https://www.erlebnisbauernhof-neuhus.ch/", "image": "https://alarpimtsoch.sos-ch-dk-2.exoscale-cdn.com/catalog/e/3/5/7/e357f0f0ca9ef3e2f363b10f840190081f858fa5_Neuhus08__2.jpg", "openstreetmap_id": "way/316710758"}, "geometry": {"type": "Point", "coordinates": ["9.3224429", "47.3329157"]}}, {"type": "Feature", "properties": {"identifier": "426be530-962e-43ca-8bd6-37c8552d24be", "name": "Appenzellerhaus am Bach", "description": "<p>Das alleinstehende, ruhig gelegene Ferienhaus &laquo;Im Wuhr&raquo; stammt aus dem 18. Jahrhundert und liegt nahe beim Dorfschwimmbad inmitten einer landwirtschaftlich genutzten Wiese (Biolandwirtschaft). Vom Bahnhof aus ist es in 15-20 Fussminuten zu erreichen. Mit dem Auto gelangt man auf einem Fahrstr&auml;sschen direkt zum Haus. In zehn Fussminuten erreicht man das Dorfzentrum mit Gesch&auml;ften f&uuml;r den t&auml;glichen Bedarf. Der Garten l&auml;sst viel Platz zum Spielen, Essen und Ausruhen. Nachts h&ouml;rt man den Brunnen im Garten pl&auml;tschern sowie das Rauschen des Rotbachs, der auch zum Spiel einl&auml;dt. Die Einrichtung ist teilweise antik/rustikal, teilweise im Stil der F&uuml;nfzigerjahre. Die einfache K&uuml;che enth&auml;lt eine umfangreiche Grundausstattung. F&uuml;r Leseratten gibt es gen&uuml;gend Literatur und f&uuml;r Kinder sind Spielsachen vorhanden.</p><p>&nbsp;</p><p>Mindestaufenthalt: 5 N&auml;chte, max. 6 Personen</p>", "image": "https://alarpimtsoch.sos-ch-dk-2.exoscale-cdn.com/catalog/2/f/a/1/2fa1dc5e90c25be338dae97ffff1f79a4480e3c8_gais_ferienhaus_wuhr.jpg", "openstreetmap_id": "235194696"}, "geometry": {"type": "Point", "coordinates": ["9.464120864868166", "47.36408886819045"]}}, {"type": "Feature", "properties": {"identifier": "463dd503-4ca5-42bb-91fb-fa16bdde3721", "name": "Ferienwohnung Stadel", "description": "<p data-start=\"221\" data-end=\"465\">Mitten in der malerischen H&uuml;gellandschaft des Appenzellerlands, unterhalb der eindrucksvollen Hundwilerh&ouml;he, erwartet Sie unser liebevoll gestaltetes Zuhause. Ob jung oder alt, mit oder ohne Kinder &ndash; hier f&uuml;hlen sich alle willkommen.</p><p data-start=\"467\" data-end=\"701\">In einem idyllischen Seitental gelegen, er&ouml;ffnet sich Ihnen ein traumhafter Blick &uuml;ber saftige Wiesen und sanfte H&uuml;gel. Besonders abends, wenn die Sonne hinter den Bergketten versinkt, zeigt sich die Natur von ihrer sch&ouml;nsten Seite.</p><p data-start=\"703\" data-end=\"963\">Rund um die Ferienwohnung finden Sie viele gem&uuml;tliche Pl&auml;tze im Freien: einen eingez&auml;unten Sitzplatz f&uuml;r ruhige Momente, einen offenen Bereich mit Pergola und Grill f&uuml;r gesellige Abende. F&uuml;r Unterhaltung sorgen Tischkicker, Tischtennisplatte und Dartscheibe.</p><p data-start=\"965\" data-end=\"1156\">Ein besonderes Highlight ist unser umgebauter K&auml;lblistall &ndash; heute ein originelles Fondue- und Raclette-St&uuml;bli, in dem Sie in behaglicher Atmosph&auml;re unvergessliche Stunden verbringen k&ouml;nnen.</p><p>Preis pro Woche:<br>April - September: CHF 650.-<br>Oktober - M&auml;rz: CHF 750.-<br>exkl. Kurtaxen + Endreinigung CHF 70.-<br><br>Mindestaufenthalt: 3 N&auml;chte</p>", "image": "https://alarpimtsoch.sos-ch-dk-2.exoscale-cdn.com/catalog/5/a/a/5/5aa50f0e09a47203f5ebdced3197db2b223cc0b8_WhatsApp_Image_2022_02_22_at_18.47.14.jpeg", "openstreetmap_id": "192142274"}, "geometry": {"type": "Point", "coordinates": ["9.3289962", "47.348477100000004"]}}, {"type": "Feature", "properties": {"identifier": "46c63c48-32e0-498b-ae77-50b8c0c80859", "name": "Stellplatz \u00abim Bad\u00bb", "description": "<p>In maximal 700 Meter Gehdistanz entdecken Sie einige Einkaufsm\u00f6glichkeiten und Restaurants sowie den Bahnhof, Postautohaltestellen, Schwimmbad, Kino, Spielplatz und eine Abfalltrennstation. Der Platz ist ausreichend f\u00fcr zwei Camper mit Klappstuhlverhalten. \u00dcbernachten in Fahrzeugen ist nur mit eigenem WC erlaubt\n\nMaximale Aufenthaltsdauer: 3 N\u00e4chte\n\u00d6ffentliche Toiletten: Post/Friedhof ge\u00f6ffnet von 06.00 \u2013 22.00 Uhr\nPreis: CHF 12.20 pro Nacht inkl. 1 Person, Bezahlung via Parkn Sleep (QR-Code vor Ort scannen oder Internetseite besuchen)</p>", "url": "https://www.kurvereinheiden.ch/stellpl%C3%A4tze-f%C3%BCr-camper", "image": "https://alarpimtsoch.sos-ch-dk-2.exoscale-cdn.com/catalog/a/3/9/1/a39195b828bfc1de10cc99609d5cae9a34d48baa_Bad2.jpg", "openstreetmap_id": "way/404692326"}, "geometry": {"type": "Point", "coordinates": ["9.53121913454496", "47.445602254416734"]}}, {"type": "Feature", "properties": {"identifier": "474afc7b-bb93-49fb-9d3e-316b64399819", "name": "Ruhiges Paradiesli mit Rheintal- und Alpsteinblick", "description": "<p>Die herrliche ruhige und sonnige Lage mitten im Gr&uuml;nen, l&auml;dt zum Verweilen und geniessen ein. Wundersch&ouml;ne Wanderungen und Velotouren k&ouml;nnen Sie direkt von der Haust&uuml;re aus starten. Den Abend ausklingen lassen bei einem Glas Wein oder Tee, mit wunderbarer Aussicht auf das Lichtermeer des Rheintals. Im Winter befindet sich eine Langlaufloipe sowie das Skigebiet der Ebenalp in unmittelbarer N&auml;he. Die wunderbare 2 1/2 Zimmerwohnung bietet einen gem&uuml;tlichen Wohn- / Essraum mit einer K&uuml;che, welche mit einem Geschirrsp&uuml;ler, K&uuml;hlschrank, Oel, Essig, Pfeffer und Salz ausgestattet ist. Das Doppelbett im Schlafzimmer und das separate Bettsofa in der Galerie bietet Platz f&uuml;r 2-3 Personen in der neu renovierten Wohnung. Bett-, K&uuml;chen- und Frotteew&auml;sche sind vorhanden. <br>Mindestmietdauer 2 Tage</p>", "image": "https://alarpimtsoch.sos-ch-dk-2.exoscale-cdn.com/catalog/c/6/a/0/c6a07bdc4fc1f5b8b0114dd1b740f5719679b94a_Ruhiges_Paradiesli_Gais.jpg", "openstreetmap_id": "way/775211563"}, "geometry": {"type": "Point", "coordinates": ["9.492223", "47.3649"]}}, {"type": "Feature", "properties": {"identifier": "4fd5993b-a6b1-497d-9751-ff9cb647c755", "name": "Gasthaus Metzgerei Dorfplatz", "description": "<p>Mit viel Herzblut und Leidenschaft f&uuml;hren die Gastgeber Franziska und Peter Signer-Frick gemeinsam mit dem K&uuml;chenchef Philipp Michel das Gasthaus Dorfplatz in Urn&auml;sch. Hier hat das Wohl des Gastes h&ouml;chste Priorit&auml;t. Diesem Grundsatz sowie dem hohen Qualit&auml;tsbewusstsein verpflichtet, gibt das Team t&auml;glich alles, um Ausflugs- und Hotelg&auml;sten ein nachhaltiges Erlebnis zu bieten. Die gem&uuml;tlichen G&auml;stezimmer im Gasthaus Dorfplatz verspr&uuml;hen einen Hauch Romantik &ndash; perfekt f&uuml;r den idyllischen Kurzurlaub. Der Metzgereiladen im Parterre des Gasthauses bietet ein reichhaltiges Angebot an Fleischwaren. Das Dorfleben in Urn&auml;sch ist gepr&auml;gt von Tradition und Brauchtum. Beispiele daf&uuml;r sind der neue und Alte Silvester, das &laquo;&Ouml;berefahre&raquo; (Alpfahrt), der Striichmusigtag oder der Brauchtumsmarkt. Im Gasthaus Dorfplatz sind Sie mittendrin. Sie k&ouml;nnen einen Gang herunterschalten, den Alltag vergessen und einfach nur geniessen. Urn&auml;sch liegt im Appenzeller Hinterland, unweit des S&auml;ntis, dem h&ouml;chsten Berg der Ostschweiz. Das Dorf ist mit der Appenzeller Bahn oder mit dem Auto bestens erreichbar.</p><h4>Hier gilt die&nbsp;<a href=\"https://www.appenzell.ch/de/unterkunft/appenzeller-ferienkarte.html\">Appenzeller Ferienkarte</a></h4>", "url": "https://www.signer-gastro.ch/", "image": "https://alarpimtsoch.sos-ch-dk-2.exoscale-cdn.com/catalog/7/d/a/0/7da015aec2e7988c9e25cf57599244a0cfeea967_Gasthaus_Metzgerei_Dorfplatz.jpg", "openstreetmap_id": "node/11117421148"}, "geometry": {"type": "Point", "coordinates": ["9.2829638", "47.3172206"]}}, {"type": "Feature", "properties": {"identifier": "5111256c-5035-4972-8dcb-54e48ba1b205", "name": "Ferienhaus Usziit", "description": "<p>Idyllisches und gem\u00fctliches 6.5-Zimmerhaus an ruhiger Lage. Das Ferienhaus liegt etwas abgelegen von Degersheim (ca. 2km ins Zentrum). Die direkte Zufahrt zum Haus ist m\u00f6glich, es stehen Parkpl\u00e4tze direkt beim Haus zur Verf\u00fcgung. Das Grundst\u00fcck ist 850 m2 gross. Das Haus umfasst 120 m2 Wohnfl\u00e4che mit drei Schlafzimmern, einem Babyzimmer, zwei Nasszellen, K\u00fcche mit Eckbank, Wohnzimmer mit Ecksofa und Wohnstube mit grossem Tisch und Eckbank. Es gibt einen Abstellraum f\u00fcr Velo, Bikes, Skis, Schlitten, Kinderwagen etc. Ausserdem steht eine Waschmaschine zur Verf\u00fcgung. Ein grosser Garten (eingez\u00e4unt) l\u00e4dt zum gem\u00fctlichen Verweilen ein. Das Haus bietet Platz f\u00fcr bis zu sechs Personen.<br>Vermietung: wochenweise</p>", "url": "https://www.e-domizil.ch/rental/01cb55e3c7a7aa79bc0d8455742c558f", "image": "https://alarpimtsoch.sos-ch-dk-2.exoscale-cdn.com/catalog/7/2/8/3/728302c1640c33f7c47300f6be33839a47da979a_Au.jpg", "openstreetmap_id": "7087911526"}, "geometry": {"type": "Point", "coordinates": ["9.217794835567476", "47.385196640215"]}}, {"type": "Feature", "properties": {"identifier": "5ce9da53-87f8-403c-ab34-5248f21f257c", "name": "Naturfreundehaus Kaien", "description": "Mit seinem grossen Aufenthaltsraum f\u00fcr bis zu 60 Personen ist das Haus ideal geeignet f\u00fcr Firmen, Schulen, Seminare oder Feiern in gr\u00f6sserer Runde. An Wochenenden ist das Haus bewartet und ein beliebtes Ausflugsziel.\nDas Haus kann insgesamt 38 Personen beherbergen. Es verf\u00fcgt \u00fcber 5 Zimmer mit 4 Betten, 2 Zimmer mit 6 Betten, 1 Zimmer mit 5 Betten, Waschr\u00e4ume, Etagenduschen und WCs. Wolldecken und Duvets sind in den Schlafr\u00e4umen vorhanden, Bettw\u00e4sche ist nur in den 4 Zimmern gegen Aufpreis erh\u00e4ltlich. Die grosse und modern eingerichtete K\u00fcche kann unter der Woche ben\u00fctzt werden. An Samstagen und Sonntagen m\u00fcssen die Speisen vom H\u00fcttenwart bezogen werden.\nEs hat einige Freizeit- und Spielm\u00f6glichkeiten im und ums Haus: ein Spielzimmer, ein grosser Gel\u00e4ndespielplatz, Tischtennis-Tisch und Fussballkasten. Im Aussenbereich hat es zudem ein Grillhaus mit Holzkohlegrill und Feuerstellen. \nIn 20 Gehminuten von der Postauto-Haltestelle erreicht man die Gruppenunterkunft. Zufahrt bis zum Parkplatz unterhalb des Haus m\u00f6glich (Parkgeb\u00fchr von CHF 2.00). Kostenlose Parkpl\u00e4tze sind in Rehetobel vorhanden. Das Appenzellerland und bietet als tolles Gebiet diverse M\u00f6glichkeiten f\u00fcr Gruppen an. Das Skigebiet ist 3 Kilometer vom Haus entfernt und kann in 10 Autominuten erreicht werden.", "url": "https://www.kaienhaus.ch/index.php", "image": "https://alarpimtsoch.sos-ch-dk-2.exoscale-cdn.com/catalog/e/9/f/b/e9fb425fd44f0adbdc8fa3c58750364565b9a047_Naturfreundehaus_Kaien.jpg", "openstreetmap_id": "1149868341"}, "geometry": {"type": "Point", "coordinates": ["9.506645", "47.434428"]}}, {"type": "Feature", "properties": {"identifier": "5de0b4d3-35ea-4795-bc65-bd80404c553d", "name": "Ferienwohnung Dorf 5 - Alpsteinpanorama", "description": "Hier \u00fcbernachten, mit einzigartigem Blick \u00fcbers Appenzellerland bis zum S\u00e4ntis, ist zu allen Jahreszeiten ein Erlebnis.\nIm stilvoll renovierten, denkmalgesch\u00fctzten Haus am historischen Dorfplatz von Rehetobel wird alte Bausubstanz mit Modernit\u00e4t verbunden. \n\nDas f\u00fcnfst\u00f6ckige, stattliche Haus hat in seinen 230 Jahren mehreren Zwecken gedient. Wo jetzt ein h\u00fcbsches Beizli, das \u00abGasthaus Dorf5\u00bb mit wundersch\u00f6nem Garten zum Verweilen einl\u00e4dt, war fr\u00fcher das Postb\u00fcro. In den oberen Stockwerken, die als Telegrafenamt und Gesch\u00e4ftsr\u00e4ume dienten, befinden sich heute drei exklusive Wohnungen mit hohem Ausbaustandard. \nDie Wohnung \"Alpsteinpanorama\" h\u00e4lt was der Name verspricht: Die Aussicht aus der Vogelperspektive ist einzigartig. Hier gibt es auf zwei Stockwerken mit 150 m2 Wohnfl\u00e4che viele sch\u00f6ne Orte zum Verweilen. Der sonnige Westbalkon auf dem Zwischengeschoss \u00f6ffnet den Blick auf zwei Seiten.\nDas 45 m\u00b2 grosse Wohnzimmer mit zentralem Chemin\u00e9e ist mit der modernen, gut ausgestatteten K\u00fcche mit Kochinsel und Bar durch Schiebet\u00fcren verbunden.\nIm oberen Stockwerk gibt es zwei reizvolle Schlafzimmer, wobei das kleinere auch als gem\u00fctliches Fernsehzimmer mit toller Aussicht genutzt werden kann.\nWeitere Schlafm\u00f6glichkeit liegen direkt unter dem Dachgiebel und in den\nbeiden Dachnischen (siehe Fotos).\nDie gut isolierte aber nat\u00fcrliche Bausubstanz und die grossz\u00fcgige Ausstattung sind technisch und \u00e4sthetisch auf hohem Niveau. Moderne Kommunikation und ein eingebauter Projektionsbeamer im Wohnzimmer geh\u00f6ren zur perfekten Ausstattung. Daher wird dieser besondere Ort auch f\u00fcr die Durchf\u00fchrung von kleineren Seminaren und Retraiten gerne genutzt.\nVon der zentralen Lage im Appenzeller Vorderland aus lassen sich das Alpsteingebiet, die nahegelegene Bodenseeregion und die \u00e4usserst sehenswerte Stadt St. Gallen ideal erkunden.\n\nDie Wohnung bietet f\u00fcr zwei bis sechs (acht) Personen viel Platz - und sollten Sie einmal keine Lust zum Kochen haben, lassen Sie sich im gem\u00fctlichen Beizli \"Dorf5\" verw\u00f6hnen.\n\nMindestaufenthalt: 1 Nacht (ab CHF 211)\nPreis f\u00fcr 1 Woche: ab CHF 1'500", "url": "https://www.dorf5.ch/", "image": "https://alarpimtsoch.sos-ch-dk-2.exoscale-cdn.com/catalog/a/f/2/d/af2dbea1ae3c777bc4f373c2f2d5b105cbab374c_ferienwohnung_dorf5_rehetobel.jpg", "openstreetmap_id": "node/8521082741"}, "geometry": {"type": "Point", "coordinates": ["9.4834302", "47.4262522"]}}, {"type": "Feature", "properties": {"identifier": "658cdd14-a690-49c9-af3b-fb7de9e01d40", "name": "1001 Sterne Hotel", "description": "Du suchst nach einem Bett f\u00fcr eine Nacht unter freiem Sternenhimmel? Wolltest Du schon immer mal 1001 Sterne vor dem Einschlafen z\u00e4hlen? Fr\u00fchst\u00fcck mit Blick auf den S\u00e4ntis geniessen? Oder etwas Exklusives erleben? Dann bist Du in unserem 1001 Sterne-Hotel genau richtig!\n\nWir haben dem Aebi (Einachser) unseres Urgrossvaters eine neue Aufgabe gegeben. In den letzten Monaten haben wir auf seine Ladebr\u00fccke ein Doppelbett, St\u00fchle und eine Kommode gebaut. So k\u00f6nnen wir Dein Hotelzimmer an den von Dir gew\u00fcnschten Ort fahren. Das grosse Doppelbett und die kuschlige Decke sorgen f\u00fcr den n\u00f6tigen Komfort, falls Du zwischen dem Bestaunen des Nachthimmels und des Alpen-Panoramas trotzdem noch ein Auge zutun m\u00f6chtest. Am Morgen servieren wir Dir/Euch gerne ein leckeres Fr\u00fchst\u00fcck (mit hofgemachten Zutaten) ans Bett.\n\nOb f\u00fcr eine M\u00e4delsnacht, eine romantische Nacht mit Deinem Schatz oder aus Faszination am Nachthimmel \u2013 eine unvergessliche 1001 Sterne-Nacht ist so gut wie garantiert!", "url": "https://tiererlebnishof.ch", "image": "https://alarpimtsoch.sos-ch-dk-2.exoscale-cdn.com/catalog/6/1/1/2/611227b2873ed44f597334f581e2ea56e7d519d3_4.jpg", "openstreetmap_id": "way/769925662"}, "geometry": {"type": "Point", "coordinates": ["9.277664422988893", "47.33567424589583"]}}, {"type": "Feature", "properties": {"identifier": "67aeb3c9-22d6-40df-bc16-ae355bd2329b", "name": "G\u00f6ttiFritz House&Breakfast", "description": "<p>Das Ferienhaus \"G&ouml;ttiFritz\" wird seit 2022 von der InteriorDesignerin Karin Sieber gekonnt und mit viel Liebe zum Detail umgestaltet. Jede einzelne der drei grossen Suiten \"Fritzli, Grittli &amp; R&ouml;&ouml;sli\" haben ihren ganz eigenen Flair-Charakter, Historie und ihre eigene Stimmung. Ausgestattet mit einem Doppelbett, Arbeitsbereich, zus&auml;tzlicher Schlafcouch und eigenen B&auml;dern. Im Erdgeschoss befindet sich das dritte Schlafzimmer mit Bad (barrierefrei), die K&uuml;che, Wohn- und Essbereich, Garderobe sowie eine zus&auml;tzliche G&auml;stetoilette. Es sind die vielen, liebevoll durchdachten Kleinigkeiten, die aus einem Aufenthalt im &bdquo;G&ouml;ttiFritz&ldquo; Guesthouse&amp;HomeStyling im Appenzellerland ein echtes Erholungserlebnis machen. - pers&ouml;nliche Begr&uuml;ssung und Schl&uuml;ssel&uuml;bergabe - inkl. Fr&uuml;hst&uuml;ck zur Selbstbedienung - im Sommer edle k&uuml;hlende Leinenbettw&auml;sche - im Winter kuscheligwarme Flanellbettw&auml;sche - Gartenbereich mit Bistrotisch/Outdoorlounge/H&auml;ngesessel/Grill - auf Wunsch Koch, Butler- und Shuttle Service - inkl. Kur- und Beherbergungstaxen.<br>Mindestaufenthalt: 1 Nacht&nbsp;</p>", "url": "https://g\u00f6ttifritz.ch", "image": "https://alarpimtsoch.sos-ch-dk-2.exoscale-cdn.com/catalog/c/0/c/7/c0c7ac89a8503a6851e93ee405deb712bf378df0_goettifritz_house_and_breakfast_hauptbild_herisau__2.jpg", "openstreetmap_id": "way/25370393"}, "geometry": {"type": "Point", "coordinates": ["9.28997039794922", "47.38417163083634"]}}, {"type": "Feature", "properties": {"identifier": "6c64002c-6e0b-4240-a0c0-281fca5079c8", "name": "Hotel Heiden", "description": "<p>Das Hotel Heiden begeistert mit einer atemberaubenden Aussicht auf den Bodensee. 2022 wurde das Haus renoviert und l&auml;dt mit einem harmonischen Mix aus Tradition und Moderne zum Entspannen ein. Die 58 Zimmer, teilweise mit Balkon und Seesicht sind mit Boxspringbetten und barrierefreien Regenduschen ausgestattet. Im hauseigenen Restaurant Acht werden die G&auml;ste kulinarisch verw&ouml;hnt. Bei der Zusammenstellung der Gerichte legt das K&uuml;chenteam grossen Wert auf Regionalit&auml;t und Saisonalit&auml;t der einzelnen Komponenten. Zum Entschleunigen l&auml;dt die 1000 m2 grosse Wellness-Landschaft mit Panorama-Schwimmbad und -Whirlpool sowie vielseitigem Sauna-Bereich. Die lichtdurchfluteten Seminarr&auml;ume mit Seesicht bieten das ideale Ambiente f&uuml;r erfolgreiche Tagungen und Events.</p><h4>Hier gilt die&nbsp;<a href=\"https://www.appenzell.ch/de/unterkunft/appenzeller-ferienkarte.html\">Appenzeller Ferienkarte</a></h4>", "url": "http://www.hotelheiden.ch/", "image": "https://alarpimtsoch.sos-ch-dk-2.exoscale-cdn.com/catalog/c/7/c/6/c7c685662d613f1170c4f8447a792210649e8aac_heiden_hotel_heiden.jpg", "openstreetmap_id": "199504882"}, "geometry": {"type": "Point", "coordinates": ["9.533705", "47.445726"]}}, {"type": "Feature", "properties": {"identifier": "76b57f7a-bfb4-48c1-b654-ade818c25452", "name": "Ferienwohnung Schwantlernegg", "description": "<p>Zentral gelegen und nur etwa 5 Gehminuten vom Bahnhof entfernt. Ruhig und ohne Durchgangsverkehr, mit atemberaubendem Blick auf den Alpstein und den S&auml;ntis. Wir sind eine kleine Familie, die ihre eigene Einliegerwohnung f&uuml;r Ferieng&auml;ste vermietet. Gais, auf rund 950 m.&uuml;.M., ist ein Paradies f&uuml;r Wanderfreunde und sanften Tourismus. Egal ob zu Fuss oder mit dem Fahrrad, die Region bietet unz&auml;hlige M&ouml;glichkeiten, die wundersch&ouml;ne Natur zu entdecken. Die lokale Gastronomie verw&ouml;hnt Sie mit einer breiten Palette von gutb&uuml;rgerlicher K&uuml;che bis hin zu Gourmet-Restaurants. <br>Mindestaufenthalt: 3 N&auml;chte</p><h4>Hier gilt die&nbsp;<a href=\"https://www.appenzell.ch/de/unterkunft/appenzeller-ferienkarte.html\">Appenzeller Ferienkarte</a></h4>", "image": "https://alarpimtsoch.sos-ch-dk-2.exoscale-cdn.com/catalog/9/0/0/b/900b13418c95a9738773ee5430646c2ec92615ca_IMG_2487.jpeg", "openstreetmap_id": "node/11746818041"}, "geometry": {"type": "Point", "coordinates": ["9.4592104", "47.3663767"]}}, {"type": "Feature", "properties": {"identifier": "76f90407-2d46-40f7-9e11-06eedead7ed0", "name": "G\u00e4stezimmer im \u00abAnna Z\u00fcrcher Haus\u00bb", "description": "<p>Diverse Einkaufsm&ouml;glichkeiten in Gehdistanz. Zu Fuss zum Bahnhof Gais in nur 10 Minuten.</p><p>Die G&auml;stezimmer verf&uuml;gen &uuml;ber ein privates Badezimmer (Dusche/Toilette). Eine voll ausgestattete K&uuml;che sowie Waschmaschine/Tumbler d&uuml;rfen mitbenutzt werden.</p><p>Wander- und Spazierwege sowie Bikerouten starten direkt vor dem Haus. Die Langlaufloipe liegt in 10 Minuten Fussdistanz (N&auml;he Bahnhof Gais). Mehrere Kinderspielpl&auml;tze sowie eine Badi (inkl. Parkpl&auml;tze) liegen in der N&auml;he.</p><div class=\"ce_text block\"><p><strong>Infrastruktur</strong></p><ul><li>K&uuml;che mit Geschirrsp&uuml;ler, K&uuml;hlschrank, Backofen und Steamer</li><li>Wohnzimmer</li><li>Essraum</li><li>Dusche und WC</li><li>Waschmaschine und Tumbler</li><li>Zwei Schlafzimmer mit zwei Doppelbetten (es k&ouml;nnen zus&auml;tzliche Betten aufgestellt werden)</li><li>WLAN</li><li>Gartensitzplatz</li><li>Bett-, K&uuml;chen- und Frotteew&auml;sche vorhanden</li></ul></div><p><strong>Kosten</strong></p><ul><li class=\"MsoNormal\">Doppelzimmer in Einzelbenutzung (1 Person) pro Nacht: CHF 80.-</li><li class=\"MsoNormal\">Doppelzimmer (2 Personen) pro Nacht: CHF 130.-</li><li>Kurtaxen und Endreinigung inbegriffen</li></ul><p><strong>Hinweise</strong></p><ul><li>Haustiere nicht erlaubt</li><li>Mindestaufenthalt zwei N&auml;chte</li><li>keine Parkpl&auml;tze vor dem Haus vorhanden, &ouml;ffentliche Parkpl&auml;tze in 3 Minuten Gehdistanz</li></ul><h4>Hier gilt die&nbsp;<a href=\"https://www.appenzell.ch/de/unterkunft/appenzeller-ferienkarte.html\">Appenzeller Ferienkarte</a></h4>", "image": "https://alarpimtsoch.sos-ch-dk-2.exoscale-cdn.com/catalog/8/7/0/2/870221373d14ab3f056eed0920812a5b459d2c43_7.jpg", "openstreetmap_id": "way/319847840"}, "geometry": {"type": "Point", "coordinates": ["9.4569275", "47.3638146"]}}, {"type": "Feature", "properties": {"identifier": "7a165f8c-5f4b-44d1-bf93-630a5393e54f", "name": "Ferienhaus Fromsenr\u00fcti", "description": "Zwei Schlafzimmer, Appenzeller Stube und Essk\u00fcche sind liebevoll m\u00f6bliert. Herzlich willkommen und geniessen Sie unbeschwerte Tage im Appenzeller Vorderland. \n\nPreis pro Woche:\nCHF 1100.00, inklusive W\u00e4sche und Endreinigung", "url": "http://xn--fromsenrti-heb.ch/", "image": "https://alarpimtsoch.sos-ch-dk-2.exoscale-cdn.com/catalog/0/c/0/3/0c03a5c65c2a6c826c7e41e3d0f243447c6503fd_DJI_0337__2.JPG", "openstreetmap_id": "885449293"}, "geometry": {"type": "Point", "coordinates": ["9.579260000000001", "47.4436726"]}}, {"type": "Feature", "properties": {"identifier": "7c25a025-3926-4ab3-a88c-487994e36a04", "name": "Ferienhaus H\u00f6rli", "description": "Das \"H\u00f6rli\" ist bereits anno 1655 erbaut worden und wurde damals noch als bescheidener Ziegenstall genutzt. Seit dieser Zeit hat sich einiges getan und die Liegenschaft ist gewachsen und, bis auf die ortstypische Raumh\u00f6he von teils weniger als 2 Metern, modern geworden. \n\nNach einer kompletten Renovation im Jahr 2014 bietet das Haus alle Annehmlichkeiten, die den Urlaub abseits von Hektik und Alltagsstress zu einem einzigartigen Erlebnis machen.\n\nNach dem Winterspaziergang zum Hochhamm oder beim Skifahren mit den Kindern am Skilift H\u00f6rnli (welcher sich in Gehdistanz befindet) k\u00f6nnen Sie sich in der Sauna aufw\u00e4rmen. Eine moderne K\u00fcche erm\u00f6glicht anschliessend einen gem\u00fctlichen Fondue-Abend in der warmen Stube, aber auch f\u00fcr anspruchsvollere Men\u00fcs ist die Ausstattung vorhanden.\n\nIm Sommer l\u00e4dt der Garten zum Sonnen ein. Autos und Fussg\u00e4nger lassen sich w\u00e4hrend dem Tag an einer Hand abz\u00e4hlen. Auch aktive Tage auf dem Bike oder bei einer Wanderung im Appenzellerland k\u00f6nnen mit Grillieren an der Feuerschale und einem einmaligen Sonnenuntergang abgeschlossen werden.", "url": "https://www.hoerli.ch", "image": "https://alarpimtsoch.sos-ch-dk-2.exoscale-cdn.com/catalog/9/4/9/7/94976a19e3d957b510a47dad2a1aa62fe87d2802_FerienhausH__rli.jpg", "openstreetmap_id": "11906259373"}, "geometry": {"type": "Point", "coordinates": ["9.210990071296694", "47.30885959988185"]}}, {"type": "Feature", "properties": {"identifier": "7c6ed12e-e64d-4999-a47b-12b9de8506ad", "name": "Gem\u00fctliches Ferienhaus im Appenzellerland", "description": "<p>Dieses Haus eignet sich bestens f\u00fcr Familienferien oder kleinere Gruppen. Insgesamt stehen 6 Schlafzimmer f\u00fcr max. 14 Personen zur Verf\u00fcgung. Der riesige Umschwung gibt Kindern gen\u00fcgend Platz zum Austoben. Im nahen Wald k\u00f6nnen H\u00fctten gebaut werden und vieles mehr... Ein Teil des Hauses ist komplett neu umgebaut. Die Wohnk\u00fcche, das Wohnzimmer mit Specksteinofen und das Badezimmer ist neuwertig. Im Dachgeschoss befinden sich noch Schlafzimmer, welche eher einfach eingerichtet sind, jedoch auch ihren Charme haben. Die Lage des Hauses ist optimal, da in wenigen Minuten die Stadt St. Gallen oder Appenzell erreicht werden kann sowohl auch diverse Ausfl\u00fcge in die Berge nahe gelegen sind.<br>Mindestaufenthalt: 1 Woche</p>", "image": "https://alarpimtsoch.sos-ch-dk-2.exoscale-cdn.com/catalog/c/6/8/b/c68b07233cd716adbdef9ed6cd9c39728562958f_FeWo_Niederberger.jpg", "openstreetmap_id": "423824110"}, "geometry": {"type": "Point", "coordinates": ["9.413660400000001", "47.4018678"]}}, {"type": "Feature", "properties": {"identifier": "85e847ff-0c59-44b1-b040-5c20f44b9bee", "name": "Ferienwohnung Allegra Appenzell", "description": "<p>Die frischrenovierte Ferienwohnung ist bereit, um Sie herzlich willkommen zu heissen.&nbsp; Trogen ist ein herrlicher, historischer Ort, welcher viele M&ouml;glichkeiten bietet: Bodensee in n&auml;chster N&auml;he, Alpsteingebiet in gleicher N&auml;he. Um Trogen gibt es herrliche Wanderungen mit traumhafter Aussicht &uuml;ber den ganzen Alpenraum: Hohe Buche, G&auml;bris.&nbsp; Die Wohnung ist ideal f&uuml;r 2 Personen, sie bietet aber auch Platz f&uuml;r maximal 4 Personen. Im Wohnzimmer stehen zwei Bettsofas f&uuml;r welche es separate Matratzen gibt.&nbsp;Im Wohnzimmer befindet sich ein Fernseher mit integriertem Radio ab Swisscom Box. Ebenso k&ouml;nnen Sie Netflix gratis benutzen. WLAN ist ebenfalls kostenlos vorhanden. In der abgeschlossenen Garage k&ouml;nnen Sie ihr Auto parkieren.&nbsp;Die Gastgeber freuen sich auf Sie.<br>Mindestaufenthalt: 5 N&auml;chte</p><h4>Hier gilt die&nbsp;<a href=\"https://www.appenzell.ch/de/unterkunft/appenzeller-ferienkarte.html\">Appenzeller Ferienkarte</a></h4>", "url": "https://ferien-trogen.ch/", "image": "https://alarpimtsoch.sos-ch-dk-2.exoscale-cdn.com/catalog/8/5/3/7/8537c5bcccc3edd7c00e80cedf11054caa19cb5e_trogen_allegra_aussenansicht1.jpg", "openstreetmap_id": "relation/1683949"}, "geometry": {"type": "Point", "coordinates": ["9.4650334", "47.4080647"]}}, {"type": "Feature", "properties": {"identifier": "8a76d9ab-aff4-4ef2-af67-d9401f655134", "name": "Gasthaus und Metzgerei Ochsen, Schwellbrunn", "description": "Wir sind ein Familienbetrieb mit 15 Mitarbeiterinnen und Mitarbeitern, unter der Leitung von Peter und Annelies Sturzenegger-Frick, in dritter Generation. Seit 80 Jahren betreibt unsere Familie das Metzger-Handwerk mit viel Freude. Unser Gesch\u00e4ft setzt sich zusammen aus drei Fleischfachgesch\u00e4ften - Schwellbrunn, Waldstatt und M\u00f6rschwil - sowie unserem Gasthaus Ochsen in Schwellbrunn.\nUnser Gasthaus mit Restaurant und angrenzendem S\u00e4\u00e4li bietet f\u00fcr ca. 65 Personen Platz. In unserem Restaurant pflegen wir eine neuzeitliche Frischmarktk\u00fcche mit regionalen Qualit\u00e4ts- und Markenprodukten. Dank der hauseigenen Metzgerei kennen wir die Herkunft unserer Fleischprodukte genau. Weit herum sind wir bekannt f\u00fcr unsere Spezialit\u00e4ten. Lassen Sie sich \u00fcberraschen von den kreativen Kochk\u00fcnsten unserer K\u00fcchencrew.", "url": "https://www.sturzenegger-metzgerei.ch/", "image": "https://alarpimtsoch.sos-ch-dk-2.exoscale-cdn.com/catalog/9/0/f/e/90fe6e898d9846b28d945bbf45bae83cfbe47bd4_Ochsen_Schwellbrunn.jpg", "openstreetmap_id": "396353195"}, "geometry": {"type": "Point", "coordinates": ["9.248942999999999", "47.3512031"]}}, {"type": "Feature", "properties": {"identifier": "8b785014-c6d1-4cd8-b22a-a4a5de164bff", "name": "Hotel Krone Wolfhalden", "description": "<div>Das Restaurant Krone in Wolfhalden ist ein wahrer Geheimtipp f&uuml;r Feinschmecker und Liebhaber der traditionellen Schweizer K&uuml;che. Eingebettet in die malerische Landschaft des Appenzellerlands bietet dieses charmante Lokal nicht nur kulinarische Gen&uuml;sse, sondern auch einen atemberaubenden Blick auf die umliegenden Berge, T&auml;ler und den Bodensee.</div><div>&nbsp;</div><div>Die gem&uuml;tliche Atmosph&auml;re im Restaurant Krone l&auml;dt zum Verweilen und Geniessen ein. Der rustikale Charme der Einrichtung, kombiniert mit der herzlichen Gastfreundschaft des Personals, sorgt daf&uuml;r, dass sich jeder Gast sofort wohlf&uuml;hlt. An warmen Sommertagen bietet die Terrasse einen perfekten Ort, um die frische Luft und die herrliche Aussicht zu geniessen. Im Winter hingegen sorgt ein knisterndes Kaminfeuer f&uuml;r eine behagliche Stimmung im Inneren des Lokals.</div><div>&nbsp;</div><h4>Hier gilt die <a href=\"https://www.appenzell.ch/de/unterkunft/appenzeller-ferienkarte.html\">Appenzeller Ferienkarte</a></h4><div>&nbsp;</div>", "url": "https://hotelkronewolfhalden.ch/", "image": "https://alarpimtsoch.sos-ch-dk-2.exoscale-cdn.com/catalog/d/c/4/0/dc40127bfc57d546af7f4af36612e9882547cc50_Krone_daussen_1.jpg", "openstreetmap_id": "node/1653248150"}, "geometry": {"type": "Point", "coordinates": ["9.5517695", "47.4531565"]}}, {"type": "Feature", "properties": {"identifier": "925829bf-ba9e-41e7-951e-f889df35363f", "name": "Backpacker B\u00e4ren", "description": "<p>Mitten im malerischen Dorf Urn\u00e4sch, direkt am Dorfplatz, erwartet dich der Backpacker B\u00e4ren. Ein echtes Appenzellerhaus mit ganz viel Charme und Herz. Du findest hier verschiedene, liebevoll eingerichtete Zimmer, Einzel- Doppel- und Mehrbettzimmer. In der voll ausgestatteten Gemeinschaftsk\u00fcche wird gekocht, im grossen Wohnzimmer gelacht, gespielt und erz\u00e4hlt. Restaurants, ein Supermarkt, eine B\u00e4ckerei, Metzgerei und eine Gelateria. sind nur wenige Schritte entfernt. Auch der Bahnhof und die Touristeninformation befinden sich ganz in der N\u00e4he. Im Backpacker B\u00e4ren z\u00e4hlt Vertrauen, Selbstst\u00e4ndigkeit und Wertsch\u00e4tzung. Jeder soll sich frei entfalten k\u00f6nnen, egal ob du nur f\u00fcr eine Nacht bleibst oder l\u00e4nger verweilst. Triff Menschen aus aller Welt, teile Geschichten oder geniesse einfach die entspannte und unkomplizierte Atmosph\u00e4re. Komm wie du bist \u2013 und f\u00fchl dich ganz wie zu Hause. </p><p></p><p>Mindestaufenthalt: 1 Nacht</p><p></p>", "url": "https://backpacker-baeren.ch/", "image": "https://alarpimtsoch.sos-ch-dk-2.exoscale-cdn.com/catalog/8/9/a/1/89a13f11193a4e99ed8467f03b7492890667af21_Front.jpg", "openstreetmap_id": "way/834279502"}, "geometry": {"type": "Point", "coordinates": ["9.2821768", "47.3169915"]}}, {"type": "Feature", "properties": {"identifier": "93b43142-a5c7-4cfc-85d9-03e08ca55ef6", "name": "Sonnenberg Health Hotel", "description": "<p>Health Hotel Sonnenberg &ndash; Erholung mit Aussicht in Schwellbrunn (AR)</p><p>Im Health Hotel Sonnenberg erleben G&auml;ste ganzheitliche Erholung &uuml;ber den D&auml;chern des Appenzellerlands. Die stilvoll eingerichteten Zimmer verf&uuml;gen &uuml;ber private Balkone mit atemberaubendem Blick auf den S&auml;ntis oder hinab ins weite Tal von Schwellbrunn. Die hauseigene K&uuml;che begeistert mit kreativen, veganen und glutenfreien Spezialit&auml;ten, zubereitet aus regionalen und biologischen Zutaten. F&uuml;r Seminare, Workshops, Retreats oder Yoga-Auszeiten stehen zudem ein Seminarraum sowie ein Yogaraum zur Miete bereit &ndash; ideal f&uuml;r inspirierende Veranstaltungen in ruhiger Umgebung. Ein Ort zum Durchatmen, Geniessen und neue Energie tanken &ndash; mitten in der Natur und der wohltuenden Ruhe des Appenzellerlands.</p><p>Zimmerpreise:</p><ul><li>&bull; Einzelzimmer CHF 170.&ndash;</li><li>&bull; Eckzimmer CHF 190.&ndash;</li><li>&bull; Doppelzimmer CHF 250.&ndash;</li><li>&bull; Eckzimmer CHF 270.&ndash;</li></ul>", "url": "https://sonnenberg-schwellbrunn.ch", "image": "https://alarpimtsoch.sos-ch-dk-2.exoscale-cdn.com/catalog/3/b/1/7/3b1729e4290bef946b920a804e61f62f6edd90fe_BioMed_Center_Sonnenberg.jpeg", "openstreetmap_id": "1015261300"}, "geometry": {"type": "Point", "coordinates": ["9.249577", "47.3529307"]}}, {"type": "Feature", "properties": {"identifier": "95509edc-7f0e-438a-ad03-5c63e40916b1", "name": "Ferienwohnung & BnB H\u00e4lmli", "description": "Als Ferienwohnung stehen sowohl 2-, 3- oder 4 Zimmer zur Verf\u00fcgung f\u00fcr bis maximal 6 Personen. Neuerdings gibt es die M\u00f6glichkeit, auch ein G\u00e4stezimmer (Doppelzimmer) inklusive Fr\u00fchst\u00fcck zu buchen.\n\nIdeal f\u00fcr Familien, Senioren oder Gesch\u00e4ftsleute. Am Dorfrand liegend, erreichen Sie \u00fcber die Wendeltreppe hinunter ins Untergeschoss die Ferienwohnung mit separatem Wohnungseingang. Ein ger\u00e4umiges Entr\u00e9 mit Garderobe empf\u00e4ngt Sie. Die moderne, offene K\u00fcche mit Geschirrsp\u00fcler liegt zusammen mit dem Wohnzimmer, von dem aus \u00fcber eine leicht zu \u00f6ffnende Schiebet\u00fcre der grosse Balkon begangen wird. Die Nasszelle besteht aus einer Dusche, WC und Lavabo. Drei Schlafzimmer stehen wahlweise zur Verf\u00fcgung: Ein Elternschlafzimmer mit zwei Matratzen 90cm Breite, ein Schlafzimmer mit einem franz\u00f6sischen Bett, 160cm Breite mit integrierter Nasszelle (WC, Lavabo und Dusche) und einem kleinen Kinderzimmer mit Etagenbett, 2x190 x 80cm Matratzen. Ein Geschoss tiefer liegt die Spiel- Liegewies. Es besteht auch die M\u00f6glichkeit Waschmaschine und Tumbler zu benutzen.\nDer Internetzugang ist kostenlos.\nDas nahegelegene Mineral-Heilbad Unterrechstein ist in 15 - 20 Gehminuten erreichbar.\n\nFerienwohnung \u201eH\u00e4lmli\u201c f\u00fcr max. 4 Erwachsene und 2 Kinder:\nPreis f\u00fcr 2 Erwachsene Fr. 120.-/Nacht; f\u00fcr 3 Erwachsene Fr. 160.-/Nacht; f\u00fcr 4 Erwachsene 190.-/Nacht.\nMinimum 4 N\u00e4chte buchbar, Saisonzeiten min. 5 N\u00e4chte, \njeweils plus Endreinigung Fr. 120.- und Kurtaxe Fr.2.20/P/Nacht, \nKinder auf Anfrage.\n\nB & B Studio f\u00fcr 2 Personen:\nPreis ohne Morgenesse f\u00fcr 2 Personen Fr. 110.-/Nacht, Saison Fr. 120.-.\nMorgenessen Fr. 9.-/Person.\nNur ab 2 N\u00e4chte buchbar.", "url": "https://ferienwohnung-haelmli.jimdo.com/", "image": "https://alarpimtsoch.sos-ch-dk-2.exoscale-cdn.com/catalog/7/b/d/6/7bd6926049a244758067ea35e3ae1b6e65a1b944_f5986b7920387a19d4cda6c7abc477db_767x0.jpg", "openstreetmap_id": "1162822597"}, "geometry": {"type": "Point", "coordinates": ["9.529355800000001", "47.4387917"]}}, {"type": "Feature", "properties": {"identifier": "9c0ad259-a595-4d5d-a8d1-d334d367946a", "name": "Ferienhaus Lachenweg", "description": "<p>Das gem&uuml;tliche Ferienhaus liegt im Gr&uuml;nen und bietet Ruhe und Erholung. Das Appenzeller Heilbad befindet sich ganz in der N&auml;he.&nbsp;Grub, Heiden und Rehetobel sind in ca. 10 Autominuten erreichbar. Das Haus bietet Platz f&uuml;r 1-5 Personen (127m2)</p><ul><li>EG: Wohnzimmer mit TV, K&uuml;che, 1 Schlafzimmer mit Doppelbett, Dusche, WC</li><li>OG: 1 Schlafzimmer mit Doppelbett und 2 Einzelbetten, 1 Einzelzimmer</li><li>UG: Waschraum mit Gefrierschrank und Waschmaschine</li></ul><p>Umgebung: Gartensitzplatz mit Grill, Tisch und Liegest&uuml;hlen&nbsp;<br>Zufahrt mit Auto und 2 Parkpl&auml;tze vorhanden</p><p>Termine: Wochenweise Sa-Sa w&auml;hrend Schulferien, andere auf Anfrage. Mind. 5 Tage, Anreise w&auml;hlbar.</p><p>Preise:</p><ul><li>Pro Woche f&uuml;r 2 Personen ab Fr. 770.- (exkl. Reinigung und Kurtaxe)</li><li>Jugendliche ab 16 Jahren und Erwachsene Fr. 15.- / Nacht</li><li>Kinder bis 16 Jahren Fr. 5.- / Nacht</li><li>Endreinigung Fr. 80.-</li><li>Kurtaxe Fr. 2.50 pro Person und Tag</li></ul><p>Ausstattung: K&uuml;che: 1 Esstisch, Glaskeramik, K&uuml;hlschrank, Geschirrsp&uuml;ler, Nespresso Kaffeemaschine</p><p>Diverses: Nebenkosten, Bettw&auml;sche, Badt&uuml;cher, K&uuml;chent&uuml;cher und TV/ WLAN sind inbegriffen.<br>Nichtraucherhaus. Haustiere sind nicht erlaubt</p><ul><li class=\"MsoNormal\">Hinweis f&uuml;r SBB Zielort: Der Zielort muss auf \"Rehetobel Lachenweg 266\" ge&auml;ndert werden.</li><li class=\"MsoNormal\">Haltestelle Kaien: Der Fussweg ist k&uuml;rzer und weniger H&ouml;henmeter.&nbsp;</li></ul><p>Es gilt die&nbsp;<a href=\"https://www.appenzell.ch/de/unterkunft/appenzeller-ferienkarte.html\" target=\"_blank\" rel=\"noopener\">Appenzeller Ferienkarte</a></p>", "image": "https://alarpimtsoch.sos-ch-dk-2.exoscale-cdn.com/catalog/4/a/2/b/4a2bcab94bad7a3d6f134ae8a348386154a876e3_Titelbild_Hausfront_3975.JPG", "openstreetmap_id": "way/362561026"}, "geometry": {"type": "Point", "coordinates": ["9.5151257", "47.4355183"]}}, {"type": "Feature", "properties": {"identifier": "9c30ec60-e227-4219-bce7-66ca6d7eb065", "name": "Ferienhaus Rossfall", "description": "<p>Mitten in der Natur, am Fusse des Alpsteins, oberhalb von Urn\u00e4sch, liegt unser historisches Ferienhaus. Trotz der ruhigen Lage ist es \u00fcber die 200m entfernte Passstrasse zur Schw\u00e4galp gut erreichbar. Die vielseitigen M\u00f6glichkeiten und das breite Angebot an attraktiven Ausflugszielen in n\u00e4chster Umgebung machen das Ferienhaus Rossfall zur aussergew\u00f6hnlichen Location f\u00fcr Ihren Event. Die sch\u00f6ne und gem\u00fctliche Unterkunft kann 57 Personen in 11 verschiedenen Zimmern beherbergen. Das Ferienhaus kann als Halbpension oder Vollpension gebucht werden. Die K\u00fcche wird ausschliesslich von unserer H\u00fcttenwartin genutzt. </p><p></p>", "url": "http://www.ferienhaus-rossfall.ch/", "image": "https://alarpimtsoch.sos-ch-dk-2.exoscale-cdn.com/catalog/f/a/a/a/faaad843029babe9cec79b200b5bd61290e5daa9_Ferienhaus_Rossfall1.jpg", "openstreetmap_id": "215228158"}, "geometry": {"type": "Point", "coordinates": ["9.276449900000001", "47.281083200000005"]}}, {"type": "Feature", "properties": {"identifier": "9e56525d-097c-45be-8254-7d7aeaa4dff4", "name": "flueli holiday home, Urn\u00e4sch", "description": "<p>Lust, einmal dem Stadt-Alltag zu entgehen, oder das Gewohnte hinter sich zu lassen? Oder das Homeoffice mit traumhafter Sicht auf die Berge und sanftem Bachrauschen im Hintergrund, zu verlegen? Freude am Wandern, Golfen, Biken oder Langlaufen? <br><br>Ein freundliches Appenzeller Haus im traditionsreichen und attraktiven Urn&auml;scher Dorfkern freut sich auf Ihren Besuch. <br>Das Haus an S&uuml;dhanglage ist freistehend, 2-st&ouml;ckig, ca. 100 Jahre alt und wurde 2021/22 leicht renoviert mit durchgehend neuen Bio Vinyl B&ouml;den, Parkett im Wohnzimmer und mehrheitlich neuen Fenstern und hell gestalteten Zimmern. Im Wohn- und Schlafbereich im 1.OG ist die Zimmerh&ouml;he 2m, im Schlafbereich 2.OG 1.90 m.<br>Zwei freistehende Parkpl&auml;tze stehen zur alleinigen Ben&uuml;tzung zur Verf&uuml;gung.&nbsp;<br><br>Neben den vier Zimmern hat es eine K&uuml;che mit folgenden Ger&auml;ten:</p><ul><li>Drei Herdplatten und Backofen</li><li>Nespresso Kaffeemaschine,&nbsp;Wasserkocher</li><li>Haushaltmaschine</li><li>Toaster</li><li>Raclette Ofen, K&auml;se- und Chinoise Ger&auml;te</li><li>K&uuml;hlschrank, Geschirrsp&uuml;ler und &uuml;bliche K&uuml;chenutensilien</li></ul><p>Das Bad beinhaltet Badewanne, separate Dusche, Lavabo, Handtuchw&auml;rmer, F&ouml;n und Frott&eacute;ew&auml;sche. Das WC ist separat. Das Haus kann mit einem &ouml;lbefeuerten Kachelofen und individuellen Elektro-Heizk&ouml;rpern beheizt werden.</p><p>Mindestaufenthalt: 4 N&auml;chte</p><h4>Hier gilt die&nbsp;<a href=\"https://www.appenzell.ch/de/unterkunft/appenzeller-ferienkarte.html\">Appenzeller Ferienkarte</a></h4>", "url": "https://www.flueli-urnaesch.ch", "image": "https://alarpimtsoch.sos-ch-dk-2.exoscale-cdn.com/catalog/e/2/8/f/e28f8ccb766c62ce7fb30b1f14f74c7f570bdedf_Hausansicht_von_west_20260523_neu__2.jpg", "openstreetmap_id": "way/38692247"}, "geometry": {"type": "Point", "coordinates": ["9.281473175345198", "47.317683117492"]}}, {"type": "Feature", "properties": {"identifier": "a0009abd-7e54-40a4-a8e6-6361e2e7c66c", "name": "Sch\u00e4fli Waldstatt", "description": "<p>Im Gasthaus Sch&auml;fli befinden sich vier neue, komfortabel eingerichtete G&auml;stezimmer. Die vier hellen und freundliche Doppelzimmer werden mit oder ohne Fr&uuml;hst&uuml;ck angeboten. Nach Absprache ist auch Halbpension m&ouml;glich. Alle Zimmer mit Dusche/WC, Radio/TV, WLAN, Schreibtisch und Schallschutzfenster. Auf Wunsch mit zwei Einzelbetten. Zwei Zimmer mit herrlicher Sicht auf das Alpsteinmassiv, zwei Zimmer auf der Nordseite an ruhiger Lage. Die Zimmer sind geeignet f&uuml;r Business, Monteure, Wanderferien oder Genuss-Tage. Parkm&ouml;glichkeiten sind in n&auml;chster N&auml;he gew&auml;hrleistet. Selbst&auml;ndiger Zimmerbezug mit Code und Zugangskarte. Separater Aufenthaltsraum mit voll ausgestatteter K&uuml;che und Kaffeemaschine zur kostenlosen Ben&uuml;tzung.</p><p>Im Restaurant Sch&auml;fli stehen kulinarische K&ouml;stlichkeiten und saisonale Spezialit&auml;ten auf der Speisekarte. Im Sommer l&auml;dt die Gartenterrasse zum Verweilen und Geniessen ein.&nbsp;</p><p>Es gilt die&nbsp;<a href=\"https://www.appenzell.ch/de/unterkunft/appenzeller-ferienkarte.html\" target=\"_blank\" rel=\"noopener\">Appenzeller Ferienkarte</a></p>", "url": "http://www.schaefli-waldstatt.ch/", "image": "https://alarpimtsoch.sos-ch-dk-2.exoscale-cdn.com/catalog/9/0/4/9/9049447cec45751aa913d44dc82b5937069c2c83_schaefli_waldstatt.jpg", "openstreetmap_id": "920001455"}, "geometry": {"type": "Point", "coordinates": ["9.284918800000002", "47.3569021"]}}, {"type": "Feature", "properties": {"identifier": "a1e34583-fdd5-41e9-af4f-ee6f9aee931b", "name": "Ferienwohnung Traube", "description": "<p class=\"MsoNormal\">Mitten im Dorf von Urn&auml;sch ist die Ferienwohnung Traube mit Blick auf den Dorfplatz und ins Gr&uuml;ne hinter dem Haus.</p><p class=\"MsoNormal\">Die einfach eingerichtete Ferienwohnung verf&uuml;gt &uuml;ber eine K&uuml;che, Esszimmer, Badezimmer, ein Doppelzimmer (mit Kinderbett) und ein Bettsofa in der Stube.</p><p class=\"MsoNormal\">Bei Bedarf k&ouml;nnen weitere Zimmer dazu gemietet werden.</p><p class=\"MsoNormal\">Falls der Wunsch mit Fr&uuml;hst&uuml;ck besteht wir dieses nach Absprache zubereitet.</p><p class=\"MsoNormal\">Die zentrale Lage, ist ideal f&uuml;r Ausfl&uuml;ge zu Fuss, mit dem Zug oder Postauto.</p><p class=\"MsoNormal\">Der S&auml;ntis und der Kronberg sind innert weniger als einer Stunde mit dem &ouml;ffentlichen Verkehr <span style=\"mso-spacerun: yes;\">&nbsp;</span>erreichbar.</p><p class=\"MsoNormal\">Das lebende Brauchtum kann vor der T&uuml;re erlebt werden. Sei es der alte (13. Januar) oder neue (31. Dezember) Silvester, die Alpaufz&uuml;ge und Alpabz&uuml;ge und noch vieles mehr.</p><h4>Hier gilt die&nbsp;<a href=\"https://www.appenzell.ch/de/unterkunft/appenzeller-ferienkarte.html\">Appenzeller Ferienkarte</a></h4>", "url": "https://www.ferienwohnung-traube.ch/", "image": "https://alarpimtsoch.sos-ch-dk-2.exoscale-cdn.com/catalog/f/3/5/a/f35a0197bd7733175bfc8827eddd56960382fc82_Dorf_Haus.jpg", "openstreetmap_id": "way/294482752"}, "geometry": {"type": "Point", "coordinates": ["9.2825391", "47.3166146"]}}, {"type": "Feature", "properties": {"identifier": "a25068c8-6fde-4423-9672-fda8d59ca0ef", "name": "BnB Sonder Urn\u00e4sch", "description": "<p class=\"MsoNormal\">Erleben Sie herzliche Gastfreundschaft in unserem liebevoll renovierten Bed &amp; Breakfast. Es erwarten Sie vier bis sechs gem&uuml;tliche &Uuml;bernachtungspl&auml;tze, die Ihnen einen unvergesslichen Aufenthalt inmitten der Natur bieten.</p><p class=\"MsoNormal\">Geniessen Sie ein traditionelles Appenzeller Fr&uuml;hst&uuml;ck, w&auml;hrend Sie den Blick auf die sanften H&uuml;gel werfen. Die Schafe, in unmittelbarer N&auml;he, mit ihrer fr&ouml;hlichen Art, laden zu entspannten Spazierg&auml;ngen ein und bieten die M&ouml;glichkeit, in die Ruhe der Umgebung einzutauchen.</p><p class=\"MsoNormal\">Das Appenzellerland vereint Freizeit und Kultur auf harmonische Weise. Hier k&ouml;nnen Besucher traditionelle Br&auml;uche wie das Silvesterchlausen, Alpfahrten, aber auch Ausfl&uuml;ge in den Alpstein oder auf umliegende H&uuml;gel oder regionale Spezialit&auml;ten geniessen. Verschiedene H&ouml;hepunkte sind mit einer Luftseilbahn erschlossen.<br>Wir freuen uns darauf, Sie bei uns willkommen zu heissen und Ihnen die Sch&ouml;nheit und Gastfreundschaft des Appenzellerlandes n&auml;herzubringen.</p><h4>Hier gilt die <a href=\"https://www.appenzell.ch/de/unterkunft/appenzeller-ferienkarte.html\">Appenzeller Ferienkarte</a></h4>", "url": "https://www.bnb-sonder.ch/", "image": "https://alarpimtsoch.sos-ch-dk-2.exoscale-cdn.com/catalog/8/8/3/f/883f64bf3e2ffce7e68cdef0c87f8beb446a9f10_DJI_0638.jpg", "openstreetmap_id": "way/319262258"}, "geometry": {"type": "Point", "coordinates": ["9.2888716", "47.3357509"]}}, {"type": "Feature", "properties": {"identifier": "a46c2024-d00b-44bf-858c-26802f9f3c6f", "name": "Stellplatz \u00abKirche\u00bb", "description": "Der Kiesparkplatz bietet Platz f\u00fcr zwei Camper mit Parkverhalten. In kurzer Gehdistanz entdecken Sie einige Einkaufsm\u00f6glichkeiten und Restaurants sowie den Bahnhof, Postautohaltestellen, Schwimmbad, Kino, Spielplatz und eine Abfalltrennstation. \u00dcbernachten in Fahrzeugen ist nur mit eigenem WC erlaubt.\n\nDer Stellplatz befindet sich auf dem Kiesplatz der Kirche. Es wird gebeten, auf Kircheng\u00e4ste R\u00fccksicht zu nehmen.\n\nMaximale Aufenthaltsdauer: 3 N\u00e4chte\n\u00d6ffentliche Toiletten: Post/Friedhof ge\u00f6ffnet von 06.00 \u2013 22.00 Uhr\nPreis: CHF 12.20 pro Nacht inkl. 1 Person, Bezahlung via Parkn Sleep (QR-Code vor Ort scannen oder Internetseite besuchen)\u00a0", "url": "https://www.kurvereinheiden.ch/stellpl%C3%A4tze-f%C3%BCr-camper", "image": "https://alarpimtsoch.sos-ch-dk-2.exoscale-cdn.com/catalog/3/8/f/e/38fe1e5e5ab71135de422deb82357f3a27819ab8_Kirche1.jpeg", "openstreetmap_id": "way/199215491"}, "geometry": {"type": "Point", "coordinates": ["9.534995751998174", "47.4450565"]}}, {"type": "Feature", "properties": {"identifier": "a537d44b-5b10-447c-8b6a-cec31532e9cd", "name": "Hotel zur Krone Gais", "description": "<p>Mitten auf dem historischen Dorfplatz pr&auml;sentiert sich das Hotel als idealer Ausgangspunkt f&uuml;r Wanderungen. 25 Doppelzimmer sind mit Dusche oder Bad ausger&uuml;stet. Wir verf&uuml;gen &uuml;ber ein kostenloses W-Lan. Im Weiteren bietet es drei S&auml;le mit Kapazit&auml;t bis zu 200 Personen an und ein wundersch&ouml;nes, heimeliges Restaurant, wo Appenzellerspezialit&auml;ten sowie andere &agrave; la carte Gerichte serviert werden. Die R&auml;umlichkeiten eignen sich f&uuml;r Seminare und andere Veranstaltungen.</p><h4>Hier gilt die&nbsp;<a href=\"https://www.appenzell.ch/de/unterkunft/appenzeller-ferienkarte.html\">Appenzeller Ferienkarte</a></h4>", "url": "http://www.krone-gais.ch/", "image": "https://alarpimtsoch.sos-ch-dk-2.exoscale-cdn.com/catalog/a/7/e/d/a7edd32691c3b600a79f317344f2782ee2555ae9_DSC01457.JPG", "openstreetmap_id": "way/319847517"}, "geometry": {"type": "Point", "coordinates": ["9.453498085041957", "47.36252725"]}}, {"type": "Feature", "properties": {"identifier": "a874d857-f224-4433-af74-632ed22c4224", "name": "B&B Strickerhof", "description": "Der Bauernhof mit Blick auf den S\u00e4ntis liegt am Fusse der Hundwiler H\u00f6hi. Sie erleben verschiedene Tiere wie K\u00fche, K\u00e4lber, Schafe, H\u00fchner und Katzen. Das neuwertige, wundersch\u00f6ne Zimmer mit 2 Schlafpl\u00e4tzen und einem Extrabett verf\u00fcgt \u00fcber ein integriertes Badezimmer. Geniessen Sie auch das Fr\u00fchst\u00fcck mit vielen selbstgemachten oder regionalen Produkten. \n\nMindestaufenthalt: 1 Nacht", "url": "https://bnb.ch/strickerhof-2897/?gad_source=1&gad_campaignid=1680466712&gclid=EAIaIQobChMI__2nssSalgMVdqODBx3ksBXpEAAYASAAEgKoF_D_BwE", "image": "https://alarpimtsoch.sos-ch-dk-2.exoscale-cdn.com/catalog/b/2/7/f/b27f3e77529facaee1332b9e6c6dd337d5bbc920_strickerhof.jpg", "openstreetmap_id": "316806599"}, "geometry": {"type": "Point", "coordinates": ["9.30668", "47.335421000000004"]}}, {"type": "Feature", "properties": {"identifier": "aa5aea44-df70-4d93-96ca-ffe2f100c68f", "name": "Berggasthaus Fuchsacker", "description": "<p>Im Gasthaus Fuchsacker l&auml;sst sich gut sein: sei es f&uuml;r eine Rast auf einer Wanderung, f&uuml;r gem&uuml;tliche und genussvolle Stunden zu zweit oder in einer gr&ouml;sseren Gruppe, oder Sie &uuml;bernachten im Gasthaus und geniessen die Ruhe inmitten der Natur. Das Gasthaus liegt am Rande des Appenzellerlands auf Schwellbrunner Gebiet, die Grenze zum st.gallischen Degersheim ist nah. Die Aussicht &uuml;ber die h&uuml;gelige Landschaft ist herrlich, im S&uuml;den zeigt sich das Alpsteinmassiv mit dem S&auml;ntis. Wanderwege und Velorouten f&uuml;hren aus allen Richtungen auf den 969 Meter &uuml;ber Meer liegenden Punkt. Neben dem Gasthaus gibt es einen Kinderspielplatz. F&uuml;r Wintersport locken ein Skilift und Langlaufloipen in der N&auml;he.</p>", "url": "https://fuchsacker.ch/", "image": "https://alarpimtsoch.sos-ch-dk-2.exoscale-cdn.com/catalog/5/2/2/f/522f621bae02fefedac7243008d244defa24cef5_1.jpeg", "openstreetmap_id": "325151446"}, "geometry": {"type": "Point", "coordinates": ["9.206966757774355", "47.361007584271675"]}}, {"type": "Feature", "properties": {"identifier": "ac04d30c-dd48-4141-bff4-c9a71a565768", "name": "B\u00e4ren - Das G\u00e4stehaus", "description": "<p>Das schmucke Hotel mit neun geschmackvoll eingerichteten Doppelzimmern, eingebettet in der malerischen Appenzeller H&uuml;gellandschaft, bietet den G&auml;sten h&ouml;chsten Komfort zum Wohlf&uuml;hlen und Entspannen. Mit viel Liebe zum Detail wird hier alt und neu harmonisch kombiniert. Ob Ruhe und Erholung oder Aktivit&auml;t und Sport, der B&auml;ren ist der Ort um dem Alltag zu entrinnen.</p><h4>Hier gilt die&nbsp;<a href=\"https://www.appenzell.ch/de/unterkunft/appenzeller-ferienkarte.html\">Appenzeller Ferienkarte</a></h4><p>&nbsp;</p>", "url": "http://www.baerengais.ch/", "image": "https://alarpimtsoch.sos-ch-dk-2.exoscale-cdn.com/catalog/f/e/f/0/fef0b2d809445a00ae38e4b1291287c90d07570b_hotel_baeren_176.jpg", "openstreetmap_id": "319871616"}, "geometry": {"type": "Point", "coordinates": ["9.4537962", "47.3546276"]}}, {"type": "Feature", "properties": {"identifier": "ae31d25f-f4de-4f96-bc16-cf5fba72c205", "name": "TEST Ferienwohnung", "description": "test", "url": "https://tso.ch", "image": "https://alarpimtsoch.sos-ch-dk-2.exoscale-cdn.com/catalog/b/c/e/c/bcec85a93b2795a5660447fac0f9d916c0231257_6515008829_4aba0aac1f_o.jpg", "openstreetmap_id": "node/5415702672"}, "geometry": {"type": "Point", "coordinates": ["9.3479842", "47.4134074"]}}, {"type": "Feature", "properties": {"identifier": "b3003e02-0727-48d3-bbe5-7a338fe4766f", "name": "G\u00e4stehaus Butendiek im Kinderdorf Pestalozzi", "description": "<p>W&auml;hlen Sie aus ger&auml;umigen Sitzungszimmern mit moderner technischer Ausstattung, dem Andachtshaus, Open-Air-Workspaces und dem Pavillon und finden Sie die R&auml;umlichkeiten, die am besten zu Ihren Bed&uuml;rfnissen passen. Mit unseren Seminarpauschalen erhalten Sie ein Rundum-Paket, das die Raummiete, Kaffee und Gipfeli, ein k&ouml;stliches 2-Gang-Mittagsmen&uuml; sowie den Eintritt in unsere interaktive Ausstellung umfasst. Zus&auml;tzlich bieten wir Ihnen &Uuml;bernachtungen in einem originalen Appenzeller Haus an. Im frisch sanierten Haus Butendiek, welches Platz f&uuml;r bis zu 22 Personen bietet, erwarten Sie moderne Einzel und Doppelzimmer mit hochwertigen SAMINA-Schlafsystemen, die f&uuml;r einen erholsamen Schlaf sorgen. Ob als Seminargast, f&uuml;r ein Vereinswochenende oder eine Familienfeier &ndash; hier starten Sie den Tag mit Weitblick und Wohlgef&uuml;hl.</p>\n<p>10 Einzelzimmer ab CHF 80<br>6 Doppelzimmer ab CHF 120<br>*Preise inkl. Fr&uuml;hst&uuml;ck</p>", "image": "https://alarpimtsoch.sos-ch-dk-2.exoscale-cdn.com/catalog/f/7/7/7/f777fd865519df3b38b9cf53e7e0eeb9657ac281_Haus_6_Neueinrichtung__40_.jpg", "openstreetmap_id": "way/761032565"}, "geometry": {"type": "Point", "coordinates": ["9.459517029862655", "47.403535"]}}, {"type": "Feature", "properties": {"identifier": "b402fef6-6476-441f-8575-1a24157d0d99", "name": "Berggasthaus Tierwis", "description": "Das Berggasthaus befindet sich auf einer H\u00f6he von 2'085 m und bietet durch seine spezielle Lage eine wunderbare Aussicht in die umliegende Bergwelt. Richtung Norden reicht die Sicht \u00fcber die sanften H\u00fcgel des Appenzellerlandes bis in den s\u00fcddeutschen Raum und wer die Blicke Richtung S\u00fcden schweifen l\u00e4sst, erkennt die hohen Gipfel der Alpen.  Das Restaurant hat f\u00fcr ungef\u00e4hr 60 Leute Platz. Aussen k\u00f6nnen nochmals 40 Leute bewirtet werden und im Ganzen hat es 50 Schlafpl\u00e4tze f\u00fcr die, die \u00fcber Nacht bleiben m\u00f6chten.", "url": "http://www.tierwis.ch/", "image": "https://alarpimtsoch.sos-ch-dk-2.exoscale-cdn.com/catalog/3/e/7/2/3e721af783a18aa5c1d19320c2ce7f5c879155af_urn__sch_tierwis.jpeg", "openstreetmap_id": "210985396"}, "geometry": {"type": "Point", "coordinates": ["9.328826300000001", "47.2486696"]}}, {"type": "Feature", "properties": {"identifier": "b5afc74e-6dda-4584-8d23-f860ae0d0d3f", "name": "Ferienwohnung Dorf 5 - Kronbergblick", "description": "Hier \u00dcbernachten, mit einzigartigem Blick \u00fcbers Appenzellerland bis hin zum S\u00e4ntis, ist zu allen Jahreszeiten ein Erlebnis.\nIm stilvoll renovierten, denkmalgesch\u00fctzten Haus am historischen Dorfplatz von Rehetobel, wird alte Bausubstanz mit Modernit\u00e4t verbunden.\n\nDas f\u00fcnfst\u00f6ckige, stattliche Haus hat in seinen 230 Jahren mehreren Zwecken gedient. Wo jetzt ein h\u00fcbsches \"Beizli\", das \"Gasthaus Dorf5\", mit wunderbarem Garten zum Verweilen einl\u00e4dt, war fr\u00fcher das Postb\u00fcro von Rehetobel.\nIn den oberen Stockwerken, die als Telegrafenamt und Gesch\u00e4ftsr\u00e4umen dienten, befinden sich heute drei Wohnungen mit hohem Ausbaustandard.\n\nDie grossz\u00fcgige, lichtdurchflutete Wohnung bietet einen 180 Grad Fernblick, einen sch\u00f6nen Balkon und grossz\u00fcgige Wohnr\u00e4ume mit Chemin\u00e9e. Durch Schiebet\u00fcren lassen sich die R\u00e4ume den Bed\u00fcrfnissen entsprechend wandeln.\nDie nat\u00fcrliche Bausubstanz mit viel Holz und die grossz\u00fcgige Ausstattung sind technisch und \u00e4sthetisch auf hohem Niveau. \n\nVon der zentralen Lage im Appenzeller Vorderland aus lassen sich das Alpsteinbegiet, die nahegelegene Bodenseeregion und die \u00e4usserst sehenswerte Stadt St.Gallen ideal erkunden.\n\nDie Wohnung im zweiten Stock bietet f\u00fcr zwei bis vier Personen viel Raum und Sie finden viele gem\u00fctliche Pl\u00e4tzchen zum Verweilen. Kochen in der modern eingerichteten K\u00fcche macht Freude - oder lassen Sie sich lieber im \"Beizli\" unten verw\u00f6hnen?\n\nF\u00fcr mehr als vier Personen empfehlen wir die Wohnung \"Alpsteinpanorama\" im gleichen Haus.\n\nMindestaufenthalt: 1 Nacht (ab CHF 174)\nPreis f\u00fcr 1 Woche: ab CHF 1'500", "url": "https://www.dorf5.ch/", "image": "https://alarpimtsoch.sos-ch-dk-2.exoscale-cdn.com/catalog/d/c/d/3/dcd305384ced498ca81b19bc04003dfb4637dde1_ferienwohnung_dorf5_rehetobel__1_.jpg", "openstreetmap_id": "node/8521082741"}, "geometry": {"type": "Point", "coordinates": ["9.4834302", "47.4262522"]}}, {"type": "Feature", "properties": {"identifier": "b6afaa76-99ae-4076-b146-723edec5f245", "name": "Ferienwohnung Haggen", "description": "<p>Geniessen Sie erholsame Tage im Gr&uuml;nen in der N&auml;he des bekannten Aussichtspunktes und beliebten Ausflugziel St. Anton in Oberegg. Am Tag oder auch abends kann eine herrliche Aussicht &uuml;ber das Rheintal bestaunt werden. Es gibt reichlich Wander- und Biketouren zu entdecken. Am Abend verbringen Sie gem&uuml;tliche Stunden vor dem Kachelofen. Auch kulinarisch ist man auf dem St.Anton und Umgebung gut versorgt. Zahlreiche Restaurant schm&uuml;cken den Berg und die Umgebung. Viele Bauern bieten Eigenproduktionen wie Fleisch, Eier oder Milch an, f&uuml;r die, die leidenschaftlich gerne Kochen. Der ca. 90 qm grosser Ferienhausteil ist per &Ouml;V und Auto erreichbar. F&uuml;r den Winter ist Allrad von Vorteil. Es stehen bis zu zwei Abstellpl&auml;tze zur Verf&uuml;gung und ein separater Raum f&uuml;r Ski, Bikes, etc. Die charmante zweist&ouml;ckige Wohnung hat unten einen gem&uuml;tlichen Wohn- Essbereich verbunden mit der K&uuml;che. Zudem ein Badezimmer. Im oberen Stock ein grosses Schlafzimmer mit einem Doppel- und einem Zusatzbett, sowie nebenan eine weitere Schlafm&ouml;glichkeit. Geheizt wird nur mit dem Kachelofen. Preise Winter CHF 100.00 pro Nacht inklusive Feuerholz Sommer CHF 100.00 pro Nacht exklusive Feuerholz Reinigungsgeb&uuml;hr CHF 100.00</p><p>Mindestaufenthalt: 2 N&auml;chte&nbsp;</p>", "image": "https://alarpimtsoch.sos-ch-dk-2.exoscale-cdn.com/catalog/0/7/7/2/07722219025ce53c3f72b867d5f963c4def95083_1bb7a36c5c44758ee1e24324f44ecf62_767x0.jpg", "openstreetmap_id": "way/196764008"}, "geometry": {"type": "Point", "coordinates": ["9.524130155498288", "47.4052902"]}}, {"type": "Feature", "properties": {"identifier": "b863108b-864b-4719-88b3-4587b8b8e2ad", "name": "Stellplatz \u00abRestaurant Station\u00bb", "description": "Der Stellplatz bietet ausreichend Platz f\u00fcr f\u00fcnf Camper mit Klappstuhlverhalten und liegt nahe an der Bergbahn Rorschach-Heiden. Der ruhig gelegene Platz ist 3 km von Einkaufsm\u00f6glichkeiten und Restaurants sowie dem Bahnhof, Postautohaltestellen, Schwimmbad, Kino, Spielplatz und der Abfalltrennstation entfernt.\n\nPreis: CHF 15.20 pro Nacht inkl. 1 Person, Bezahlung via Parkn Sleep (QR-Code vor Ort scannen oder Internetseite besuchen)\n\nW\u00e4hrend den \u00d6ffnungszeiten des Restaurants d\u00fcrfen die Toiletten benutzt werden:\nMontag, Donnerstag & Freitag jeweils ab 14:00 Uhr\nDienstag + Mittwoch geschlossen\nSamstag ab 10:00 Uhr\nSonntag ab 10:00 Uhr - 20:00 Uhr\n\nTipp: Buchungsbest\u00e4tigung im Restaurant Station zeigen und von einmaligen CHF 5.00 Rabatt auf ein Hauptmenu profitieren.\u00a0", "url": "https://www.kurvereinheiden.ch/stellpl%C3%A4tze-f%C3%BCr-camper", "image": "https://alarpimtsoch.sos-ch-dk-2.exoscale-cdn.com/catalog/9/2/c/3/92c33f7c398d6607b54a60a6a6c467de1f5ecea0_Station1.JPG", "openstreetmap_id": "node/727693480"}, "geometry": {"type": "Point", "coordinates": ["9.530752580960634", "47.4591834578196"]}}, {"type": "Feature", "properties": {"identifier": "b93371b9-9c82-427c-87c0-dea9903415ac", "name": "Gruppenunterkunft Alpstein", "description": "<p>Die Gruppenunterkunft Alpstein Teufen liegt mitten im Appenzellerland am Rande des Dorfzentrums Teufen, 7 km oberhalb St. Gallen und in 15 km Entfernung vom Bodensee. Sie ist ab St. Gallen mit &ouml;ffentlichen Verkehrsmitteln und in 8 - 10 Gehminuten vom Bahnhof Teufen erreichbar. Die Zufahrt bis zum Haus ist m&ouml;glich. Es stehen 5 Parkpl&auml;tze beim Haus zur Verf&uuml;gung. Ein gr&ouml;sserer Parkplatz gibt es in der N&auml;he (200m).Das Appenzellerland und die Region St. Gallen &ndash; Bodensee bieten als tolles Gebiet diverse M&ouml;glichkeiten f&uuml;r Gruppen.</p><p>Das Haus verf&uuml;gt &uuml;ber insgesamt 19 Zimmer (50 Betten), wovon eines rollstuhlg&auml;ngig ist. F&uuml;r die Betten stehen jeweils ein Molton, Kissen mit Bezug und ein Leintuch zur Verf&uuml;gung. Es hat 5 unterschiedlich grosse Aufenthaltsr&auml;ume und 1 Speisesaal f&uuml;r 50 Personen. Die Stockwerke sind mit einem Lift erschlossen. Die Gruppenunterkunft liegt auf einem 2000 m2 grossen Grundst&uuml;ck, mit Wiese ums Haus und einer wunderbaren Sicht auf das Alpsteingebiet. Die Sportanlagen, Kinderspielpl&auml;tze und das Freibad sind in 5 Gehminuten erreichbar. Verschiedene Einkaufs-und Verpflegungsm&ouml;glichkeiten sind im nahen Dorfzentrum vorhanden. Ein Hallenbad befindet sich in der Nachbargemeinde Speicher.</p><p>Die Gruppenunterkunft steht den G&auml;sten fr&uuml;hestens ab 15.00 Uhr des vereinbarten Anreisetages zur Verf&uuml;gung. Am Abreisetag ist die Gruppenunterkunft sp&auml;testens um 10.00 Uhr gereinigt und ger&auml;umt zur Verf&uuml;gung zu stellen.</p>", "url": "http://www.teufen.ch", "image": "https://alarpimtsoch.sos-ch-dk-2.exoscale-cdn.com/catalog/4/4/e/d/44ed7e75af195bf25fb3164de9225116d7fcc558_teufen_gruppenunterkunft_alpstein.jpg", "openstreetmap_id": "317690003"}, "geometry": {"type": "Point", "coordinates": ["9.395688999999999", "47.389219"]}}, {"type": "Feature", "properties": {"identifier": "ba264974-8549-4dea-9405-23034a9f0eae", "name": "Lindenb\u00fchl Seminar- und Ferienhaus", "description": "Das geschichtstr\u00e4chtige 200-j\u00e4hrige Haus ist der ideale Ort f\u00fcr Seminare, Kurse, Retraiten oder Ferien in ruhiger, l\u00e4ndlicher Lage. Drei grossz\u00fcgige Gruppenr\u00e4ume, individuell und liebevoll eingerichtete G\u00e4stezimmer, erholsame Gartensitzpl\u00e4tze und unkomplizierte Gastfreundschaft. Die lustvolle Bio-Frischproduktek\u00fcche ist \u00abgo\u00fbt mieux\u00bb zertifiziert.", "url": "http://lindenbuehl-trogen.ch/", "image": "https://alarpimtsoch.sos-ch-dk-2.exoscale-cdn.com/catalog/0/8/9/8/0898508f520a4224b1c46af23d6f35e78643ec19_Lindenbuehl.jpg", "openstreetmap_id": "413013402"}, "geometry": {"type": "Point", "coordinates": ["9.470170800000002", "47.4023464"]}}, {"type": "Feature", "properties": {"identifier": "c2069062-19c9-4321-a9ad-d067aebc548e", "name": "Gast- und Ferienhaus Frohheim", "description": "<p>Die heimelige Gaststube mit Kachelofen und Schiefertischen sowie das angrenzende S&auml;&auml;li bieten Platz zum Verweilen. Zudem bietet das freundliche Sitzungszimmer Raum f&uuml;r Kreativit&auml;t. Ideal also f&uuml;r Ferien, Kurse, Seminare, Teamevents, Klassentreffen, Geburtstagsfeste und Hochzeiten. Die K&uuml;che ist zweckm&auml;ssig eingerichtet.</p><p>Preise:</p><ul><li>Montag - Freitag: CHF 500.&ndash; pro Nacht&nbsp;</li><li>Samstag, Sonntag: CHF 1000.&ndash; pro Nacht</li></ul><p>Zimmeraufteilung</p><ul><li>2 Zimmer mit 1 Bett</li><li>9 Zimmer mit 2 Betten</li><li>1 Zimmer mit 3 Betten</li><li>2 Zimmer mit 4 Betten</li><li>1 Zimmer mit 5 Betten</li><li>2 Zustellbetten</li></ul><p>Ausstattung</p><ul><li>1 Seminarraum f&uuml;r 8 Personen &agrave; 17 m&sup2;</li><li>1 Aufenthaltsraum f&uuml;r 20 Personen &agrave; 23 m&sup2;</li><li>1 Speisesaal f&uuml;r 25 Personen &agrave; 28 m&sup2;</li></ul><p>Verpflegungsart: Selbstversorgung, Halbpension, Vollpension</p><p>Vermietung: Das Haus wird immer nur an eine Gruppe gleichzeitig vermietet</p><p>Lage/Erreichbarkeit: Zwei Restaurants und ein Dorfladen in unmittelbarer N&auml;he. Viele Themen-, Wander- und Bikewege, Bachbadepl&auml;tze und Grillstellen in h&uuml;geliger Landschaft, Gel&auml;ndespielplatz, Tennisplatz, Baumgarten. Das Haus ist mit &ouml;ffentlichen Verkehrsmitteln erreichbar. Zufahrt bis vors Haus m&ouml;glich mit Auto und Car, 25 Parkpl&auml;tze f&uuml;r PW Umgebung&nbsp;</p>", "url": "https://www.frohheim.com", "image": "https://alarpimtsoch.sos-ch-dk-2.exoscale-cdn.com/catalog/0/c/4/a/0c4a3c32afec9e932d2b2cff128ae8ae9d27c06a_b__chli_fewo_frohheim.jpg", "openstreetmap_id": "177884755"}, "geometry": {"type": "Point", "coordinates": ["9.19636", "47.308508"]}}, {"type": "Feature", "properties": {"identifier": "c366bd22-a2d7-406e-9d9a-a30a6e2f36d6", "name": "Reka-Feriendorf Urn\u00e4sch", "description": "Im Reka-Feriendorf Urn\u00e4sch finden in den Minergieh\u00e4usern, die aus einheimischem Holz gebaut wurden, 50 Familien Platz (Wohnungen mit 2 1/2 bis 5 1/2 Zimmern mit Balkon oder Sitzplatz). In unserem Kleintierstall und Streichelzoo bekommen Kinder die M\u00f6glichkeit, mit den tierischen Bewohnern des Feriendorfs auf Tuchf\u00fchlung zu gehen. Die Kinder k\u00f6nnen mit verschiedenen Tieren in Ber\u00fchrung kommen, sie f\u00fcttern, streicheln und n\u00e4her kennenlernen. Hallenbad mit Kinderplantschbecken und Saunalandschaft, zahlreiche Gemeinschaftsr\u00e4ume sowie verschiedene Spiel- und Sportpl\u00e4tze im Freien, inkl. eines grossen Trampolins, bieten unendlich viele Vergn\u00fcgungsm\u00f6glichkeiten.", "url": "https://reka.ch/de/rekaferien/reka-feriendorf-urnaesch", "image": "https://alarpimtsoch.sos-ch-dk-2.exoscale-cdn.com/catalog/2/2/d/a/22da1cb5b9802fedf6e1623cf94b4ffb81fcc4cd_urn__sch_reka.jpg", "openstreetmap_id": "280446592"}, "geometry": {"type": "Point", "coordinates": ["9.2868187", "47.3176293"]}}, {"type": "Feature", "properties": {"identifier": "c9ae4405-18bd-483b-b1f5-62556ceef81c", "name": "S\u00e4ntis \u2013 das Hotel", "description": "Die Schw\u00e4galp bei Tag und bei Nacht.\nEinmalig einladend. Eingebettet in einer der sch\u00f6nsten Bergkulissen befindet sich das neue Hotel auf der Schw\u00e4galp. Die Gastgeber freuen sich, Sie als G\u00e4ste begr\u00fcssen zu d\u00fcrfen. Herzlich willkommen auf der Schw\u00e4galp!\n\nBergnatur pur.\nS\u00e4ntis \u2013 das Hotel ist der ideale Ausgangspunkt f\u00fcr viele Freizeitaktivit\u00e4ten wie Wandern, Klettern oder anspruchsvolle Touren. Sie k\u00f6nnen es aber auch gem\u00e4chlicher angehen und geniessen einen gem\u00fctlichen Spaziergang auf einem der nahen Wege durch die intakte Bergnatur oder den NaturErlebnispark oder Mieten Sie an der R\u00e9ception halbtags oder den ganzen Tag ein E-Bike. Verbringen Sie aktive Stunden bei uns auf der Schw\u00e4galp und Umgebung.\n\nEntspannung mit Genuss. \nIm Wellnessbereich mit Sauna, Bio-Sauna, Dampfbad, Erlebnisdusche und einem stillen Ruheraum mit Blick in die einmalige Natur, erholen Sie sich von Ihren Alltagssorgen oder der k\u00f6rperlichen Anstrengung nach Ihren Ausfl\u00fcgen.\nDass dabei der kulinarische Aspekt nicht zu kurz kommt, versteht sich von selbst: Im Restaurant mit der wunderbaren Sonnenterrasse werden Ihnen typische Gerichte serviert: Traditionen modern interpretiert und frisch.\n\nSanfte Tr\u00e4ume. \nAuf drei Etagen laden 68 komfortabel ausgestattete Zimmer und Junior-Suiten zu einer ruhigen und erholsamen Nacht ein. Ihr erster Blick am Morgen gilt dem steil aufragenden S\u00e4ntis oder dem vertr\u00e4umten Weidwald. Und wer weiss, vielleicht entdecken Sie noch vor dem Gang ans reichhaltige Fr\u00fchst\u00fccksbuffet einen Fuchs, ein Reh oder sogar einen Steinbock.", "url": "http://www.saentisbahn.ch/hotel", "image": "https://alarpimtsoch.sos-ch-dk-2.exoscale-cdn.com/catalog/2/8/6/8/286808875f605f3caeb66fc17cb147e009d8a3a5_S__ntis___Das_Hotel_3.jpg", "openstreetmap_id": "way/374699470"}, "geometry": {"type": "Point", "coordinates": ["9.318595133336622", "47.25655475000001"]}}, {"type": "Feature", "properties": {"identifier": "cc3ce9f6-0086-40c2-b401-9f4199e52f87", "name": "Gasthaus H\u00f6rnli Hundwil", "description": "Ein bisschen ausserhalb vom Dorf befindet sich unser Gasthaus an der Strasse Richtung Urn\u00e4sch, zu Fuss sind wir von der Posthaltestelle in etwa 15 min zu erreichen. In der gem\u00fctlichen Gastube hat es Platz f\u00fcr 60 Personen. Im oberen Stock hat es einen sch\u00f6nen Saal f\u00fcr 70 Personen und draussen finden auf unserer Terrasse nochmals 30 Personen Platz.\nAus unserer K\u00fcche kommen gutb\u00fcrgerliche Gerichte und Fleisch vom eigenen Bauernhof. Bei uns werden Br\u00e4uche gelebt und Feste gefeiert.", "url": "https://hoernli-hundwil.ch", "image": "https://alarpimtsoch.sos-ch-dk-2.exoscale-cdn.com/catalog/4/8/a/5/48a53019bc0539f2ea8ed3691b77f0572b421391_Bild_H__rnli.JPG", "openstreetmap_id": "194176574"}, "geometry": {"type": "Point", "coordinates": ["9.315037634764266", "47.35761495"]}}, {"type": "Feature", "properties": {"identifier": "cd96f603-c9de-4531-8eb4-b230e8fc5662", "name": "Hotel Idyll Gais", "description": "<p>Im &uuml;ber 300-j&auml;hrigen Appenzellerhaus tauchen Sie in eine entschleunigte Welt ein. In den lichtdurchfluteten Seminarr&auml;umen &ouml;ffnen Sie sich automatisch f&uuml;r Neues. F&uuml;r Ihr leibliches Wohl bieten wir Ihnen frische Gerichte mit lokalen Produkten an. Wanderwege und Langlaufloipe f&uuml;hren am Haus vorbei. Drinnen erwartet Sie ein kleines, eingespieltes Team.</p><p>S&ouml;nd willkomm!</p>", "url": "https://www.idyll-gais.ch/", "image": "https://alarpimtsoch.sos-ch-dk-2.exoscale-cdn.com/catalog/8/5/0/a/850a937e3f376c5490f75dff9ce497bb33228a1f_idyll_fruehling_064.jpg", "openstreetmap_id": "319128388"}, "geometry": {"type": "Point", "coordinates": ["9.454309199999999", "47.352810299999994"]}}, {"type": "Feature", "properties": {"identifier": "ce4fe92d-ba83-4e53-92c4-147870d3d88a", "name": "Wohnmobilstellplatz Schw\u00e4galp", "description": "Geniessen Sie w\u00e4hrend Ihres Aufenthalts eine sch\u00f6ne Sicht ins Gr\u00fcne und auf das S\u00e4ntismassiv. Vom Stellplatz aus sind Wanderwege, Bergbahn sowie Restaurants und \u00d6v Haltestellen schnell zu erreichen.\n\nDer Stellplatz bietet Platz f\u00fcr zw\u00f6lf Camper. \nDieser Stellplatz kostet CHF 20 / Nacht. Bezahlm\u00f6glichkeiten gibt es via der Park'n sleep App.", "url": "https://www.parknsleep.eu/ps/parkplatz-santis-schwebebahn", "image": "https://alarpimtsoch.sos-ch-dk-2.exoscale-cdn.com/catalog/b/9/6/2/b96212dd7b99a29d23b3ee5ef384a4bb8a9f910c_urn__sch_s__ntis__1_.jpg", "openstreetmap_id": "node/53719284"}, "geometry": {"type": "Point", "coordinates": ["9.3201563115154", "47.25700122126115"]}}, {"type": "Feature", "properties": {"identifier": "d3733914-ea95-4656-b077-909967fbdad9", "name": "Ferienwohnung Hof Bommes", "description": "<p>Diese grosse, am Dorfrand gelegene, einfach Ferienwohnung ist ideal f&uuml;r Familien. Nebst dem Doppelzimmer bietet sie eine offene Galerie mit Betten f&uuml;r bis 4 Kinder. Ausserdem befindet sich im Haus ein grosser Hofladen mit Gem&uuml;se und grossem Bioangebot. Kinder d&uuml;rfen auch im Stall mithelfen. Die Badi Gais befindet sich in Gehdistanz. Sitzplatz mit Grill vor dem Haus.<br>Preis: CHF 655 / Woche&nbsp;&nbsp;<br>Vermietung: wochenweise</p><h4>Hier gilt die&nbsp;<a href=\"https://www.appenzell.ch/de/unterkunft/appenzeller-ferienkarte.html\">Appenzeller Ferienkarte</a></h4>", "url": "https://www.hofladen-gais.ch/", "image": "https://alarpimtsoch.sos-ch-dk-2.exoscale-cdn.com/catalog/1/5/e/4/15e4c4a4dffcf2195e5fe1baa6dd399d33d80a9e_gais_hof_bommes.png", "openstreetmap_id": "319847506"}, "geometry": {"type": "Point", "coordinates": ["9.460230699999999", "47.364070299999995"]}}, {"type": "Feature", "properties": {"identifier": "d83886cb-8881-45b4-95ff-50c4bcb91032", "name": "Ferienbleibe Rosenweg \u2013 am Fusse des Alpsteins", "description": "In Urn\u00e4sch gibt es viel zu erleben. Direkt vor der Haust\u00fcre beginnen die sch\u00f6nsten Wanderrouten und Biketouren im Alpstein. Im Winter liegen der Dorfskilift und die Langlaufloipe 100 Schritte entfernt. Doch vor allem sind es die kleinen Dinge, die in Erinnerung bleiben. Sie sollen nicht nur ausserhalb der Ferienbleibe zum Staunen kommen. Deshalb haben sich die Gastgeber besonders viel M\u00fche gegeben und das Herzblut in die Einrichtung der Ferienbleibe gesteckt. Im ganzen Haus finden sich liebevolle Details, die von der Zeit erz\u00e4hlen als die Rose eine B\u00e4ckerei war. Die Vierzimmer-Wohnung verteilt sich \u00fcber drei St\u00f6cke. Insgesamt bieten zwei Schlafzimmer Platz f\u00fcr f\u00fcnf Personen. Das Spiel- und Leseversteck sowie das ger\u00e4umige Wohnzimmer sind Wohlf\u00fchlorte f\u00fcr Gross und Klein. Die Ferienbleibe liegt f\u00fcnf Minuten vom Dorfzentrum entfernt. Entspannt zu Fuss einkaufen ist genauso unkompliziert, wie die Anreise mit dem \u00f6ffentlichen Verkehr.", "url": "https://www.rosenweg.ch/die-ferienbleibe", "image": "https://alarpimtsoch.sos-ch-dk-2.exoscale-cdn.com/catalog/0/f/2/4/0f24c2a03f0a1b145383c373dd731b2c898ade54_91a70bc703901e7cd6c112fb4669a8ec_767x0.jpg", "openstreetmap_id": "way/505489264"}, "geometry": {"type": "Point", "coordinates": ["9.280174970626833", "47.314617366913"]}}, {"type": "Feature", "properties": {"identifier": "d90f0e43-aaff-419b-9db0-6543666f3722", "name": "Seminar Hotel Restaurant Ch\u00e4seren", "description": "<p>Das Seminarhotel und Restaurant Ch\u00e4seren liegt in einer ruhigen Landschaft, 20 Kilometer von St. Gallen entfernt. Es bietet eine wundersch\u00f6ne Aussicht auf das Alpsteinmassiv mit dem S\u00e4ntis. Das Restaurant serviert Schweizer und internationale K\u00fcche sowie saisonale Gerichte.&nbsp;</p><p>Der charmante Appenzeller Landhausstil verleiht den R\u00e4umlichkeiten eine nat\u00fcrliche Eleganz und schafft drinnen wie draussen die perfekte Kulisse f\u00fcr individuelle W\u00fcnsche. Ob f\u00fcr Seminare, eine entspannende Auszeit oder aktive Abenteuer&nbsp;<span style=\"font-family: &quot;Times New Roman&quot;, serif; font-size: 16px;\">\u2013&nbsp;</span>im Seminarhotel und Restaurant Ch\u00e4seren finden Sie den idealen Ort.&nbsp;Die Zimmer des Hotels verf\u00fcgen \u00fcber Sat-TV, Safe und Badezimmer. Wanderwege, Mountainbike-Strecken und im Winter eine Langlaufloipe starten direkt vor der Haust\u00fcr.</p>", "url": "https://www.chaeseren.ch", "image": "https://alarpimtsoch.sos-ch-dk-2.exoscale-cdn.com/catalog/6/6/8/d/668d7afbe2834403a6206810583f6ea57ef9cfe7_Ch__seren.JPG", "openstreetmap_id": "node/9214979979"}, "geometry": {"type": "Point", "coordinates": ["9.202964901924135", "47.329915329608"]}}, {"type": "Feature", "properties": {"identifier": "da19fd1e-5795-438a-967b-5e44f5f96f8d", "name": "Ferienhaus Sennast\u00fcbli", "description": "Das kleine Chalet mit seiner optimal eingerichteten K\u00fcche, einem Badezimmer mit WC und Dusche, dem Schlafzimmer mit Doppelbett und dem kleinen herzigen St\u00fcbli mit Fernseh und Radio l\u00e4dt zum verweilen ein. Wir empfehlen jedoch das Panoramafernsehn zum Fenster raus.  Der grosse Garten und die Terrasse geben Platz um draussen die Natur zu geniessen und zu entspannen. Sie k\u00f6nnen wundersch\u00f6ne Sonnenauf und -unterg\u00e4nge mit Blick auf den Alpstein geniessen. Der atemberaubende Ausblick \u00fcber den Alpstein, H\u00fcgel und das Land l\u00e4dt zudem zum Wandern, Sporttreiben und spazieren ein. Das H\u00e4uschen ist perfekt gelegen f\u00fcr Wanderungen oder f\u00fcr Wintersportferien mit Schneeschuhlaufen, Langlaufen oder Schlitteln.\n\nVermietung wochenweise.", "url": "https://www.sennast\u00fcbli.ch/", "image": "https://alarpimtsoch.sos-ch-dk-2.exoscale-cdn.com/catalog/3/5/d/3/35d31433f0b0a73ee9e62c35c2472023b8afa1f2_683aee0fde8419abaad1020919f7f071_767x0.jpg", "openstreetmap_id": "way/775757924"}, "geometry": {"type": "Point", "coordinates": ["9.432449340820314", "47.3830960896874"]}}, {"type": "Feature", "properties": {"identifier": "e02faaf4-6ca7-420c-b98b-ee78c67b9249", "name": "Urn\u00e4scher Demeter Hof", "description": "<p>&bdquo;Schlof&auml;&auml; id&auml; Streuii&ldquo; &ndash; Auf dem biodynamischen Demeterhof in Urn&auml;sch.</p><p>&Uuml;bernachten Sie in unseren vier neuen, ganzj&auml;hrig ge&ouml;ffneten Heuzimmern mit Streubett und erleben Sie die Natur mit allen Sinnen.</p><p>&Uuml;bernachtungen ab 1 bis 16 Personen m&ouml;glich.</p><p><a href=\"https://urnaescher-demeterhof.ch/wp-content/uploads/2026/07/Demeter-Preisliste-UebernachtenPDF.pdf\" target=\"_blank\" rel=\"noopener\">Preisliste</a></p>", "url": "https://urnaescher-demeterhof.ch/", "image": "https://alarpimtsoch.sos-ch-dk-2.exoscale-cdn.com/catalog/d/a/f/0/daf07017ebdb0ef2ccb2a7f13d1f6d2da2950a90_Demeterhof_Hauptbild.JPG", "openstreetmap_id": "node/13328569562"}, "geometry": {"type": "Point", "coordinates": ["9.281639362859028", "47.31340629756989"]}}, {"type": "Feature", "properties": {"identifier": "e285d961-3a3e-4026-bd40-9d567610f097", "name": "Ferienwohnung Windegg", "description": "<p>Ideal f\u00fcr Familien, Paare, Senioren, Ruhesuchende, Gesch\u00e4ftsleute, Naturfreunde usw. Abseits von L\u00e4rm und Hektik mit traumhafter Panorama-Sicht auf den Alpstein geniessen Sie hier Ihre Ferientage. Die Ferienwohnung mit separatem Eingang liegt auf 950 m. \u00fc. M. ausserhalb von Urn\u00e4sch. Die gem\u00fctliche Wohnung bietet eine moderne K\u00fcche, eine Stube und zwei Schlafzimmer. Ein grossz\u00fcgiger Garten mit viel Sonne, schattenspendenden Obstb\u00e4umen und herrlichem Weitblick l\u00e4dt zum Verweilen ein. Zahllose Wanderwege warten darauf, entdeckt zu werden. Im nahegelegenen Wald l\u00e4dt ein Tipi (inkl. Feuerstelle) auch Kinder zu Spass und Abenteuern ein. Falls sich jemand von den warmen Augen der Alpakas und Lamas ber\u00fchren lassen m\u00f6chte, wohnen diese zauberhaften Tiere nur ein paar Schritte von der Ferienwohnungst\u00fcr entfernt und k\u00f6nnen jederzeit beim Fressen, Summen und Geniessen beobachtet werden. Monika Egli heisst Sie herzlich willkommen! Preise (exkl. Kurtaxe) Ganze Wohnung CHF 850.-- pro Woche f\u00fcr 2 Personen, jede zus\u00e4tzliche Person CHF 200.--, pro Kind 2-12 J.: CHF 70.-- Bei k\u00fcrzerer Aufenthaltsdauer: 2 N\u00e4chte f\u00fcr 2 Personen CHF 80.--/Person/Nacht f\u00fcr jede zus\u00e4tzliche Person: CHF 80.--/Nacht Kinder 2-12 J.: CHF 35.--/Kind/Nacht Ab 3 N\u00e4chten f\u00fcr 2 Personen CHF 70.--/Person/Nacht Kinder 2-12 J.: CHF 25.--/Kind/Nacht Einzelbelegung ganze Wohnung ab 2 N\u00e4chten CHF 105.--/Person/Nacht Reinigung pauschal: CHF 140.--/Aufenthalt Im Preis inbegriffen sind Bett-, Bad- und K\u00fcchenw\u00e4sche. F\u00fcr die Kinder hat es zahlreiche Spielsachen zum Ben\u00fctzen und ganz viel Platz in der freien Natur. Ab zwei \u00dcbernachtungen kann von der OKSAR Ferienkarte profitiert werden. Gerne teilt Monika Egli Informationen dar\u00fcber mit.</p><p></p><p>Mindestaufenthalt: 2 N\u00e4chte </p><p></p>", "url": "https://tiererlebnishof.ch/ferienwohnung", "image": "https://alarpimtsoch.sos-ch-dk-2.exoscale-cdn.com/catalog/9/e/a/9/9ea9b646be0710e6d32a90c336c2c8bee68f32af_Haus_mit_Alpakas.jpg", "openstreetmap_id": "987366078"}, "geometry": {"type": "Point", "coordinates": ["9.278789999999999", "47.33515"]}}, {"type": "Feature", "properties": {"identifier": "e496d6b4-8b05-425f-9e37-e6b3877d2eff", "name": "Ferienwohnig ufem Berg", "description": "<p>Um unser Haus herum hat es viel Platz zum spielen. Verschiedene Freizeitm&ouml;glichkeiten in Herisau sind schnell erreichbar: wie Sportzentrum, grosser Spielplatz, Appenzellerpark mit einem der gr&ouml;ssten Bagger der Welt, sowie Kinderpardies Sedel. S&auml;ntispark, Stausee, Walter Zoo, Schauk&auml;serei und Museen in den Nachbargemeinden. St. Gallen, Bodensee, Appenzell und Alpstein sind in max. 30. Automin. erreichbar. In der heimeligen Dachwohnung befindet sich eine gem&uuml;tliche Kochnische mit neuem Wohnzimmer, ein neues Doppelzimmer mit Kinderbett, ein Doppelzimmer mit Blick zum S&auml;ntis, ein Zimmer mit Etagebett, sowie Dusche/WC. Verschiedene Raumh&ouml;hen durch Dachschr&auml;gen ab 195 cm. Gute Zufahrtsstrasse, 5 Autom. zum Zentrum, 10 Fussmin. zum Bus. <br>Wir freuen uns auf Ihren Besuch!<br><br>Preis: ab CHF 800 / Woche&nbsp;</p>", "image": "https://alarpimtsoch.sos-ch-dk-2.exoscale-cdn.com/catalog/5/9/7/6/597612a775681f64b33f2a29c0edc669badcf1af_ufemberg.jpg", "openstreetmap_id": "392124528"}, "geometry": {"type": "Point", "coordinates": ["9.3130565", "47.391884999999995"]}}, {"type": "Feature", "properties": {"identifier": "f29dd0ff-d2b0-4431-acb1-4370b3f7c546", "name": "Ferienhaus \"B\u00f6mmeli\" -  im Alpsteingebiet", "description": "<p>Entdecken Sie unser idyllisch gelegenes Ferienhaus direkt am Weissbach, umgeben von der atemberaubenden Kulisse des Alpsteins und weiteren malerischen Wandergebieten wie dem Kronberg, Kronberg, Hoher Kasten, Schw&auml;galp und S&auml;ntis. Gelegen auf einer H&ouml;he von 850 Metern &uuml;ber dem Meer bietet dieses charmante Domizil die perfekte Mischung aus Abgeschiedenheit und N&auml;he zu attraktiven Ausflugszielen, nur jeweils 2 km von Urn&auml;sch und Jakobsbad entfernt. Eine kurze Distanz von ca. 1 km trennt Sie von der Bergbahn zum Kronberg, einer Rodelbahn, einem Seilpark und einem Skilift samt grossz&uuml;giger Gastwirtschaft.</p><p>Im Erdgeschoss des Hauses finden Sie ein komfortables, gem&uuml;tliches Wohnzimmer, ein grossz&uuml;giges Schlafzimmer mit Doppelbett sowie ein Badezimmer mit Dusche, WC und Waschtisch. Die kleine K&uuml;che ist ausgestattet mit K&uuml;hlschrank und Eisfach, Induktionsherd mit Dampfabzug sowie einem Backofen. Im Wohnzimmer l&auml;dt ein ausziehbarer Esstisch f&uuml;r bis zu acht Personen zum gemeinsamen Verweilen ein, erg&auml;nzt durch ein Bettsofa, ein Chemin&eacute;e und Bodenheizung. &Uuml;ber eine Holztreppe erreichen Sie zwei romantische Schlafzimmer im Obergeschoss, jedes ausgestattet mit einem Doppel- und einem Einzelbett.</p><p>Im Aussenbereich des Hauses befinden sich zwei Terrassen, eine vor und eine hinter dem Haus, sowie einem grossen Garten mit Aussenchemin&eacute;e. Direkt am Weissbach gelegen bietet ein gem&uuml;tlicher Sitzplatz die ideale Gelegenheit, die idyllische Ruhe zu geniessen.&nbsp;Weiterhin stehen zwei Parkpl&auml;tze und ein Tischtennistisch zur Verf&uuml;gung.</p><h4>Hier gilt die&nbsp;<a href=\"https://www.appenzell.ch/de/unterkunft/appenzeller-ferienkarte.html\">Appenzeller Ferienkarte</a></h4>", "url": "https://www.walterdietrich.ch/index.php/privat/ferienhaus-boemmeli-menu", "image": "https://alarpimtsoch.sos-ch-dk-2.exoscale-cdn.com/catalog/0/c/d/a/0cdacc987589e4c1d4c063bbb29ea14108d0d59b_00_Ferienhaus.jpg", "openstreetmap_id": "263777719"}, "geometry": {"type": "Point", "coordinates": ["9.307533", "47.321338"]}}, {"type": "Feature", "properties": {"identifier": "f69a3d2b-d622-449b-80db-1a3ae43bcea7", "name": "Hotel zur Linde", "description": "<p>Es ist die gelebte Gastfreundschaft wie auch die Vielseitigkeit des K&uuml;chenchefs, die von den G&auml;sten sehr gesch&auml;tzt werden. Kleine Gerichte, wie etwa Appenzeller Spezialit&auml;ten, sind ebenso gefragt wie die exzellente Gourmetk&uuml;che. In gediegenen R&auml;umen kann man sich hinsetzen und in der warmen Jahreszeit lockt der sch&ouml;ne Garten.</p><h4>Hier gilt die <a href=\"https://www.appenzell.ch/de/unterkunft/appenzeller-ferienkarte.html\">Appenzeller Ferienkarte</a></h4>", "url": "http://www.hotelzurlinde.ch/", "image": "https://alarpimtsoch.sos-ch-dk-2.exoscale-cdn.com/catalog/2/5/9/b/259ba9bd50359d8ba611700ae04632f106994807_Linde_Teufen_Blumen_und_S__dseite.gif", "openstreetmap_id": "199504848"}, "geometry": {"type": "Point", "coordinates": ["9.39305", "47.3868165"]}}, {"type": "Feature", "properties": {"identifier": "f7361e5c-8633-401d-9f27-eb553f41929d", "name": "Camping B\u00e4chli", "description": "<p>Folgende Annehmlichkeiten geniessen die G&auml;ste:</p><ul><li>Ganzjahres- und Saisonpl&auml;tze</li><li>Kabel-TV</li><li>WLAN kostenlos</li><li>Motorhome-Standpl&auml;tze</li><li>Grossz&uuml;giger Sitzplatz im Freien</li><li>Aufenthaltsraum</li><li>Solaranlage</li><li>Barrierefreise WC und Dusche</li><li>Waschmaschine / Tumbler</li><li>Babyraum</li><li>Spielpl&auml;tze</li></ul>", "url": "http://www.camping-baechli.ch", "image": "https://alarpimtsoch.sos-ch-dk-2.exoscale-cdn.com/catalog/1/a/0/4/1a042554b758ca64acdefe4d3ff2a44dcb99664d_Camping_B__chli.jpg", "openstreetmap_id": "26860577"}, "geometry": {"type": "Point", "coordinates": ["9.1948689", "47.3065564"]}}, {"type": "Feature", "properties": {"identifier": "f7ea50d0-6257-4266-8de3-c716740b8d8c", "name": "Hotel Herisau | Restaurant Moo", "description": "Idealer Ausgangspunkt f\u00fcr Entdeckungsreisen durch das Appenzellerland oder ins nahe gelegene St. Gallen. Grosse moderne  Zimmer, marktfrische K\u00fcche im Restaurant \u00abMOO\u00bb und echte Appenzeller Gastfreundschaft erwarten den Gast hier am Tor zum Appenzellerland.", "url": "http://www.hotelherisau.ch/", "image": "https://alarpimtsoch.sos-ch-dk-2.exoscale-cdn.com/catalog/2/2/2/b/222b6af250f90c470ac79f59ed77f5b5e701f487_Terrasse_2020__2_.jpg", "openstreetmap_id": "117053639.0"}, "geometry": {"type": "Point", "coordinates": ["9.277973", "47.387159000000004"]}}, {"type": "Feature", "properties": {"identifier": "f9a285e6-e914-4c6c-8fd4-4a8fd08f35d5", "name": "Gruppenunterk\u00fcnfte im Kinderdorf Pestalozzi", "description": "<p>Ob Schulklasse, drei grosse Familien, Verein oder Unternehmen &ndash; im Kinderdorf Pestalozzi findet Ihre Gruppe den idealen Ort f&uuml;r eine unvergessliche &Uuml;bernachtung. Die Gruppenunterk&uuml;nfte in original Appenzeller H&auml;usern bieten komfortable Einzel oder Mehrbettzimmer, die mit modernen Annehmlichkeiten und einem Hauch lokaler Tradition ausgestattet sind. Die sanit&auml;ren Einrichtungen befinden sich in unmittelbarer N&auml;he zu den Zimmern und sind modern und funktional gestaltet. Jedes Haus ist zudem mit einem Aufenthaltsraum und einer Waschk&uuml;che ausgestattet. Der weitl&auml;ufige Umschwung rund um das Geb&auml;ude l&auml;dt zum Entspannen in der Natur ein, w&auml;hrend Freizeitpl&auml;tze und Grillstellen ideale Orte f&uuml;r gemeinsame Stunden bieten. Entdecken Sie die zahlreichen Wanderrouten direkt vor der Haust&uuml;r oder nehmen Sie mit Ihrer Gruppe an einem unserer Bildungsprojekte teil, die speziell darauf ausgelegt sind, Bildung zu f&ouml;rdern und pers&ouml;nliche Entwicklung sowie soziale Kompetenzen zu st&auml;rken. F&uuml;r die Verpflegung stehen verschiedene Optionen zur Verf&uuml;gung. In jedem Gruppenhaus gibt es eine gut ausgestattete K&uuml;che, die es Selbstversorgern erm&ouml;glicht, ihre Mahlzeiten selbst zuzubereiten. Es besteht jedoch auch die M&ouml;glichkeit, sich mit unserer Vollpension rundum verw&ouml;hnen zu lassen. Unser gastronomisches Konzept ist saisonal, vielseitig und auf alle Bed&uuml;rfnisse zugeschnitten.<br><br>Insgesamt 11 Gruppenh&auml;user &agrave; 27-35 Schlafpl&auml;tzen.</p>", "url": "https://www.pestalozzi.ch/de", "image": "https://alarpimtsoch.sos-ch-dk-2.exoscale-cdn.com/catalog/f/4/4/4/f444db7a0344a76e7eacd1c25da47dc4257e4416_Haus_8_9_Kinderdorf_Pestalozzi.jpg", "openstreetmap_id": "way/761032565"}, "geometry": {"type": "Point", "coordinates": ["9.459517029862655", "47.403535"]}}]}