{"type": "FeatureCollection", "features": [{"type": "Feature", "properties": {"identifier": "01282b25-f32c-49ef-9f0e-54b3c3eafc24", "name": "BeDas Cafe GmbH", "description": "Im BeDas Cafe sind B\u00e4ckereiartikel aller Art, Geschenke, selbstgemachte Patisserie und Geb\u00e4cke im Angebot. Im Caf\u00e9 geniessen Sie die frischen Produkte vor Ort \u2013 und dazu den besten Kaffee im Herzen von Heiden. Es ist ein gem\u00fctlicher Treffpunkt f\u00fcr alle. Ob zum Zmorge, zum Zn\u00fcni oder zum Dessert, bei uns sind Sie an der richtigen Adresse.\n", "url": "https://bedas-cafe.ch/", "image": "https://alarpimtsoch.sos-ch-dk-2.exoscale-cdn.com/catalog/1/6/1/7/16171387e2b66fc3b522a866f29716aa2b6a1037_20240308_131031.jpg", "openstreetmap_id": "253241544"}, "geometry": {"type": "Point", "coordinates": ["9.53607805767112", "47.44562202047335"]}}, {"type": "Feature", "properties": {"identifier": "014b5e18-b72d-477d-a162-48e25403b54a", "name": "Lillybeizli - Hotpot Alp Fischegg", "description": "Egal ob allein, zu zweit oder z.B. bei einem Junggesell(inn)enabschied oder einer Geburtstagsfeier: Lassen Sie den Tag / Abend zu etwas Besonderem werden.", "url": "https://www.lillybeizli.ch/", "image": "https://alarpimtsoch.sos-ch-dk-2.exoscale-cdn.com/catalog/d/1/9/e/d19e9420c2c536021aed682e1aa044c46637befa_hotpot.jpg", "openstreetmap_id": "node/7207036890"}, "geometry": {"type": "Point", "coordinates": ["9.2738364137497", "47.28431670328028"]}}, {"type": "Feature", "properties": {"identifier": "019f2a07-7aba-4900-8c92-c560af420c64", "name": "Restaurant Appenzeller Schauk\u00e4serei", "description": "Im Restaurant f\u00fchlt man sich sofort wohl und kann t\u00e4glich durchgehend warm essen. K\u00e4se ist nat\u00fcrlich der Trumpf auf der Speisekarte. Zudem gibt es jeden Sonntagmorgen ein reichhaltiges Fr\u00fchst\u00fccksbuffet. Und auch f\u00fcr jene, die gerne selber kochen, bietet das H\u00f6ckli eine Attraktion: Im K\u00e4sekessi k\u00f6nnen die Besucherinnen und Besucher K\u00e4seh\u00f6rnli zubereiten.", "url": "https://www.schaukaeserei.ch/restaurant", "image": "https://alarpimtsoch.sos-ch-dk-2.exoscale-cdn.com/catalog/d/2/4/f/d24f850c6a1781fc711ba38a48650d4f87cfa577_Restaurant_Schauk__serei_2.jpg", "openstreetmap_id": "6815539131"}, "geometry": {"type": "Point", "coordinates": ["9.344723", "47.373531"]}}, {"type": "Feature", "properties": {"identifier": "01d8f2ea-48ed-4173-a16e-d5b7758714ec", "name": "FloatingOase GmbH", "description": "<p>Die FloatingOase in B&uuml;hler verf&uuml;gt &uuml;ber zwei einzelne Wannenb&auml;der (Breite 170 cm, L&auml;nge 230 cm, Tiefe 47 cm, Solestand ca. 30 cm), welche auf Voranmeldung alleine oder zu zweit belegt werden k&ouml;nnen. Jede Einheit verf&uuml;gt &uuml;ber einen kleinen Umkleideraum, WC, Dusche und nat&uuml;rlich &uuml;ber eine grosse Wanne zum Floaten. Die Wanne wird nach jedem Badegang entleert, die Sole durch eine mehrstufige Reinigungsanlage geleitet und der ganze Badebereich gereinigt. Durch die hohe Soledichte wird der K&ouml;rper beim Floaten an der Wasseroberfl&auml;che getragen, wie am Toten Meer. Muskeln, Gef&auml;sse, Organe und das Skelett sind von der Schwerkraft befreit und befinden sich in einer spannungsfreien Haltung ohne Verdrehungen und Druckpunkte. Die an der Hautoberfl&auml;che liegenden Nerven nehmen durch die konstante Wasser- und Umgebungstemperatur von ca. 35\u2070C (thermoneutrales Bad) keinen Temperaturunterschied mehr wahr. In Kombination mit der aufgehobenen Schwerkraft, der druckfreien Lage des K&ouml;rpers, der fehlenden visuellen Einfl&uuml;sse und der Stille im Bad k&ouml;nnen sich K&ouml;rper und Geist optimal entspannen.<br><br></p>", "url": "https://floatingoase.ch/", "image": "https://alarpimtsoch.sos-ch-dk-2.exoscale-cdn.com/catalog/6/0/f/6/60f624a09c73a7e5f75f734065a6a8ec3c78ebe5_20260313_FloatingOase_B__hler_8_.jpg", "openstreetmap_id": "320022418"}, "geometry": {"type": "Point", "coordinates": ["9.419968", "47.3717319"]}}, {"type": "Feature", "properties": {"identifier": "02a8cc26-2113-4996-9cfa-f056b46c1893", "name": "B&B Niederer", "description": "<p>Das heimelige Dorf B&uuml;hler im Appenzeller Mittelland ist idealer Ausgangspunkt f&uuml;r Wanderungen in den sanften H&uuml;geln oder im Alpstein mit S&auml;ntis, Hohem Kasten, Ebenalp und Kronberg. In der N&auml;he liegen das malerische Dorf Appenzell, das Rheintal, oder die Bischofsstadt St.Gallen. Im heimeligen Weberhaus mit viel Charme k&ouml;nnen Sie der Gastgeberin beim Handweben &uuml;ber die Schultern sehen, und im Haus laden gem&uuml;tliche Zimmer zum Verweilen ein.</p><h4>Hier gilt die&nbsp;<a href=\"https://www.appenzell.ch/de/unterkunft/appenzeller-ferienkarte.html\">Appenzeller Ferienkarte</a></h4><p>&nbsp;</p>", "url": "https://bnb.ch/de/bnb/1662", "image": "https://alarpimtsoch.sos-ch-dk-2.exoscale-cdn.com/catalog/b/6/3/0/b630256a1d413da98e9f298fc3ba6a20ae42a9a4_BnB_Niederer_3.jpg", "openstreetmap_id": "320022404.0"}, "geometry": {"type": "Point", "coordinates": ["9.426122300000001", "47.3737219"]}}, {"type": "Feature", "properties": {"identifier": "031a557b-144c-4ffb-91c6-04830475c6e0", "name": "Alte M\u00fchle Wolfhalden ", "description": "<p>1789 liess M\u00fcllermeister H.H. Z\u00fcrcher am Gstaldenbach in Wolfhalden ein stattliches, f\u00fcnfgeschossiges Geb\u00e4ude errichten. Im Geb\u00e4ude befanden sich sowohl die Wohnung f\u00fcr die Familie als auch eine Mahlm\u00fchle, eine B\u00e4ckerei und eine Wirtschaft. Z\u00fcrcher liess W\u00e4nde und Decke in der Stube vollst\u00e4ndig bemalen. Die Malereien sind gut erhalten und machen das Ensemble zu einem einzigartigen Schatz.</p><p>Die Alte M\u00fchle liegt in der Gemeinde Wolfhalden, im Tobel, Hinterergeten, nahe der Grenze zu Heiden. \u00d6ffentliche F\u00fchrungen finden jeweils am letzten Samstag in den Monaten Mai, Juni, Juli, August und September statt. \u00c4nderungen vorbehalten.&nbsp;</p><p>Start:&nbsp;14.00 Uhr<br>Die Alte M\u00fchle Wolfhalden liegt circa 10 Gehminuten vom Bahnhof Heiden entfernt.</p><p>Kosten:&nbsp;Kollekte zugunsten des Vereins pro Alte M\u00fchle Wolfhalden&nbsp;</p><p>Anmeldung:&nbsp;erforderlich</p><p>Gebuchte F\u00fchrungen sind auf Anfrage m\u00f6glich.<br>Teilnehmerzahl:&nbsp; max. 20 Personen</p><p>Kosten: CHF 110.00</p><div>Dauer: 45 bis 60 Minuten</div><p><br></p>", "image": "https://alarpimtsoch.sos-ch-dk-2.exoscale-cdn.com/catalog/9/1/3/2/9132d4e7fa66b2209ef46546ecf398b7bdde296d_M__hle.jpg", "openstreetmap_id": "12414096234"}, "geometry": {"type": "Point", "coordinates": ["9.537875566539226", "47.44479863545972"]}}, {"type": "Feature", "properties": {"identifier": "039c361e-45c7-4377-ac31-7cdf81319920", "name": "Feuerstelle Begegnungsplatz Obergaden", "url": "https://www.wald-ar.ch/", "image": "https://alarpimtsoch.sos-ch-dk-2.exoscale-cdn.com/catalog/f/5/c/7/f5c70ef53b10e6366f7d8f9153e5c2f805553248_IMG_20220227_115820.jpg", "openstreetmap_id": "2055682339"}, "geometry": {"type": "Point", "coordinates": ["9.500684738159181", "47.41462121771943"]}}, {"type": "Feature", "properties": {"identifier": "03d54cc2-4085-46fa-b683-f6f2652b3c53", "name": "Pension Alpenheim", "description": "Im Herzen von Teufen, 5 Gehminuten zum Bahnhof, steht das stilecht renovierte Holzhaus mit grossem Garten. Geniessen Sie die herrliche Aussicht auf die Berge. Nebst preiswerten Zimmern bieten wir unseren G\u00e4sten auch Zimmer mit Duschen/WC an. \n\nDie 1\u00bd-Zimmer Gartenwohnung sowie das Appartement im 3. Stock mit 2\u00bd-Zimmern sind Bijous f\u00fcr Geniesser. \nHerzlich willkommen!", "url": "http://www.pension-alpenheim.ch/", "image": "https://alarpimtsoch.sos-ch-dk-2.exoscale-cdn.com/catalog/f/2/6/4/f26486f4862f6852121b41cea204c305926ec47e__Aussen_Totale_Hauptbild___Kopie.jpg", "openstreetmap_id": "317444239"}, "geometry": {"type": "Point", "coordinates": ["9.3880767", "47.3920145"]}}, {"type": "Feature", "properties": {"identifier": "044fc296-c57b-488b-9808-3fc6e3f7955d", "name": "Ferienwohnung Alpfahrt", "description": "Gehobene, komplett renovierte Ferienwohnung im 300-j\u00e4hrigen Appenzellerland, mitten im sch\u00f6nsten Dorf der Schweiz. Ideal f\u00fcr Wanderungen, relaxen, geniessen. \n\nDie Wohnung verf\u00fcgt \u00fcber einen separaten Eingang. Das Schlafzimmer ist mit einem topmodernen Boxspring Bett ausgestattet und im Wohnzimmer steht ein Auszugssofa. Die Wohnung bietet Platz f\u00fcr maximal 4 Personen (Doppelbett plus Bettsofa).\n\nIm Preis inbegriffen: Miete, NK, Tiefgaragenplatz, Kurtaxen, Bett-, Frottee- und K\u00fcchenw\u00e4sche, Kaffeekapseln, Benutzung Waschmaschine/Tumbler (in der Wohnung). Eigener Gartenbereich mit Kohlegrill.\nWir bieten die Oskar-G\u00e4stekarte an.\n\nMindestaufenthalt: ab 3 N\u00e4chte", "url": "https://ferienschwellbrunn.com/", "image": "https://alarpimtsoch.sos-ch-dk-2.exoscale-cdn.com/catalog/6/5/1/7/65176114f0ce43e6b08af87786ff014b8f199942_PXL_20230707_142123309_2__2.jpg", "openstreetmap_id": "396354520"}, "geometry": {"type": "Point", "coordinates": ["9.249168", "47.351193"]}}, {"type": "Feature", "properties": {"identifier": "04529049-8690-4a7f-a1eb-4d96db6d397f", "name": "Feuerstelle Oberer Ast", "description": "Feuerstelle Oberer Ast", "url": "https://www.trogen.ch/", "image": "https://alarpimtsoch.sos-ch-dk-2.exoscale-cdn.com/catalog/2/7/9/4/27941f8fd038228b8e6fda4a81cf888d227b3e5b_12_2020_trogen_oberer_ast.jpg", "openstreetmap_id": "10748538981"}, "geometry": {"type": "Point", "coordinates": ["9.4649953", "47.3976981"]}}, {"type": "Feature", "properties": {"identifier": "04fa6ff4-560f-41d4-bfdc-c4711f6a3090", "name": "Ferienwohnung Wartheim", "description": "Diese stilvoll eingerichtete Maisonette-Wohnung am Dorfrand von Heiden (700 m \u00fc.M.) bietet Platz f\u00fcr bis zu 6 Personen \u2013 ideal f\u00fcr Familien oder kleine Gruppen, die Erholung in naturnaher Umgebung suchen.\n\nHighlights: Ruhige Lage mit Weitblick \u00fcber das Rheindelta, bis nach Bregenz, Lindau und den Pf\u00e4nder Private Dachterrasse \u2013 perfekt zum Entspannen oder f\u00fcr Abendessen im Freien 3 gem\u00fctliche Schlafzimmer mit Verdunklungsm\u00f6glichkeit Voll ausgestattete K\u00fcche inkl. Fondue- und Raclette-Set Bad mit Badewanne, Dusche und Closomat Gratis Garage & Aussenparkplatz.\n\nLage & Umgebung: Wanderwege starten direkt vor der T\u00fcr, der Bodensee ist nur 5 km entfernt. In Heiden gibt es ein Freibad mit Sommerkino, das Appenzeller Heilbad liegt gleich in der N\u00e4he. Coop, Migros und ein Volg mit langen \u00d6ffnungszeiten sorgen f\u00fcr gute Einkaufsm\u00f6glichkeiten.\n\nAusflugsziele: Perfekter Ausgangspunkt f\u00fcr Touren nach Appenzell, St.Gallen, Rorschach, Arbon, oder per F\u00e4hre nach Friedrichshafen. Der Aussichtspunkt \u201eF\u00fcnfl\u00e4nderblick\u201c ist zu Fuss erreichbar. \n\nWer h\u00f6her hinaus will: Rundfl\u00fcge ab dem Flugplatz Altenrhein sind m\u00f6glich \u2013 Kontakte stellen wir gerne her.\n\nMindestaufenthalt: 2 N\u00e4chte", "image": "https://alarpimtsoch.sos-ch-dk-2.exoscale-cdn.com/catalog/0/2/8/9/028931de33a8eb8efa2c8a9dd1fd565f9f04c3cf_IMG_2196.JPG", "openstreetmap_id": "way/612589848"}, "geometry": {"type": "Point", "coordinates": ["9.538214206695558", "47.45410156826259"]}}, {"type": "Feature", "properties": {"identifier": "05bc0646-9108-4123-92e9-e9a34f160bfa", "name": "Brauqu\u00f6ll Besucherzentrum der Brauerei Locher AG", "description": "Die Brauerei Locher AG wurde 1886 von der Familie Locher erworben und ist heute die einzige Brauerei im Appenzellerland. Das unabh\u00e4ngige Familienunternehmen braut schon in f\u00fcnfter Generation f\u00fcr ihre Kundschaft und erlangt f\u00fcr seine Bierspezialit\u00e4ten sowie ihre traditionellen Biere Anerkennung.\n\nDie Biere werden noch handwerklich und nach \u00fcberlieferten Verfahren hergestellt, wobei den Rohstoffen und der Nachhaltigkeit besondere Aufmerksamkeit gewidmet wird. Lassen Sie sich von der Faszination \u00fcberlieferter Braukunst mitreissen! Entdecken Sie, wie aus qu\u00f6llfrischem Wasser das Appenzeller Bier und der S\u00e4ntis Malt Whisky entstehen. \nVerschiedene Degustationen bringen Ihnen die unvergleichlich frischen Biere und den gehaltvollen S\u00e4ntis Malt nahe. \n\nJeweils am Donnerstag um 10:15 Uhr (ausgenommen Feiertage) wird eine Appenzeller Bier-Degustation f\u00fcr Einzelbesucher angeboten. Sie k\u00f6nnen ohne Voranmeldung teilnehmen. \nDauer: ca. 60 Minuten\nMindestalter: 16 Jahre\nSprache: Deutsch\nKosten: CHF 14.00 pro Person \n\n\nF\u00fcr Gruppen k\u00f6nnen verschiedene Degustationen auf Anfrage organisiert werden. Pro F\u00fchrung max. 25 Personen m\u00f6glich.", "url": "http://www.brauqu\u00f6ll.ch", "image": "https://alarpimtsoch.sos-ch-dk-2.exoscale-cdn.com/catalog/7/9/d/a/79dae4102ad3ccb9dcf8b24b62fab9bac26b78ea_Brauquoell_1440x600_e0212dba.jpg", "openstreetmap_id": "4229854758"}, "geometry": {"type": "Point", "coordinates": ["9.4124588", "47.3309868"]}}, {"type": "Feature", "properties": {"identifier": "06cb32a5-4012-4130-ba22-9892e7182f2b", "name": "Blumer Fensterwerke AG - Einblick in die Produktion", "description": "Blick hinter die Kulissen\n\nErlebe bei einer rund 1 bis 1 \u00bd-st\u00fcndigen F\u00fchrung, wie bei uns Kunststoff-/Kunststoff-Metall- sowie Holz- und Holz-Metall-Fenster entstehen \u2013 vom einzelnen Profil bis zum fertigen Rahmen.\n\nDu erh\u00e4ltst spannende Einblicke in unsere Produktion und lernst auch unser Pfosten-Riegel-Fassadensystem in Holz kennen.\n\nSieh live zu, wie unsere Conturex blitzschnell Fensterkanteln zu pr\u00e4zisen Rahmen- und Fl\u00fcgelteilen verarbeitet. Erfahre, wie viel Handarbeit und Fachwissen in einem Holzfenster steckt. Und lass Dich von der automatisierten Verarbeitung der Kunststoff-Profile bis hin zum fertigen Fl\u00fcgel begeistern.\n\nUnsere R\u00e4umlichkeiten:\nUnsere beiden Dachr\u00e4ume \u2013 jeweils mit eigener Aussichtsterrasse \u2013 bieten den idealen Rahmen f\u00fcr Sitzungen, Versammlungen oder Kundenevents. Gerne organisieren wir f\u00fcr Dich einen Ap\u00e9ro, ein Fr\u00fchst\u00fcck oder einen kulinarischen H\u00f6hepunkt nach Wunsch.\n\nOrganisatorisches:\nDauer der F\u00fchrung: ca. 1 \u2013 1 \u00bd Stunden\nTeilnehmende pro F\u00fchrung: bis 30 Personen\nGr\u00f6ssere Gruppen: zwei aufeinanderfolgende F\u00fchrungen\nKosten: CHF 11.\u2013 pro Person\n\n\nWichtig:\nAm Wochenende sind F\u00fchrungen ebenfalls m\u00f6glich \u2013 jedoch ohne laufende Produktion.", "url": "http://www.blumer.ch", "image": "https://alarpimtsoch.sos-ch-dk-2.exoscale-cdn.com/catalog/7/b/0/c/7b0cfe191be6ee127426643e5d8f409af23f3a93_2024_1062.jpg", "openstreetmap_id": "319248244"}, "geometry": {"type": "Point", "coordinates": ["9.27812", "47.35433"]}}, {"type": "Feature", "properties": {"identifier": "07bad375-69a4-4b04-b7a7-77dd0ddccf0b", "name": "Walderlebnisraum Gais", "description": "Der Walderlebnisraum Gais ist eingebettet in vielf\u00e4ltige W\u00e4lder und bl\u00fchende Streuwiesen. Das Ziel ist, Erwachsenen und Schulklassen diese Lebensr\u00e4ume mit ihren Pflanzen und Tieren, ihren Funktionen, der Bewirtschaftung und Entwicklung mit viel Praxisbezug n\u00e4her zu bringen. Der Walderlebnisraum kann zwischen Mai und Oktober und abends bis 21:00 Uhr genutzt werden.\n\nIdeal f\u00fcr Schulen, Familien, Vereine oder Firmen - es steht ein breites Angebot zur Verf\u00fcgung: \n1. Waldhaus mit Tischen und B\u00e4nken, Toilette, Feuer- und Wasserstelle, Kochutensilien, Unterrichtsmaterialien, Spiele\n2. F\u00fchrungen von rund einer Stunde durch Waldp\u00e4dagoginnen / Fachpersonen zu einem ausgew\u00e4hlten Naturthema wie B\u00e4ume, Str\u00e4ucher, Waldtiere, V\u00f6gel, Insekten, nachhaltige Waldbewirtschaftung, Funktionen des Waldes \n3. \u00abNaturpfad der Sinne\u00bb mit 50 Tafeln und Objekten, Barfussweg, Waldxylophon\n4. \u00abBarfussweg\u00bb als Erlebnis mit zahlreichen Anreizen, unter Einbezug verschiedenster nat\u00fcrlicher Materialien, die der Wald hergibt\n\nF\u00fcr Schulen und Jugendorganisationen aus Appenzell Ausserrhoden \u00fcbernimmt die Bertold-Suhner-Stiftung die Kosten f\u00fcr Miete Waldhaus, F\u00fchrung sowie An- und R\u00fcckreise mit \u00d6V.  F\u00fcr Schulen und Jugendorganisationen der Kantone Appenzell Innerrhoden und St. Gallen tr\u00e4gt die Steinegg Stiftung die Kosten f\u00fcr Miete Waldhaus und F\u00fchrung.  \n\nDauer F\u00fchrung: ca. 1 Stunde\nTeilnehmer: 10 bis 25 Personen\nKosten Miete Waldhaus: Halbtag CHF 100.00 / ganzer Tag CHF 150.00 (Mitglieder CHF 50.00 / CHF 100.00)\nKosten F\u00fchrungen: pauschal CHF 80.00", "url": "https://www.walderlebnisraum.ch", "image": "https://alarpimtsoch.sos-ch-dk-2.exoscale-cdn.com/catalog/2/a/4/9/2a49d54cf9ef10ea72ffeee16907a9d3648cd9c1_WER_Waldhaus_mit_Brunnen_und_Feuerstelle_Hansj__rg_H__rler_180630_4121__2_.JPG", "openstreetmap_id": "10786736711"}, "geometry": {"type": "Point", "coordinates": ["9.49963", "47.35453"]}}, {"type": "Feature", "properties": {"identifier": "0876b2fa-3062-465f-896f-d1fa6b43f8e2", "name": "Feuerstelle Zitt\u00e4feli", "url": "http://www.rehetobel.ch/de/", "image": "https://alarpimtsoch.sos-ch-dk-2.exoscale-cdn.com/catalog/d/4/1/2/d4125d8d09a73cfa66253c1c8a5ec33a1c32623e_08_2020_rehetobel_zitt__feli.jpg", "openstreetmap_id": "310811521"}, "geometry": {"type": "Point", "coordinates": ["9.4899777", "47.4276629"]}}, {"type": "Feature", "properties": {"identifier": "08d9be42-9fc4-4c77-ab31-7620a4c11a9a", "name": "Feuerstelle Schochenberg", "url": "http://www.herisau.ch/de/", "image": "https://alarpimtsoch.sos-ch-dk-2.exoscale-cdn.com/catalog/9/c/6/b/9c6bcaa2397524f1cd9e8ce8d32cd91654625ab5_PXL_20231103_130030083.jpg", "openstreetmap_id": "554562370"}, "geometry": {"type": "Point", "coordinates": ["9.272621870040895", "47.3966896547258"]}}, {"type": "Feature", "properties": {"identifier": "0a7830ae-cdbe-494e-9d1f-2169e7d427d2", "name": "Feuerstelle Bisersweid", "url": "http://www.stein-ar.ch/de/", "image": "https://alarpimtsoch.sos-ch-dk-2.exoscale-cdn.com/catalog/3/2/6/8/326896069f2fc5eefa92b92fa1bbad636d0b43bc_Feuerstelle.jpg", "openstreetmap_id": "5770562566"}, "geometry": {"type": "Point", "coordinates": ["9.3353104", "47.3725286"]}}, {"type": "Feature", "properties": {"identifier": "0c160685-cca2-4b29-b42b-b54788e05876", "name": "Werkzeugstation - Schauk\u00e4serei Stein", "description": "Die Werkzeugstation befindet sich strassenseitig am Geb\u00e4ude der Schauk\u00e4serei beim kleinen Park.", "image": "https://alarpimtsoch.sos-ch-dk-2.exoscale-cdn.com/catalog/4/2/2/2/4222b83cb9e72ec2644894b055015fbc6bbe6c99__DSC0636.JPG", "openstreetmap_id": "194337053"}, "geometry": {"type": "Point", "coordinates": ["9.344558715820314", "47.373316446432895"]}}, {"type": "Feature", "properties": {"identifier": "0d9fbeeb-3f6b-479f-b410-1a3e8effa30d", "name": "Feuerstelle EWU-H\u00fcsli", "description": "<p>Direkt am Bach, der Urn&auml;sch, von hohen B&auml;umen umgeben ist die Feuerstelle H&uuml;sli. Die Feuerstelle ist die letzte Station des Lillywegs. Die Urn&auml;sch nebenan l&auml;dt an warmen Tagen zum Baden oder planschen ein. Erreichbar ist sie bequem zu Fuss von der Postautohaltestelle H&uuml;sli oder &uuml;ber den Lilliyweg.</p><p>Vorhanden ist:\u202f</p><ul><li>Feuerstelle mit Rost und Sitzb&auml;nke</li><li>Brennholz</li><li>Abfallbeh&auml;lter</li><li>mobiles WC auf der anderen Bachseite</li></ul>", "image": "https://alarpimtsoch.sos-ch-dk-2.exoscale-cdn.com/catalog/2/e/d/3/2ed351b414f06af413c40fcebd7c054c99483365_08_2020_urn__sch_ewuh__sli__2_.jpg", "openstreetmap_id": "2414629593"}, "geometry": {"type": "Point", "coordinates": ["9.27725672721863", "47.28699842653004"]}}, {"type": "Feature", "properties": {"identifier": "0eb7c87f-373f-470a-906e-e758959751f5", "name": "Hotel Restaurant Krone Urn\u00e4sch", "description": "<p>Im Restaurant/Pizzeria Krone in Urn&auml;sch finden Sie eine grosse Auswahl an Pizzas sowie eine Speisekarte mit regionalem und saisonalem Angebot. Dank des grossz&uuml;gigen Wintergartens geniessen G&auml;ste das Gef&uuml;hl von Offenheit und Licht &ndash; bei jedem Wetter. T&auml;glich von 11:30 bis 14:00 Uhr sowie von 17:30 bis 21:00 Uhr verkehrt der charmante Pizza-Zug durch das Restaurant und serviert die frisch zubereiteten Gerichte direkt an den Tisch. Ein besonderes Highlight, das nicht nur die j&uuml;ngsten G&auml;ste begeistert.</p><p>Bei sch&ouml;nem Wetter bietet zus&auml;tzlich die sonnige Terrasse Platz zum Verweilen im Freien &ndash; mit herrlichem Blick und entspannter Stimmung. Das Speiserestaurant im ersten Obergeschoss wird f&uuml;r das Fr&uuml;hst&uuml;ck der Hotelg&auml;ste genutzt und steht Gruppen f&uuml;r Anl&auml;sse zur Verf&uuml;gung.</p><p>Es gilt die <a href=\"https://www.appenzell.ch/de/unterkunft/appenzeller-ferienkarte.html\" target=\"_blank\" rel=\"noopener\">Appenzeller Ferienkarte</a></p>", "url": "http://www.krone-urnaesch.ch/", "image": "https://alarpimtsoch.sos-ch-dk-2.exoscale-cdn.com/catalog/e/e/2/b/ee2b73561f5565f0e1f4253137154ec790168347_24018_1184.jpg", "openstreetmap_id": "node/264275413"}, "geometry": {"type": "Point", "coordinates": ["9.283836205004587", "47.317241800000005"]}}, {"type": "Feature", "properties": {"identifier": "100fcc79-3d2e-4f46-8c73-424a95248cfd", "name": "Appenzeller Brauchtumsmuseum", "description": "Im Mittelpunkt stehen Silvesterchl\u00e4use, Alpfahrt, Sennenleben, Bauernmalerei und Streichmusik. Probieren Sie Chlausen mit Rollentr\u00e4gern, Talerschwingen und Hackbrett oder Zither spielen - ein echtes Erlebnis! Regelm\u00e4ssige Sonderausstellungen verleihen dem Museum einen zeitgen\u00f6ssischen Glanz. Buchen Sie einen Naturjodelkurs, einen Workshop f\u00fcr Schulklassen oder eine mehrsprachige F\u00fchrung im Museum.\n\nAlle Museen im Appenzellerland finden Sie unter: www.museen-im-appenzellerland.ch", "url": "http://www.museum-urnaesch.ch/", "image": "https://alarpimtsoch.sos-ch-dk-2.exoscale-cdn.com/catalog/f/6/2/6/f6264d8ad88469167621839aaa4ba100f0abdd12_16108_1060_komprimiert__2.jpg", "openstreetmap_id": "node/3203881554"}, "geometry": {"type": "Point", "coordinates": ["9.2827771", "47.3172338"]}}, {"type": "Feature", "properties": {"identifier": "121ec096-4e96-43bb-9e6e-bd8d0a5920f0", "name": "Feuerstelle Unterhalb Mitledi", "url": "https://verkehrsvereinhundwil.ch/", "image": "https://alarpimtsoch.sos-ch-dk-2.exoscale-cdn.com/catalog/3/f/d/f/3fdfdd07df26efed7f21bd9e564bc61abaf6a2b7_Feuerstelle.jpg", "openstreetmap_id": "460303360"}, "geometry": {"type": "Point", "coordinates": ["9.310875535011293", "47.3569958542085"]}}, {"type": "Feature", "properties": {"identifier": "12b158c5-11e1-44f4-adec-66cdfd2ea29f", "name": "Figurentheater-Museum & Figurentheater", "description": "<p class=\"MsoNormal\"><span style=\"mso-bidi-font-size: 11.0pt; line-height: 115%;\">Im Dorfkern von Herisau, in einem typischen alten Appenzellerhaus l&auml;sst das Figurentheatermuseum Besucherinnen und Besucher eintauchen in die fantasievolle, bunte Welt des Figurentheaters. Auf insgesamt drei Stockwerken gibt es verschiedene Marionetten, Handpuppen und andere Figuren zu entdecken und allerlei Spannendes zu erfahren. Jedes Jahr wird eine andere spannende Schweizer B&uuml;hne portr&auml;tiert. Die Jahresausstellung wird jeweils durch thematische Pr&auml;sentationen aus der hauseigenen Sammlung erg&auml;nzt &ndash; so lassen sich immer wieder neue Facetten des Figurenspiels entdecken und beleuchten.&nbsp;</span></p><p class=\"MsoNormal\"><span style=\"mso-bidi-font-size: 11.0pt; line-height: 115%;\">Das Museum kann auf Anfrage exklusiv reserviert werden; zudem sind F&uuml;hrungen f&uuml;r Gruppen mit oder ohne Ap&eacute;ro buchbar.</span></p><p class=\"MsoNormal\"><strong><span style=\"mso-bidi-font-size: 11.0pt; line-height: 115%;\">Strolchi erwartet die kleinen Besucherinnen und Besucher</span></strong><span style=\"mso-bidi-font-size: 11.0pt; line-height: 115%;\"><br>Die Katze Strolchi begleitet Kinder auf einem liebevoll gestalteten Spiel- und Erlebnisweg mit interaktiven Stationen durch das Haus und l&auml;sst sie selbst zu Puppenspielerinnen und Puppenspielern werden.</span></p><p class=\"MsoNormal\"><span style=\"mso-bidi-font-size: 11.0pt; line-height: 115%;\">Die Ausstellungen sind auch auf Franz&ouml;sisch und Englisch zug&auml;nglich.<br><strong>Eintrittspreise: </strong>Erwachsene CHF 8.00, Kinder CHF 5.00, Familien CHF 20.00<br>F&uuml;r Kinder aus den Kantonen AR und SG ist der Eintritt gratis.</span></p><p class=\"MsoNormal\"><span style=\"mso-bidi-font-size: 11.0pt; line-height: 115%;\">Die Theatersaison dauert jeweils von Oktober bis Mai, Auff&uuml;hrungen finden immer am Sonntag um 11 Uhr statt.</span></p><p><span style=\"font-size: 11.0pt; line-height: 115%; font-family: 'Arial',sans-serif; mso-fareast-font-family: Aptos; mso-fareast-theme-font: minor-latin; mso-ansi-language: DE-CH; mso-fareast-language: EN-US; mso-bidi-language: AR-SA;\">Spielplan: <a href=\"http://www.figurentheatermuseum.ch\">www.figurentheatermuseum.ch</a></span></p>", "url": "https://www.figurentheatermuseum.ch/", "image": "https://alarpimtsoch.sos-ch-dk-2.exoscale-cdn.com/catalog/d/9/1/b/d91b7c27db55b5598b9d5d3176643853ed7575ec_appenzellerhaus_figurentheater__3.jpg", "openstreetmap_id": "318077106"}, "geometry": {"type": "Point", "coordinates": ["9.27979840461888", "47.3851375"]}}, {"type": "Feature", "properties": {"identifier": "12d96258-248f-4309-bad6-f2b6161a3ad8", "name": "Haus zur Stickerei \u2013 Feste feiern mit Herz", "description": "<p>Das Sticklokal bietet Platz f&uuml;r bis zu 55 Personen. <br>Unsere K&uuml;che ist regional, schweizerisch und wir kochen mit Freude.</p><p>Jeden letzten Donnerstag im Monat ist die Stobe + Bar ab 17.00 Uhr ge&ouml;ffnet (Juli/August Sommerpause). <br>Es finden ebenfalls &ouml;ffentliche kulturelle Veranstaltungen statt.</p><p>Aktuelles finden Sie immer unter www.hauszurstickerei.ch</p>", "url": "http://www.hauszurstickerei.ch/", "image": "https://alarpimtsoch.sos-ch-dk-2.exoscale-cdn.com/catalog/b/3/e/7/b3e7c1600530d709ce12a75de479b6573733e96a__DSC3089_kl__2.jpg", "openstreetmap_id": "375770636"}, "geometry": {"type": "Point", "coordinates": ["9.520428", "47.4343377"]}}, {"type": "Feature", "properties": {"identifier": "12f39112-3482-4bf7-8afb-1ae98bab9539", "name": "Appenzeller Park", "description": "Im Appenzeller Park in Herisau erwartet Sie ein vielseitiger Freizeitpark mit Erlebnissen f\u00fcr jedes Alter, ideal als Familienausflug, Schlechtwetterprogramm, Geburtstag oder Gruppenevent. Familien lieben den grossen Indoor-Spielplatz zum Toben und Entdecken. Wer Action sucht, findet sie beim Kletterparcours Clip\u2019n Climb (f\u00fcrs Klettern ohne Vorkenntnisse)  und im Rutschenpark.\nEin besonderes Herzst\u00fcck ist die Kletterhalle: Mit ihrem Innen- und Aussenbereich ist sie f\u00fcr Sportkletterer ein Paradies. Ob ambitioniertes Klettern, regelm\u00e4ssiges Training oder ein aktiver Nachmittag: Hier kommen Kletterfans voll auf ihre Kosten.\nEin weiteres Highlight ist der Heavy Metal Garden: Hier bestaunen Sie den Komatsu PC-8000, einen der weltweit gr\u00f6ssten Hydraulikbagger, nur weltweit einmal zu besichtigen - im Appenzeller Park. Ein eindrucksvoller Fotospot und ein Erlebnis, das man nicht alle Tage sieht. F\u00fcr Pausen und Genuss stehen zwei Bistros mit ingesamt 330 Sitzpl\u00e4tzen bereit, auch Gruppen und Firmen finden attraktive Angebote und passende Rahmenbedingungen.", "url": "http://www.appenzellerpark.ch/", "image": "https://alarpimtsoch.sos-ch-dk-2.exoscale-cdn.com/catalog/8/a/8/a/8a8af13cc49cc41b3782c28a0000da0e7ae62703_Burg_mit_Junge_stehend.jpg", "openstreetmap_id": "way/844755364"}, "geometry": {"type": "Point", "coordinates": ["9.269369224573303", "47.389611450000004"]}}, {"type": "Feature", "properties": {"identifier": "130034e1-ce89-4bf8-901e-a6c2a2b1410a", "name": "Tiererlebnishof - Alpaka- und Lama-Trekking", "description": "<p>Auf dem Tiererlebnishof in Urn\u00e4sch leben Alpakas, Lamas, Kaninchen, H\u00fchner, Truth\u00e4hne und Katzen sowie die H\u00fcndin Colline.\nAls ausgebildete B\u00e4uerin mit Fachausweis und Wildnis- und Tiergest\u00fctzte P\u00e4dagogin (WIP &amp; Tier) bietet Monika Egli eine Vielzahl von Angeboten auf ihrem Hof an. Besonders beliebt sind Trekkingtouren mit den Alpakas und Lamas. Trekking eignet sich f\u00fcr Paare, welche einen privaten, gem\u00fctlichen Spaziergang mit den kuscheligen Tieren geniessen m\u00f6chten, f\u00fcr Teamausfl\u00fcge, um sich im Team von einer anderen Seite kennen zu lernen oder das Familienfest, das in einem etwas aussergew\u00f6hnlichen Rahmen erlebt werden m\u00f6chte, sowie f\u00fcr einen gem\u00fctlichen Tag unter Freunden. Bevor sich die Gruppe auf den Weg macht, erfahren die G\u00e4ste etwas \u00fcber die Tiere, das Trekking und den Hof und werden mit einem kleinen Ap\u00e9ro verw\u00f6hnt. Nach der Einf\u00fchrung folgt der Spaziergang \u00fcber Wiesen und durch W\u00e4lder (ca. die H\u00e4lfte der Zeit des gebuchten Trekkings). Zum Schluss k\u00f6nnen die Tiere als Dankesch\u00f6n f\u00fcr den Spaziergang gef\u00fcttert werden. Jedes Trekking kann an der idyllisch gelegenen Feuerstelle beim Indianertipi im Wald seinen Ausklang finden. Es kann auch ein Grill- oder Fondueplausch dazu gebucht werden.\n\nWenn Sie mit Ihrem Team, Ihren Kindern oder Freunden bei Spiel und Spass einen ganzen Tag auf dem Tiererlebnishof erleben m\u00f6chten, haben Sie die M\u00f6glichkeit die Tiererlebnishof-Olympiade  dazu zu buchen.\n\nBedingungen\nDa Lamas und Alpakas Angst vor fremden Hunden haben, d\u00fcrfen diese nicht zum Trekking mitgenommen werden.\nDie Verantwortung f\u00fcr die Kinder liegt bei den Eltern und die Versicherung ist Sache der Teilnehmer.\nDem Wetter entsprechende Kleidung und Trekking- oder Wanderschuhe.\n\nTrekkingpreise\nDauer: 1 Stunde (Schnuppertour, exkl. Ap\u00e9ro)\n4 - 10 Personen: CHF 33.00 pro Person\n11 - 30 Personen: CHF 30.00 pro Person\n\nDauer: 2 Stunden mit Apero oder Kaffee und Kuchen\n4 - 10 Personen: CHF 48.00 pro Person\n11 - 30 Personen: CHF 45.00 pro Person\n\nDauer: 3 Stunden mit Apero oder Kaffee und Kuchen\n4 - 10 Personen: CHF 68.00 pro Person\n11 - 30 Personen: CHF 65.00 pro Person\n\nFondue- oder Grill-Plausch:\nCHF 25.00 pro Person zus\u00e4tzlich zum gebuchten Trekking</p><p><br></p>", "url": "http://www.tiererlebnishof.ch", "image": "https://alarpimtsoch.sos-ch-dk-2.exoscale-cdn.com/catalog/e/7/b/4/e7b43b095a0df1cdd67dab1a1da2c18908fe54ed_Moni_und_Leana.JPG", "openstreetmap_id": "987366078"}, "geometry": {"type": "Point", "coordinates": ["9.2801804", "47.3368808"]}}, {"type": "Feature", "properties": {"identifier": "13743f73-60cd-49d7-91e5-03932f8f53c3", "name": "Ferienwohnung Edelweiss", "description": "<p>\u201cWillkommen in der zauberhaften \u201cEdelweiss\u201d-Ferienwohnung in Wolfhalden. Diese frisch renovierte Unterkunft f\u00fcr 2-4 Personen verspricht nicht nur einen erholsamen Aufenthalt, sondern auch ein unvergleichliches Erlebnis. Die Wohnung bietet einen atemberaubenden Panoramablick auf den Bodensee, der Sie jeden Morgen und Abend mit seiner Sch\u00f6nheit verzaubern wird. Neben der bezaubernden Seesicht verf\u00fcgen wir \u00fcber gratis WLAN und Swisscom TV, damit Sie stets in Verbindung bleiben k\u00f6nnen. Der eigene Garten ist der ideale Ort, um sich zu entspannen und die frische Luft zu genie\u00dfen. Das angrenzende Partyhaus l\u00e4dt zu unterhaltsamen Abenden ein und der Grillbereich sowie das Chemin\u00e9e erm\u00f6glichen es Ihnen, kulinarische K\u00f6stlichkeiten zuzubereiten und den Abend in gem\u00fctlicher Atmosph\u00e4re ausklingen zu lassen. F\u00fcr Ihren Komfort stehen ausreichend Parkpl\u00e4tze zur Verf\u00fcgung. Um die Region zu erkunden, bieten sich Busverbindungen an, die Sie zu den zahlreichen Attraktionen und regionalen Hofl\u00e4den f\u00fchren. Dort k\u00f6nnen Sie lokale Produkte probieren und ein St\u00fcck Appenzeller Gastfreundschaft erleben. Die \u201cEdelweiss\u201d-Ferienwohnung verspricht nicht nur ein Zuhause auf Zeit, sondern auch unvergessliche Momente in einer malerischen Umgebung. Willkommen zu einem Urlaub voller Entspannung, Abenteuer und einer herrlichen Panorama-Seesicht, die Ihre Sinne verzaubern wird.</p><p>Mindestaufenthalt: 3 N\u00e4chte</p>", "image": "https://alarpimtsoch.sos-ch-dk-2.exoscale-cdn.com/catalog/2/5/9/1/25910bab896cf41a6a7afe8a6b2e5b4e0f17dfd3_39d10fc9_a751_4d5b_a211_c2f60bb4dcc3__2.jpeg", "openstreetmap_id": "way/152506005"}, "geometry": {"type": "Point", "coordinates": ["9.5494744", "47.4553123"]}}, {"type": "Feature", "properties": {"identifier": "14664214-7470-43e3-9bf7-d7db7bf4a54e", "name": "B&B Frischknecht", "description": "<p>Fernab von jeglichem Verkehr, mit Blick zur S&auml;ntiskette und inmitten der gr&uuml;nen H&uuml;gellandschaft vom Appenzellerland - hier liegt das Bauernhaus der Familie Frischknecht. Das Ehepaar Lina und Ernst ist pensioniert und legt Wert darauf, bezahlbare Unterk&uuml;nfte f&uuml;r G&auml;ste aus aller Welt anbieten zu k&ouml;nnen. Sie m&ouml;gen Menschen und pflegen einen famili&auml;ren Umgang mit ihren G&auml;sten. Das typische Appenzeller Haus verf&uuml;gt &uuml;ber f&uuml;nf einfache, aber gem&uuml;tliche Zimmer mit Etagendusche. F&uuml;r beste Laune sorgt das reichhaltige Bauernfr&uuml;hst&uuml;ck in der hauseigenen K&uuml;che. Lina Frischknecht liebt es, die G&auml;ste mit Selbstgemachtem und allerlei feinen Produkten aus der Region zu verw&ouml;hnen. F&uuml;r die Verpflegung am Mittag oder Abend laden verschiedene gutb&uuml;rgerliche Restaurants in der Umgebung ein. Es ist kein Mindestaufenthalt erforderlich. Achtung: Bei schneebedeckter Strasse ist f&uuml;r das letzte kurze Steilst&uuml;ck ein Allradfahrzeug erforderlich. Mindestaufenthalt: 1 Nacht</p><h4>Hier gilt die&nbsp;<a href=\"https://www.appenzell.ch/de/unterkunft/appenzeller-ferienkarte.html\">Appenzeller Ferienkarte</a></h4>", "url": "http://www.bnbfrischknecht.ch", "image": "https://alarpimtsoch.sos-ch-dk-2.exoscale-cdn.com/catalog/e/7/c/f/e7cfc240a23726cc7ae6025cba62f6a10adc7769_frischknecht_waldstatt.jpg", "openstreetmap_id": "287037575"}, "geometry": {"type": "Point", "coordinates": ["9.281087800000002", "47.34667279999999"]}}, {"type": "Feature", "properties": {"identifier": "14ff6ebc-b219-4085-9102-32f4d64b9be2", "name": "Feuerstelle Wehrlinsh\u00f6he", "url": "https://www.schwellbrunn.ch/", "image": "https://alarpimtsoch.sos-ch-dk-2.exoscale-cdn.com/catalog/3/f/d/f/3fdfdd07df26efed7f21bd9e564bc61abaf6a2b7_Feuerstelle.jpg", "openstreetmap_id": "5776752963"}, "geometry": {"type": "Point", "coordinates": ["9.256499", "47.3489055"]}}, {"type": "Feature", "properties": {"identifier": "15ec0f94-2d56-4091-bd2f-6bec8d61eb0e", "name": "Feuerstelle und Spielplatz St. Peterzell Dorf ", "description": "Brennholz, Rost und Sitzgelegenheiten sind vorhanden. \nDer grossz\u00fcgige Spielplatz bietet Rutschbahnen, Piratenschiff, Trampolin, Tischtennistisch, Sandkasten, Seilbahn und diverse Kletterm\u00f6glichkeiten.", "image": "https://alarpimtsoch.sos-ch-dk-2.exoscale-cdn.com/catalog/8/a/4/e/8a4e99f0fa5f33da8ab9f722572785cf70daa017_10_2022_st.peterzell_dorf_feuerstelle__1_.JPEG", "openstreetmap_id": "7498090029"}, "geometry": {"type": "Point", "coordinates": ["9.176341295242311", "47.317905273031656"]}}, {"type": "Feature", "properties": {"identifier": "17b4955f-a254-4c2f-9ac7-222c9009290c", "name": "Denkmalgesch\u00fctztes Appenzellerhaus", "description": "<p>G&ouml;nnen Sie sich einen 5*-Urlaub in einem &uuml;ber 200-j&auml;hrigen, vollst&auml;ndig renovierten Appenzellerhaus. Treten Sie ein in die einzigartige Atmosph&auml;re dieser denkmal-gesch&uuml;tzten Liegenschaft, welche f&uuml;r 7 Erwachsene und 4 Kinder Platz bietet. Es verf&uuml;gt &uuml;ber eine Wohnstube, zwei Nebenstuben, eine grosse neue Wohnk&uuml;che, f&uuml;nf Schlafzimmer, ein grosses Kinderzimmer sowie zwei Nasszellen mit Bad/Dusche/WC resp. Dusche/WC. Die Liegenschaft befindet sich unterhalb des Dorfkerns von Stein, ist ruhig und sonnig gelegen und bietet einen traumhaften Ausblick ins Appenzellerland mit der Gebirgskette des Hohen Kastens im Hintergrund. Gerne empfangen wir Sie in unseren heimeligen R&auml;umen f&uuml;r unvergessliche und abwechslungsreiche Ferientage.<br>Mindestaufenthalt: 4 N&auml;chte</p>", "url": "http://www.ferienhaus-appenzell.com", "image": "https://alarpimtsoch.sos-ch-dk-2.exoscale-cdn.com/catalog/6/0/a/9/60a97d4df6fea98a867a892b3bbb17c7bfe4c851_2f844cc2_5387_4cea_a647_2da25704b8d1__2.jpg", "openstreetmap_id": "194350373"}, "geometry": {"type": "Point", "coordinates": ["9.352842800000001", "47.3733259"]}}, {"type": "Feature", "properties": {"identifier": "17ea1a71-cefd-4ab1-a4e4-366e64988e02", "name": "Hirschen Wald - Gasthaus und B\u00e4ckerei", "description": "<p>Der Hirschen Wald verf&uuml;gt &uuml;ber sechs frisch renovierte ger&auml;umige und komfortable Zimmer, die neues und altes verbinden; eine kleine B&auml;ckerei mit einem mehr als hundertj&auml;hrigen Backofen, aus dem es nach Brot, Zopf und zahlreichen Spezialit&auml;ten duftet; zwei heimelige Stuben mit einem 270-j&auml;hrigen Wandbuffet, in denen eine gutb&uuml;rgerliche und regionale K&uuml;che gepflegt wird; und einen Saal f&uuml;r bis zu 60 Personen mit Blick auf den Alpstein und die H&uuml;gel des Appenzellerlands. Der Familienbetrieb liegt ausserhalb des Dorfes Wald, umgeben von Wiesen und W&auml;ldern auf 1050 m &uuml;. M. Wer Ruhe und Entschleunigung sucht, ist hier richtig aufgehoben. In famili&auml;rem Ambiente kann man hier das Appenzellerland auf authentische und unpr&auml;tenti&ouml;se Art erleben und geniessen.&nbsp;</p><h4>Hier gilt die&nbsp;<a href=\"https://www.appenzell.ch/de/unterkunft/appenzeller-ferienkarte.html\">Appenzeller Ferienkarte</a></h4>", "url": "http://www.hirschenwald.ch/", "image": "https://alarpimtsoch.sos-ch-dk-2.exoscale-cdn.com/catalog/7/2/2/0/7220010a178090f31a28d4cfd640c7cdfd46b6bf_hirschen_wald.jpg", "openstreetmap_id": "195107062"}, "geometry": {"type": "Point", "coordinates": ["9.5046876", "47.4190749"]}}, {"type": "Feature", "properties": {"identifier": "1a336517-b4aa-4d3b-9d08-d6bf125e55ae", "name": "Textildorf - F\u00fchrung durch Rehetobel", "description": "Rehetobel war um 1900 ein Zentrum der textilen Heimindustrie. Hier wurde f\u00fcr die bekannten Handels- und Textilh\u00e4user in St. Gallen und Speicher anf\u00e4nglich gewoben und sp\u00e4ter gestickt und auch eigener Handel betrieben. Auf einer textilhistorischen F\u00fchrung erfahren Sie \u00fcber das Leben der Weber und Sticker sowie die lokale Wirtschafts-, Bau- und Sozialgeschichte als ein Teil der Ostschweizer textilen Vergangenheit.\n\nAuf Wunsch k\u00f6nnen Sie im Anschluss an die F\u00fchrung eine Besichtigung bei der Stickereifirma Walter Sonderegger AG reservieren. Die Firma ist auf hochwertige Stickereien f\u00fcr Lingerie und Damen Oberbekleidung spezialisiert. Der Betrieb liegt ausserhalb des Dorfes, weshalb Fahrzeuge ben\u00f6tigt werden.\n\nDauer: ca. 1 1/2 Stunden Dorff\u00fchrung, 45 Minuten Stickereibesichtigung\nTeilnehmer: 5 - 12 Personen\nKosten: CHF 10.00 pro Person", "url": "https://textildorf.ch/", "image": "https://alarpimtsoch.sos-ch-dk-2.exoscale-cdn.com/catalog/1/3/1/8/1318ad8453154e7a65f9606baadc6b545f27d33d_Bildschirmfoto_2021_01_27_um_14.23.49__3.png", "openstreetmap_id": "148458880"}, "geometry": {"type": "Point", "coordinates": ["9.482944607734682", "47.42699850914466"]}}, {"type": "Feature", "properties": {"identifier": "1a5474ab-b140-4899-b307-9f029ad43f50", "name": "Feuerstelle G\u00e4bris / Jubih\u00fctte", "url": "https://www.gais.ch/", "image": "https://alarpimtsoch.sos-ch-dk-2.exoscale-cdn.com/catalog/6/0/b/d/60bd6c5b90499320eca0a398ce9a9ece78b949ec_08_2020_gais_jubih__tte.jpg", "openstreetmap_id": "573434113"}, "geometry": {"type": "Point", "coordinates": ["9.4652898", "47.3807878"]}}, {"type": "Feature", "properties": {"identifier": "1a5afb5b-7b54-4805-9d99-15861dba4ee3", "name": "Stellplatz \u00abParkplatz Risi\u00bb", "description": "<p>Der einfache Stellplatz inmitten der Appenzeller H\u00fcgellandschaft mit Blick auf den Alpstein befindet sich auf dem Parkplatz Risi. Es stehen 2 Stellpl\u00e4tze f\u00fcr maximal 2 N\u00e4chte zur Verf\u00fcgung. Erkunden Sie direkt vom Stellplatz aus die herrlichen Appenzeller Wanderwege (z.B. R\u00e4tselweg), spannende Biketouren oder geniessen Sie einfach die traumhafte Aussicht. Eine \u00dcberblickt der Wanderwege, Feuerstellen, Einkaufsm\u00f6glichkeiten und Restaurants ist auf dem folgenden Situationsplan zu finden. <a href=\"https://www.schwellbrunn.ch/_docn/3091967/Situationsplan.pdf\" rel=\"noopener noreferrer\" target=\"_blank\">Zum Lageplan</a></p><p></p><p>Es handelt sich um einen \u00f6ffentlichen Parkplatz, eine Reservation ist daher nicht m\u00f6glich. Die \u00dcbernachtung ist kostenlos.</p><p></p>", "image": "https://alarpimtsoch.sos-ch-dk-2.exoscale-cdn.com/catalog/4/b/6/a/4b6a33c67295e2f90f39063a280b2f1f1a1a18a1_schwellbrunn_dorf.jpg", "openstreetmap_id": "node/9042296801"}, "geometry": {"type": "Point", "coordinates": ["9.2360522", "47.3462884"]}}, {"type": "Feature", "properties": {"identifier": "1b41c5db-37b4-48df-98ca-d1e3bacfb968", "name": "Feuerstelle L\u00f6chli", "image": "https://alarpimtsoch.sos-ch-dk-2.exoscale-cdn.com/catalog/0/8/9/4/0894d4e44de3d2ced0dbf1c25b88f45e63290553_Feuerstelle_Chindlisteinweg.jpg", "openstreetmap_id": "12192277436"}, "geometry": {"type": "Point", "coordinates": ["9.540499448776247", "47.433755001345006"]}}, {"type": "Feature", "properties": {"identifier": "1ebef503-51f6-4b73-9fcb-03ac2c3fd748", "name": "Kr\u00e4uterzauber - Kr\u00e4uterwelt Appenzeller Alpenbitter", "description": "<p>Die Appenzeller sind bekannt f&uuml;r ihre Geheimnisse, sowohl bei K&auml;se wie auch beim Appenzeller Alpenbitter. Martina Rocco, dipl. Kr&auml;uterfachfrau zeigt ihnen auf einem rund 2-st&uuml;ndigen Kr&auml;uterspaziergang die Wildkr&auml;uter rund um Appenzell. Einige davon sind auch im ber&uuml;hmten Appenzeller Alpenbitter zu finden. Im Anschluss an den Spaziergang besichtigen Sie die &laquo;Kr&auml;uterwelt&raquo;. Der neue Betriebsrundgang kombiniert auf gelungene Art und Weise Wissensvermittlung rund um die 42 Kr&auml;uter und die Appenzeller Brenntradition mit Erlebnis, Spannung und Unterhaltung.</p><p>F&uuml;r Gruppen: 10 Personen &ndash; max. 20 Personen (bei mehr Personen muss eine 2. Kr&auml;uterfrau mitlaufen -&gt; Preis auf Anfrage)&nbsp;<br>Kosten pro Person: CHF 45.- inkl. Kr&auml;uterwanderung und Besichtigung Appenzeller Alpenbitter <br>Buchbar: Mai bis September, t&auml;glich auf Anfrage <br>Dauer: 4 Stunden (Vormittag 10 - 14 Uhr oder Nachmittag 15 - 18 Uhr) <br>Treffpunkt: Brauerei-Parkplatz</p>", "url": "https://www.kraeuterzauber.ch/", "image": "https://alarpimtsoch.sos-ch-dk-2.exoscale-cdn.com/catalog/d/0/d/e/d0de86c42b0e33076ebcd5973400e9363997dfd6_Appenzeller_Kraeuterwelt.jpg", "openstreetmap_id": "relation/1683860"}, "geometry": {"type": "Point", "coordinates": ["9.4099556", "47.3299558"]}}, {"type": "Feature", "properties": {"identifier": "2105e501-6406-42c2-860a-d583cc16e223", "name": "Feuerstelle Gstell Brenden", "url": "http://www.lutzenberg.ch/de/verwaltung/", "image": "https://alarpimtsoch.sos-ch-dk-2.exoscale-cdn.com/catalog/3/f/d/f/3fdfdd07df26efed7f21bd9e564bc61abaf6a2b7_Feuerstelle.jpg", "openstreetmap_id": "9863115554"}, "geometry": {"type": "Point", "coordinates": ["9.5796965", "47.4613362"]}}, {"type": "Feature", "properties": {"identifier": "23991049-e1cf-4a85-bcf4-b7f76544b425", "name": "Feuerstelle Chozeren", "image": "https://alarpimtsoch.sos-ch-dk-2.exoscale-cdn.com/catalog/e/1/c/2/e1c2ea33de4d6631ec6d086800541a48056468c1_04_2021_wald_chozeren__3_.JPEG", "openstreetmap_id": "2055700796"}, "geometry": {"type": "Point", "coordinates": ["9.508737", "47.405638"]}}, {"type": "Feature", "properties": {"identifier": "240ee99c-dc49-4a17-96fa-53a4a40637fd", "name": "Feuerstelle Fischegg", "description": "<p>Die Feuerstelle befindet sich auf dem Lillyweg kurz vor dem Lillybeizli am Kletterfels. Sie l&auml;dt durch die halbschattige Lage zu einer Rast.</p><p>Vorhanden ist:\u202f</p><ul><li>Feuerstelle mit Rost und Sitzb&auml;nke</li><li>Brennholz</li><li>Abfallbeh&auml;lter</li></ul>", "image": "https://alarpimtsoch.sos-ch-dk-2.exoscale-cdn.com/catalog/f/0/7/2/f07257eff805ce32a34131495fc6b08f7226b74d_Fischegg.JPG", "openstreetmap_id": "way/264891410"}, "geometry": {"type": "Point", "coordinates": ["9.27485346567382", "47.28272993897171"]}}, {"type": "Feature", "properties": {"identifier": "24748c3a-5642-490b-a48d-276e5a1bf358", "name": "B\u00e4ckerei-Konditorei Meyerhans", "description": "In unserer B\u00e4ckerei stellen wir t\u00e4glich frisch die verschiedensten Brotsorten unter dem Reinheitsgebot des Naturel Labels  her.\nIn unserer Konditorei finden Sie alles was s\u00fcsse Herzen h\u00f6her schlagen l\u00e4sst.\nUnsere Produkte werden alle nach strengen Produktionsrichtlinien und gesunden Zutaten produziert. Von Torten \u00fcber Patisserie bis zum Dessertbuffet f\u00fcr Ihr Fest.\nEbenfalls in der Konditorei hergestellt werden unsere feinen Appenzeller-Biber, die schon mehrere Preise gewonnen haben.", "url": "http://www.beckmeyerhans.ch/", "image": "https://alarpimtsoch.sos-ch-dk-2.exoscale-cdn.com/catalog/e/4/3/a/e43a495d3f8ad3531def2b21a1f6bf5186f4e3c7_B__ckerei_Konditorei_Meyerhans__Walzenhausen.jpg", "openstreetmap_id": "5352678324"}, "geometry": {"type": "Point", "coordinates": ["9.6017416", "47.4514749"]}}, {"type": "Feature", "properties": {"identifier": "26da371d-f459-40f7-9561-e07e22bc6e09", "name": "Ferienwohnung Hilty (Ferienwohnung mit Seeblick)", "description": "<p class=\"MsoNormal\">Herzlich willkommen in der Ferienwohnung Hilty. Ihre perfekte Auszeit mit einzigartigem Seeblick und dem Hauch reiner Natur, die nur auf Sie wartet. G&ouml;nnen Sie sich erholsame Tage in einer Umgebung, die Ruhe und Entspannung verspricht. Gelegen oberhalb des idyllischen Heidens, bietet unsere liebevoll eingerichtete Ferienwohnung eine traumhafte Lage mit unverbautem Blick auf den Bodensee, das charmante Biedermeierdorf und die sanften H&uuml;gellandschaften des Appenzellerlandes.</p><p class=\"MsoNormal\">Innen l&auml;dt die modern und komfortabel ausgestattete 40 m&sup2; grosse Wohnung zu einem angenehmen Aufenthalt ein. Sie ist mit einer voll ausgestatteten K&uuml;che und einem gem&uuml;tlichen Wohnbereich mit einem Ecksofa, das bei Bedarf auch als Bett genutzt werden kann, sowie einem HD-TV ausger&uuml;stet. Der Schlafbereich mit zwei einladenden Einzelbetten verspricht ruhige N&auml;chte. Der separate Eingang und die optimale Raumaufteilung bieten Privatsph&auml;re und Komfort f&uuml;r bis zu drei Personen.</p><p class=\"MsoNormal\">Draussen erwartet Sie ein exklusives Erlebnis der Entspannung und des Wohlbefindens. Beginnen Sie Ihren Tag mit der Morgensonne auf dem gem&uuml;tlichen Sitzplatz und geniessen Sie die Ruhe im privaten Gartenbereich mit Liegewiese, Biotop und Gartengrill. Es ist der ideale Ort, um nach einem erlebnisreichen Tag die Seele baumeln zu lassen.&nbsp;</p><p class=\"MsoNormal\">Die Umgebung ist ein Eldorado f&uuml;r Aktive und Naturliebhaber. Leicht erh&ouml;ht gelegen, erreichen Sie das Dorfzentrum nach einem kurzen Spaziergang. Von der nahegelegenen Postautohaltestelle \"Rosengarten\", nur drei Gehminuten entfernt, sind Sie bestens angebunden. Heiden dient als perfekter Ausgangspunkt f&uuml;r Wanderungen, Radtouren und Ausfl&uuml;ge in die Region. Die N&auml;he zum Bodensee, zur Stadt St. Gallen oder zum Alpstein bietet vielf&auml;ltige Erkundungsm&ouml;glichkeiten, w&auml;hrend die gute Anbindung an &ouml;ffentliche Verkehrsmittel auch eine flexible Reise ohne Auto erm&ouml;glicht.&nbsp;</p><p class=\"MsoNormal\">Erleben Sie unvergessliche Tage in der Ferienwohnung Hilty, wo Sie nicht nur eine atemberaubende Aussicht, sondern auch komfortables Wohnen und eine ideale Lage f&uuml;r Ihre Ausfl&uuml;ge in die Natur und Kultur der Region geniessen k&ouml;nnen.</p><p>Miete 90.- pro Tag / Minimum 5 Tage Inklusive</p><p>Leistungen:</p><ul><li>Appenzeller Ferienkarte mit vielen Verg&uuml;nstigungen</li><li>s&auml;mtliche Nebenkosten</li><li>WLAN</li></ul><p>Zus&auml;tzliche Kosten:</p><ul><li>Bettw&auml;sche und Frottierw&auml;sche 15.- pro Person/Woche (Kann auch selbst mitgebracht werden)</li><li>Kurtaxen 2.20 pro Tag/Person ab 12 Jahren</li><li>Endreinigung 90.-</li><li>Zus&auml;tzliche dritte Person 20.- pro Tag</li></ul><h4>Hier gilt die&nbsp;<a href=\"https://www.appenzell.ch/de/unterkunft/appenzeller-ferienkarte.html\">Appenzeller Ferienkarte</a></h4>", "image": "https://alarpimtsoch.sos-ch-dk-2.exoscale-cdn.com/catalog/6/7/d/0/67d07d52c4d0159bce9a5fbbcd1975c188d8784f_20260616_082648_1_.jpg", "openstreetmap_id": "362560971"}, "geometry": {"type": "Point", "coordinates": ["9.528164", "47.439356"]}}, {"type": "Feature", "properties": {"identifier": "276d4b36-cc74-4a91-a5c6-577cc5c477e4", "name": "Brocki Gais", "description": "<p>Das legend&auml;re, charmante Brocki ist in Gais seit 1977 ein nachhaltiges Kaufhaus im nebelfreien Appenzellerland auf verwinkelten 450 Quadratmetern mit allerhand Lustigem, Sch&ouml;nem und Sinnvollem aus garantiert zweiter Hand. Hier findest du fast alles f&uuml;r dein Leben: einen Augenschmaus an Wohn- und Haushaltsobjekten, fr&ouml;hliche Atmosph&auml;re inklusive.</p>", "url": "https://www.brocki-gais.ch/", "image": "https://alarpimtsoch.sos-ch-dk-2.exoscale-cdn.com/catalog/a/6/3/6/a636fd606334224c0066a16413beb2bc5e189da8_Brocki_4.jpg", "openstreetmap_id": "way/38564313"}, "geometry": {"type": "Point", "coordinates": ["9.44528081440038", "47.36019356960496"]}}, {"type": "Feature", "properties": {"identifier": "2895c282-1ecf-4021-a168-79c2ec4a2fe7", "name": "Feuerstelle bei Hochsitz", "image": "https://alarpimtsoch.sos-ch-dk-2.exoscale-cdn.com/catalog/8/7/b/b/87bb55d4b2b1c68a760d147419e4cdc640c99a71_Urn__sch_Feuerstelle_Hochsitz.jpg", "openstreetmap_id": "2414629590"}, "geometry": {"type": "Point", "coordinates": ["9.274853467941286", "47.280233981431586"]}}, {"type": "Feature", "properties": {"identifier": "28aed697-f6ef-4eb0-a8d9-98753284d04b", "name": "Ferienwohnung Studio Sunehus", "description": "<p>Verbringen Sie Zeit in unserem Studio in einem modernen ikonischem Holzhaus in ruhiger Umgebung. Per Bahn oder Bus dauert es weniger als eine Stunde ins Zentrum von St. Gallen und etwas \u00fcber eine Stunde nach Z\u00fcrich. Eindr\u00fccklicher Wohnort mit toller Aussicht in die Berge. Frisch umgebaut inklusive kleiner Kochnische und komfortablem Interieur, um sich erholen zu k\u00f6nnen.</p><p>Mindestaufenthalt: 3 N\u00e4chte</p>", "url": "http://www.sunehus.ch", "image": "https://alarpimtsoch.sos-ch-dk-2.exoscale-cdn.com/catalog/0/b/8/b/0b8bd49b3a4e9ec46ca0e498bd6860466821703b_Sunehus_Aussenansicht.webp", "openstreetmap_id": "196015216"}, "geometry": {"type": "Point", "coordinates": ["9.35565233230591", "47.39662806281125"]}}, {"type": "Feature", "properties": {"identifier": "28b8e0ab-fc8e-4f5a-842d-d812633576ab", "name": "Ferienwohnung Sonnegg", "description": "<p>Helle, sonnige Wohnung mit Wohnk&uuml;che, gut eingerichtet in einem typischen Appenzeller Haus. Herrliche Fernsicht, ruhig und zentral gelegen.</p><p>2 Schlafzimmer (1 Doppelbett, 1 Einzelbett), kleine Stube, separater Eingang, Gartenterrasse zur Mitben&uuml;tzung. (Auf Anfrage ist im Estrich ein Zimmer mit zwei zus&auml;tzlichen Betten verf&uuml;gbar)</p><ul><li>Preis pro Tag f&uuml;r 2 Personen: CHF 100.- inkl. Bett-/K&uuml;chen-/Frotteew&auml;sche und Apppenzeller Ferienkarte</li><li>Preis pro Tag f&uuml;r 3 Personen: CHF 110.-&nbsp;</li><li>Exkl. Endreinigung CHF 80.- sowie Kur- und Beherbergungstaxe pro Tag und Person CHF 2.10</li></ul><p>In n&auml;chster N&auml;he finden Sie Einkaufsm&ouml;glichkeiten und Restaurants. In 8 Minuten sind Sie auf dem Bahnhof der Gaiser Bahn mit Verbindungen nach Appenzell, Altst&auml;tten und St. Gallen.</p><h4>Hier gilt die&nbsp;<a href=\"https://www.appenzell.ch/de/unterkunft/appenzeller-ferienkarte.html\">Appenzeller Ferienkarte</a></h4>", "image": "https://alarpimtsoch.sos-ch-dk-2.exoscale-cdn.com/catalog/c/b/2/a/cb2a7eb4bb4b09dae65caa154a47cd668d986574_gais_sonnegg_tannheimer.jpg", "openstreetmap_id": "319847825"}, "geometry": {"type": "Point", "coordinates": ["9.456182", "47.363091"]}}, {"type": "Feature", "properties": {"identifier": "2a0e3b1b-9f3b-44e7-a4f1-dbc66c900fbe", "name": "Feuerstelle Nieschberg", "description": "<ul><li>Brennholz vorhanden</li><li>Rost vorhanden</li><li>1 Tisch mit 12 Sitzpl&auml;tzen</li><li>1 Feuerstelle</li><li>17 sonstige Sitzpl&auml;tze</li><li>Abfallentsorgung vorhanden</li><li>F&uuml;r Gruppe geeignet</li><li>Feuerstelle kann nicht reserviert werden</li></ul>", "image": "https://alarpimtsoch.sos-ch-dk-2.exoscale-cdn.com/catalog/4/9/3/b/493b2c40acfb001c6d170cffd5356283b3e57423_20260623_084007735_iOS.jpg", "openstreetmap_id": "5776752957"}, "geometry": {"type": "Point", "coordinates": ["9.275030493736269", "47.371802373995806"]}}, {"type": "Feature", "properties": {"identifier": "2a222a76-58f6-4eb0-94c5-9d8a8d71409e", "name": "Appenzeller Friedens-Stationen", "description": "Die Appenzeller Friedens-Stationen laden herzlich zu einer Entdeckungsreise im Appenzeller Vorderland ein. Sie zeigen die humanit\u00e4ren Lebenswerke von bedeutenden Schweizerinnen und Schweizern: Jakob K\u00fcnzler, Carl Lutz, Margrit Besmer und Willi Kobe, Paul Vogt, Gertrud Kurz, Catharina Sturzenegger, Theodosius Florentini, Carl \u00abB\u00f6\u00bb B\u00f6ckli und Henry Dunant. Jede Station ist dem Leben und Werk einer Pers\u00f6nlichkeit gewidmet. \nDie Wanderung zu den Appenzeller Friedens-Stationen zwischen Heiden und Walzenhausen ist auch f\u00fcr Familien gut geeignet. Dabei geht es \u00fcber H\u00f6ger und durch Tobel mit Steigungen, die aber nie sehr lang sind. Der Weg ist bei jedem Wetter gut machbar - auch im Winter.", "url": "https://friedens-stationen.ch/", "image": "https://alarpimtsoch.sos-ch-dk-2.exoscale-cdn.com/catalog/7/c/6/7/7c67907ac0f3a4a6ee2f8c8c7cac7b8e3ed12233_Computerformat_4_3_heiden_dorfplatz.jpg", "openstreetmap_id": "1077380720"}, "geometry": {"type": "Point", "coordinates": ["9.549802", "47.453412"]}}, {"type": "Feature", "properties": {"identifier": "2a5aea94-a623-4aa0-845b-23f9552797b9", "name": "S\u00e4ntis - Alpschauk\u00e4serei Schw\u00e4galp", "description": "Die K\u00e4serei wurde im Jahr 1996 von den Landwirten, die ihr Vieh w\u00e4hrend des Sommers auf die Alp bringen, gebaut. Im Jahr 1997 wurde auf der Schw\u00e4galp das erste Mal Alpk\u00e4se hergestellt . All diese Landwirte haben sich am Bau beteiligt daher ist es ein Genossenschaftsbetrieb. Im Jahr 2012 wurde die K\u00e4serei erweitert um, mehr Milchmengen zu verarbeiten. Zurzeit liefern etwa 52 Landwirte Alpmilch w\u00e4hrend den Sommermonaten Mai bis September in die K\u00e4serei. Die meiste Milch wird zu feinem Schw\u00e4galpk\u00e4se verarbeitet. Aber auch Raclettk\u00e4se, Butter, Mutschli und Ziegenk\u00e4se werden hergestellt. Der Grossteil des K\u00e4ses geht an die Grossisten. Der Rest wird \u00fcber den Laden auf der Schw\u00e4galp verkauft, der in den Monaten Mai bis Oktober jeden Tag seine T\u00fcren offen hat. Kommen Sie doch vorbei und geniessen Sie die herrlichen Produkte, die in unserer K\u00e4serei hergestellt werden -\u2013 das Verkaufsteam freut sich auf ihren Besuch. Tragen wir doch viel zum Slogan des Culinarium Labels bei \u00abGenuss aus der Region\u00bb.\n\n", "url": "https://www.alpschaukaeserei.ch/", "image": "https://alarpimtsoch.sos-ch-dk-2.exoscale-cdn.com/catalog/f/5/e/a/f5eacc899e1d4ccc9aebaa39cd4972cc05e9c6d2_S__ntis___der_Berg__Alpschauk__serei.jpg", "openstreetmap_id": "65227828"}, "geometry": {"type": "Point", "coordinates": ["9.3184", "47.25581"]}}, {"type": "Feature", "properties": {"identifier": "2d327171-28f9-466b-bfe4-7db4c2bcc8c7", "name": "Feuerstelle Wasserfall", "url": "http://www.schoenengrund.ch/de/", "image": "https://alarpimtsoch.sos-ch-dk-2.exoscale-cdn.com/catalog/6/4/4/6/64464eb7380f1a1828fc27394f7cc2334b932e70_01_2021_sch__nengrund_wasserfall_af__1_.JPEG", "openstreetmap_id": "7553916230"}, "geometry": {"type": "Point", "coordinates": ["9.2239816", "47.3176871"]}}, {"type": "Feature", "properties": {"identifier": "2f4e8743-3226-4340-a37b-01c1b79b6e94", "name": "Bleichehof", "description": "<p>An traumhafter Lage mit fantastischem Panoramablick auf den gegen&uuml;berliegenden Weinberg und den Bodensee befindet sich unterhalb des Dorfs Wolfhalden der Bauernhof Bleichehof. Wir versuchen aus dem Boden, den unsere Vorfahren uns anvertraut haben, mit der Hilfe von Sonne, Regen, Wind und Wetter und mit einer naturnahen Bewirtschaftung nachhaltige Produkte hervorzubringen. Schon seit mehreren Generationen werden in der Familie Tobler Reben angebaut und Weine produziert. Die Rebfl&auml;che konnte in den letzten Jahren vergr&ouml;ssert werden. Auch die Sortenvielfalt wurde kontinuierlich erweitert, und so reifen nebst dem traditionellen Blauburgunder auch weitere, interessante Sorten. Auf dem Hof erwartet Sie ein Besuch des Wein-Lagerkellers, ein Gang durch den Freilauf- und Pferdestall, gefolgt von einer Degustation diverser Weinsorten. Zum Knabbern gibt&rsquo;s K&auml;se und Geissenpantli. Dauer: 60 bis 90 Minuten Teilnehmende: 10 bis 60 Personen Kosten: CHF 20.00 pro Person<br><br></p>", "url": "http://www.bleichehof.ch", "image": "https://alarpimtsoch.sos-ch-dk-2.exoscale-cdn.com/catalog/a/e/5/6/ae56b72b8877bb2af58e8ae23604a83391ad16a1_Bleichehof_Haupt.jpg", "openstreetmap_id": "687577303"}, "geometry": {"type": "Point", "coordinates": ["9.5501749", "47.4569957"]}}, {"type": "Feature", "properties": {"identifier": "2fe98728-e934-4b6f-bdc3-234568881508", "name": "Lillybeizli / Alp Fischegg", "description": "Erleben Sie das \u00c4lplerleben und den Appenzeller Brauchtum hautnah. Schnuppern Sie Bergluft und geniessen Sie die prachtvolle Aussicht zwischen Urn\u00e4sch und der Schw\u00e4galp.\n\nBergluft macht hungrig - geniessen Sie im gem\u00fctlichen Lillybeizli Originale Appenzeller K\u00e4sespezialit\u00e4ten wie Raclette, K\u00e4sefondue oder \u00c4lplermaccaronen. \nGeniessen Sie in der freien Natur unter dem Sternenhimmel ein Bad in unserem Hot-Pot mit Blick auf den S\u00e4ntis.\n\nErkunden Sie das Appenzellerland bei einer Kutschenfahrt mit Ruedi Biser.\nUnd dann fallen Sie m\u00fcde, gl\u00fccklich und zufrieden ins Strohbett - mit dem w\u00fcrzigen Heuduft in der Nase wiegt Sie leises Kuhglockengebimmel in den Schlaf.\n\nAm n\u00e4chsten Morgen st\u00e4rken Sie sich beim \u00c4lplerfr\u00fchst\u00fcck mit frischer Alpenbutter, aromatischer Bergmilch und frisch gebackenem Brot und Zopf f\u00fcr einen neuen erlebnisreichen Tag auf der Alp.\u00a0", "url": "https://www.lillybeizli.ch/", "image": "https://alarpimtsoch.sos-ch-dk-2.exoscale-cdn.com/catalog/0/7/a/2/07a28120f7f2a684ffaf17431a4763ec133970d3_Architektur_8__2.jpg", "openstreetmap_id": "node/7207036890"}, "geometry": {"type": "Point", "coordinates": ["9.273770304491192", "47.28434237698904"]}}, {"type": "Feature", "properties": {"identifier": "318dea22-ad7b-470b-9626-4de8df1d724c", "name": "Ferienwohnung GLORIOS", "description": "<p>Im Zentrum in lieblicher H&uuml;gellandschaft gelegenem Biedermeier Haus begr&uuml;ssen wir Sie im Kurort Heiden oberhalb des Bodensees. Die stilistisch neu renovierte heimelige Wohnung l&auml;dt zur Erholung und zum gem&uuml;tlichen Verweilen ein. 5 Minuten Fussweg zu den Postautoverbindungen und 10 Minuten Fussweg zum Bahnhof Heiden sind attraktive alternativen zum Auto und tragen somit zu einem umweltbewussten Umgang bei.<br>Vermietung: wochenweise</p>", "image": "https://alarpimtsoch.sos-ch-dk-2.exoscale-cdn.com/catalog/6/3/3/1/6331b4a602288749853518c87e9f2bbdee8f5978_heiden_ferienwohnung_glorios_aussenansicht.jpg", "openstreetmap_id": "way/253241570"}, "geometry": {"type": "Point", "coordinates": ["9.53499549881651", "47.44340475"]}}, {"type": "Feature", "properties": {"identifier": "31b41438-de6d-4ec5-92d6-55eadff21f15", "name": "Gruppenhaus M\u00fcllersberg", "description": "<p>Das Haus ist umfassend renoviert und kann ganzj\u00e4hrig gemietet werden. Geeignet f\u00fcr Klassenlager, Musik- und Sportlager, Wandergruppen, Seminare und Familienfeste. Besonders bietet sich das Haus auch f\u00fcr Menschen mit einer Beeintr\u00e4chtigung an. Es ist vollst\u00e4ndig rollstuhlg\u00e4ngig, verf\u00fcgt \u00fcber 34 Betten, verteilt auf 18 Zimmer und ist erweiterbar auf bis zu 50 Schlafpl\u00e4tze. Es ist eine grosse neuwertige K\u00fcche mit Steamer, Waschstrasse etc. vorhanden. Seit kurzem ist das Haus M\u00fcllersberg auch ein Kunsthaus, denn es sind 80 Kunstwerke von Menschen mit k\u00f6rperlicher und geistiger Behinderung aus der Sammlung von Verena und Hansruedi Fricker ausgestellt.</p><p></p>", "url": "https://www.heiden.ch/raumreservation/detail/11710", "image": "https://alarpimtsoch.sos-ch-dk-2.exoscale-cdn.com/catalog/6/a/f/c/6afc3b88cf9a63015106290d0dc83d60cfb4b3bc_01_Aussenansicht_Richtung_Bodensee.jpg", "openstreetmap_id": "668449586"}, "geometry": {"type": "Point", "coordinates": ["9.536526", "47.434803"]}}, {"type": "Feature", "properties": {"identifier": "3255b724-1d67-436b-aae6-d3e9c0d0989b", "name": "B&B chez Lise", "description": "<p>Die Inhaberin, Lise Frischknecht, zaubert f&uuml;r ihre G&auml;ste k&ouml;stliche Gerichte und macht den Aufenthalt zu einem echt authentischen Erlebnis. Auf Anfrage erhaspeln Sie sogar einen Einblick in den beachtlichen Weinkeller Die unmittelbare Lage zum Zentrums erm&ouml;glicht Ausflugstipps diverser Art wie Wandern, Museumsbesuche, Langlaufen, Schneeschuhwandern, Schwimmen im Freibad und viele mehr. Erleben Sie nachhaltigen Komfort im BnB Chez Lise, wo Solaranlage, Luftw&auml;rmepumpe und konsequente Abfalltrennung f&uuml;r eine umweltfreundliche Auszeit sorgen. Auf Anfrage k&ouml;nnen Kochkurse und Weindegustationen gebucht werden.</p><h4>Hier gilt die&nbsp;<a href=\"https://www.appenzell.ch/de/unterkunft/appenzeller-ferienkarte.html\">Appenzeller Ferienkarte</a></h4>", "url": "http://chezlise.ch/", "image": "https://alarpimtsoch.sos-ch-dk-2.exoscale-cdn.com/catalog/4/c/d/5/4cd5192590bc183ce93dd3a4ea47ff829799e682_3de21968_8498_4f25_8c87_b04a231d019b.jpeg", "openstreetmap_id": "264867188"}, "geometry": {"type": "Point", "coordinates": ["9.2813184", "47.3140021"]}}, {"type": "Feature", "properties": {"identifier": "32bc5a4d-2bad-40e0-9e63-566756cebd22", "name": "Feuerstelle Steigb\u00fcchel", "url": "http://www.walzenhausen.ch/home.htm", "image": "https://alarpimtsoch.sos-ch-dk-2.exoscale-cdn.com/catalog/2/5/2/6/25267d41e94c0e32bc648519343846258a195b12_08_2020_walzenhausen_steigb__chel__2_.jpg", "openstreetmap_id": "4185991879"}, "geometry": {"type": "Point", "coordinates": ["9.5987797", "47.442163"]}}, {"type": "Feature", "properties": {"identifier": "32fd5998-781a-461a-96f4-732931c63de1", "name": "Ferienwohnung und B&B R\u00e4tia", "description": "Wie w\u00e4re es mit ein paar Tagen auf dem Land und trotzdem in Stadtn\u00e4he? Wolfhalden liegt im wundersch\u00f6nen Appenzellerland fernab vom Stress und doch ist alles ganz schnell erreichbar. Sie wollen das Land geniessen? Kein Problem! Wander-, Fahrrad- und Bike-M\u00f6glichkeiten warten vor der Haust\u00fcre. Wer es gem\u00fctlicher mag, sonnt sich in einem der Freib\u00e4der oder am Bodensee oder l\u00e4sst sich im Heilbad verw\u00f6hnen. Und wer sich dann doch einmal nach der Stadt sehnt, ist in 45min mit dem Postauto oder in 20min mit dem Auto in der Kulturstadt St. Gallen, wo Shopping, Restaurants, Bars und Clubs warten.\n\nDie totalsanierte Ferienwohnung R\u00e4tia befindet sich in einer ehemaligen Pension \u00fcber dem Bodensee. Sie ist vollst\u00e4ndig ausgestattet mit K\u00fcchenutensilien, Gew\u00fcrzen, Geschirr, Badet\u00fccher, Bettw\u00e4sche etc.. Die Zimmer sind liebevoll eingerichtet mit reichlich Ablagefl\u00e4chen und Stauraum. Ein kleiner Balkon l\u00e4dt zum Fr\u00fchst\u00fcck mit Blick auf den Sonnenaufgang \u00fcber dem Pf\u00e4nder ein. Im Wohnzimmer finden Sie einen Fernseher und verschiedene Spiele f\u00fcr Gross und Klein. Internetzugang mit Wireless und Parkpl\u00e4tze sind ebenfalls vorhanden. Im Eingangsbereich laden Prospekte und Lekt\u00fcren zu Aktivit\u00e4ten im und ums Appenzellerland zum Schm\u00f6kern ein. Die Familie Keller freut sich auf Ihren Aufenthalt.\n\nDas Haus R\u00e4tia bietet aber auch Zimmer mit Fr\u00fchst\u00fcck. Die zwei hellen Zimmer sind liebevoll eingerichtet und abschliessbar. Das Badezimmer und das separate WC wird von den maximal vier G\u00e4sten gemeinsam genutzt. Der 1. Stock besitzt eine sehr grosse Terrasse mit einer ph\u00e4nomenalen Aussicht auf den Bodensee. Im Fr\u00fchst\u00fccksraum befindet sich ein K\u00fchlschrank, eine Kaffeemaschine und ein Wasserkocher. Das Fr\u00fchst\u00fcck wird jeden Morgen frisch bereitgestellt und ist zur Selbstbedienung vorbereitet.\n\nFerienwohnung:\nPreis: pro Nacht f\u00fcr 2 Personen CHF 130.00, jede weitere Person CHF 30.00\nWochenrabatt: 10% ab 7 N\u00e4chten\nEndreinigung: CHF 100.00\nKaution: CHF 100.00", "url": "http://www.raetiawolfhalden.ch", "image": "https://alarpimtsoch.sos-ch-dk-2.exoscale-cdn.com/catalog/9/7/b/1/97b15dc8bd343c6f5356a48e540584d630678159_wolfhalden_r__tia.jpeg", "openstreetmap_id": "687577476"}, "geometry": {"type": "Point", "coordinates": ["9.5539319", "47.4543323"]}}, {"type": "Feature", "properties": {"identifier": "33741721-55e5-4770-9722-b3565e2eb019", "name": "Landgasthaus B\u00e4ren, Grub", "description": "<p>Die sch&ouml;ne Aussicht auf den Bodensee, die am Haus vorbeif&uuml;hrende Wanderroute, der nahegelegene Skilift oder das Heilbad Unterrechstein k&ouml;nnen Highlights Ihrer Freizeitgestaltung bei uns werden. Kulinarisch verw&ouml;hnen wir Sie mit einer gepflegten regionalen 2 Hauben-K&uuml;che. Speziell: &laquo;Alltag-Raus Pauschale&raquo; mit &Uuml;bernachtung, Aperitif und einem 5-Gang-Schlemmermen&uuml; CHF 162.50! Der B&auml;ren geh&ouml;rt seit Jahren zu den Klassikern im Appenzellerland, und G&auml;ste erstaunt es nicht, dass das Haus Jahr f&uuml;r Jahr den Weg in die Gourmet-Bibel von GaultMillau findet. Aber man kommt nicht nur der exquisiten K&uuml;che wegen ins Haus. &Uuml;brigens: Wer es einfach liebt, ist mit w&uuml;rzigen &Auml;lpler-Makkaroni gut bedient. Das heimelige Gourmet-St&uuml;bli l&auml;dt genauso zur Einkehr ein wie die vor Jahresfrist renovierte Bodenseestube, die sich heute mit Lounge- und Apero- Bar modern und elegant pr&auml;sentiert.</p><h4>Hier gilt die&nbsp;<a href=\"https://www.appenzell.ch/de/unterkunft/appenzeller-ferienkarte.html\">Appenzeller Ferienkarte</a></h4><p>&nbsp;</p>", "url": "http://www.baeren-grub.ch/", "image": "https://alarpimtsoch.sos-ch-dk-2.exoscale-cdn.com/catalog/7/2/c/7/72c7040518c989492cad68f04e8f173fe355798b_Restaurant_B__ren.jpg", "openstreetmap_id": "way/166526788"}, "geometry": {"type": "Point", "coordinates": ["9.497401714324953", "47.44284815915329"]}}, {"type": "Feature", "properties": {"identifier": "34fdc8a4-cc4c-48d0-b726-f9d18ada58dd", "name": "Linde Heiden", "description": "<p>In der Heidler &laquo;Linde&raquo; finden Sie alles, wonach Ihnen der Sinn stehen k&ouml;nnte. Nebst der Auswahl auf der Karte werden auch sehr preiswerte Tagesmen&uuml;s auf Fleisch- oder Vegibasis angeboten. Wer in der &laquo;Linde&raquo; einkehrt, sollte unbedingt einen Blick in den wunderbaren Saal werfen, eine R&auml;umlichkeit, die so schnell nicht ihresgleichen hat.</p><h4>Hier gilt die&nbsp;<a href=\"https://www.appenzell.ch/de/unterkunft/appenzeller-ferienkarte.html\">Appenzeller Ferienkarte</a></h4>", "url": "http://www.lindeheiden.ch/", "image": "https://alarpimtsoch.sos-ch-dk-2.exoscale-cdn.com/catalog/4/6/a/b/46ab409c8f88d2313340161b3a9a46ba54119689_heiden_linde_sd.jpeg", "openstreetmap_id": "199504848"}, "geometry": {"type": "Point", "coordinates": ["9.535390099999999", "47.444038799999994"]}}, {"type": "Feature", "properties": {"identifier": "35461a08-8ceb-4851-bad1-66cb74dc30d5", "name": "Feuerstelle Sch\u00f6nauwald", "url": "http://www.urnaesch.ch/de/", "image": "https://alarpimtsoch.sos-ch-dk-2.exoscale-cdn.com/catalog/7/3/1/d/731da9a0a6f990bd6e3491cf8418501e3d9f9d4f_08_2020_urn__sch_sch__nauwald__2_.jpg", "openstreetmap_id": "7755531786"}, "geometry": {"type": "Point", "coordinates": ["9.2508625", "47.3076501"]}}, {"type": "Feature", "properties": {"identifier": "356a08c2-9bb3-486d-84b0-3daa4775f64b", "name": "Feuerstelle Winkfeld", "image": "https://alarpimtsoch.sos-ch-dk-2.exoscale-cdn.com/catalog/d/2/6/d/d26dea4ae4ed4a0822c1610d9e9dec54d8a9a6f0_15_10_waldstatt_winkfeld.jpg", "openstreetmap_id": "node/29257366"}, "geometry": {"type": "Point", "coordinates": ["9.270733594894411", "47.3476340739074"]}}, {"type": "Feature", "properties": {"identifier": "370931b2-c407-4851-88ae-af3147e62d8a", "name": "Von Frauen, Frieden und Heiden", "description": "Lassen Sie sich auf einer interaktiven Dorff\u00fchrung durch Heiden geschichtlich verw\u00f6hnen.\n\nInteraktive F\u00fchrung durch das historische Dorf Heiden. Wir besprechen die Zusammenh\u00e4nge zwischen Henry Dunant, Heiden, Frieden und Frauen. Eine Tour, die bestimmt auch die M\u00e4nnerwelt interessiert.\n\nDauer: 2 Stunden\nTeilnehmer: max. 25 Personen\nKosten: CHF 190.00", "url": "https://appenzellerland.ch/de/", "image": "https://alarpimtsoch.sos-ch-dk-2.exoscale-cdn.com/catalog/1/c/b/d/1cbdc274dd1a46149ce53fb28621b687a3480ab1_dorfplatz_luftbild.jpg", "openstreetmap_id": "8364473311"}, "geometry": {"type": "Point", "coordinates": ["9.53495", "47.44492"]}}, {"type": "Feature", "properties": {"identifier": "376e74cf-13e9-484c-83b0-0b33f6d61faa", "name": "Ferienwohnung im Dorf Urn\u00e4sch", "description": "<p>Es erwartet Sie ein stilvolles Erlebnis in der zentral gelegenen 2 &frac12;-Zimmerwohnung in Urn&auml;sch im sch&ouml;nen Appenzellerland. Die moderne Wohnung hat ein Schlafzimmer, ein Badezimmer, eine komplett ausgestattete K&uuml;che und ein helles Wohnzimmer. Zudem verf&uuml;gt die Wohnung &uuml;ber einen Sitzplatz im Garten. &Ouml;ffentliche Gratisparkpl&auml;tze befinden sich direkt gegen&uuml;ber vom Haus.</p><p>Mindestaufenthalt: 3 N&auml;chte</p><h4>Hier gilt die&nbsp;<a href=\"https://www.appenzell.ch/de/unterkunft/appenzeller-ferienkarte.html\">Appenzeller Ferienkarte</a></h4>", "url": "https://www.ferienwohnungimdorfurnaesch.ch/", "image": "https://alarpimtsoch.sos-ch-dk-2.exoscale-cdn.com/catalog/5/7/9/e/579ee5f528078afc922265630afbca9dac748d70_1__1_.jpg", "openstreetmap_id": "way/306996622"}, "geometry": {"type": "Point", "coordinates": ["9.28374767303467", "47.31774136491166"]}}, {"type": "Feature", "properties": {"identifier": "38d43aa6-d935-4ec6-80af-800810fe468f", "name": "Werkzeugstation - Trogen Bahnhof", "description": "Diese Werkzeugstation befindet sich auf der R\u00fcckseite des Bahnhofs Trogen auf der Seite der Postauto-Haltestelle.", "image": "https://alarpimtsoch.sos-ch-dk-2.exoscale-cdn.com/catalog/b/e/7/c/be7c2699ad5095a836a84dd068778ede1d513bca__DSC0605.JPG", "openstreetmap_id": "605080955"}, "geometry": {"type": "Point", "coordinates": ["9.46147084236145", "47.40717865002858"]}}, {"type": "Feature", "properties": {"identifier": "393e3acd-cd7d-4f58-b6f2-6901820acbf3", "name": "Feuerstelle Hauteten", "url": "http://www.teufen.ch/xml_1/internet/de/intro.cfm", "image": "https://alarpimtsoch.sos-ch-dk-2.exoscale-cdn.com/catalog/b/0/c/a/b0ca8cb9b84d17cd3517e094ce705213c773655c_2019_09_17.jpg", "openstreetmap_id": "11711518678"}, "geometry": {"type": "Point", "coordinates": ["9.3454972", "47.3987218"]}}, {"type": "Feature", "properties": {"identifier": "3a15b067-e781-4415-af3e-ea0e6db142a6", "name": "FoodTrail \u00abAppenzellerland zu Fuss\u00bb", "description": "<p>Auf die Pl\u00e4tze, fertig, Schnitzeljagd! Mal spazieren, mal r\u00e4tseln, mal wandern, mal staunen, mal geniessen - und immer wieder den Bodensee und den Alpstein zu F\u00fcssen. Sind Sie bereit, wenn&#39;s heisst: einmal Zahnradbahn und Abenteuer, bitte! Durch das L\u00f6sen von R\u00e4tseln lernen Sie die H\u00f6hepunkte der Region kennen und finden zu 6 Genuss-Stationen. Dort werden Sie mit K\u00f6stlichkeiten und regionalen Spezialit\u00e4ten belohnt. Ein spannender Erkundungsrundgang mit hohem Spassfaktor erwartet Sie. Mit FoodTrail erleben Sie das Appenzellerland einmal anders, haben gegessen und getrunken und erfahren nebenbei viel Interessantes.</p><ul><li>Dauer: ca. 5 -6 Stunden, reine Wanderzeit 3 Stunden. Sie sind frei in der zeitlichen Gestaltung. Wegstrecke ca. 8.8 km, H\u00f6henmeter auf / ab: 270 m / 400 m.</li><li>Kosten: CHF 69.00 pro Erwachsene, CHF 40.00 pro Kind 8 - 16 Jahre (Kinder nur in Begleitung Erwachsener)</li><li>Saison: 1. Mai bis 31. Oktober</li><li>Startpunkt: Tourist Information Bahnhof Heiden. Anreise: bereits die Anreise mit der im Preis inbegriffenen Zahnradbahn ab Rorschach (im Sommer mit offenen, nostalgischen Wagen) ist ein echtes Erlebnis.</li></ul><p>Weitere Informationen finden Sie unter <a href=\"https://www.foodtrail.ch/trails/appenzellerland-zu-fuss\" rel=\"noopener noreferrer\" target=\"_blank\">foodtrail.ch</a></p><p>M\u00f6chten Sie das Appenzellerland lieber per E-Bike erkunden? Hier geht&#39;s zum <a href=\"https://appenzellerland.ch/de/erleben/erlebniskarte/detail-gruppenerlebnisse/foodtrail-appenzellerland-per-e-bike-9a338e29-9ff6-44a0-a46d-1348ebbf505d.html\" rel=\"noopener noreferrer\" target=\"_blank\">Foodtrail per E-Bike</a></p>", "url": "https://www.foodtrail.ch/trails/appenzellerland-zu-fuss", "image": "https://alarpimtsoch.sos-ch-dk-2.exoscale-cdn.com/catalog/d/5/1/7/d5176d7d2059063fc89b7734f7bc64b9c4570af7_rehetobel_kaienspitz_foodtrail.jpg", "openstreetmap_id": "8364473311"}, "geometry": {"type": "Point", "coordinates": ["9.536517786519653", "47.4461314262863"]}}, {"type": "Feature", "properties": {"identifier": "3a5acb52-0593-4869-8dbc-a8423ac5f1df", "name": "Feuerstelle Gh\u00f6regg", "url": "https://www.schwellbrunn.ch/", "image": "https://alarpimtsoch.sos-ch-dk-2.exoscale-cdn.com/catalog/1/f/b/6/1fb61a323277ff63c9280bd234772b83953764e0_schwellbrunn_gh__regg_feuerstelle.jpg", "openstreetmap_id": "4583168630"}, "geometry": {"type": "Point", "coordinates": ["9.225339", "47.349879"]}}, {"type": "Feature", "properties": {"identifier": "3bcfe4f4-37e9-47de-a12f-de343f5fcbac", "name": "Breitenmoser Appenzeller Fleischspezialit\u00e4ten", "description": "<p>Die Breitenmoser Appenzeller Fleischspezialit\u00e4ten AG steht f\u00fcr Tradition, h\u00f6chste Qualit\u00e4t und Innovation seit 1896.  F\u00fcr die Produktion von Fleisch- und Wurstwaren wird ausschliesslich Schweizer Fleisch verwendet. Schwein und Poulet kommt ausschliesslich aus der Ostschweiz. Das Unternehmen setzt sich dabei h\u00f6chste Qualit\u00e4tsstandards und produziert unter anderem gesch\u00fctzte und pr\u00e4mierte Spezialit\u00e4ten. \n\nIn den vier Fachgesch\u00e4fte, Teufen, Gais, Appenzell und Rorschacherberg, werden die G\u00e4ste von ausgebildeten Fachkr\u00e4ften pers\u00f6nlich und individuell beraten. </p><p>Zus\u00e4tzlich zu den Fachgesch\u00e4ften gibt es die Breitenmoser GenussEcke an der Hauptgasse in Appenzell. Einem 16/7 Shop mit Self-Checkout und bedienten Zeiten mit Delikatessen, Geschenkvariationen und hauseigenen Fleisch- und Wurstspezialit\u00e4ten sowie einer K\u00e4setheke und der M\u00f6glichkeit zur Degustation.</p><p>Standorte:</p><p>Teufen<br>Im Anker<br>Dorf 10<br>9053 Teufen&nbsp;<br>+41 71 333 27 55<br>teufen@breitenmoser-metzgerei.ch<br><br>Gais<br>Dorfplatz 14<br>9056 Gais<br>+41 71 790 04 26<br>gais@breitenmoser-metzgerei.ch<br><br>Appenzell<br>Spar Frischmarkt<br>Unteres Ziel<br>9050 Appenzell<br>+41 71 780 08 01<br>appenzell@breitenmoser-metzgerei.ch<br><br>GenussEcke (ab 1. Mai)<br>Hauptgasse 13<br>9050 Appenzell<br>+41 71 788 09 70<br>genussecke@breitenmoser-metzgerei.ch<br><br>Rorschacherberg<br>Rosenegg<br>Goldacherstrasse 105<br>9404 Rorschacherberg<br>+41 71 855 31 11<br>rorschacherberg@breitenmoser-metzgerei.ch</p>", "url": "http://www.breitenmoser-metzgerei.ch/", "image": "https://alarpimtsoch.sos-ch-dk-2.exoscale-cdn.com/catalog/3/1/9/e/319e8be36282a26ad03e73b37fc7d891f5b9095d_teufen_breitenmoser.jpg", "openstreetmap_id": "node/11240658635"}, "geometry": {"type": "Point", "coordinates": ["9.4281642", "47.3203495"]}}, {"type": "Feature", "properties": {"identifier": "3d0613f4-b361-48e5-8efc-9b2cf64c942b", "name": "Feuerstelle WeinWerk Wienacht, Kapf", "description": "<p>- Brennholz vorhanden<br>- Rost vorhanden<br>- 2 Tische mit 12 Sitzpl&auml;tzen<br>- 1 Feuerstelle mit 8 Sitzpl&auml;tzen<br>- Auf Holz- und Steinb&auml;nken kann man sich um die Feuerstelle setzen<br>- Abfallentsorgung vorhanden</p>\n<p>Erreichbarkeit: <br>- mit Velo<br>- &Ouml;V Haltestelle Wienacht-Tobel Bahnhof<br>- Parkplatz in der N&auml;he: 6 Pl&auml;tze</p>\n<p>&nbsp;</p>", "url": "https://www.lutzenberg.ch/vereinsliste/5120", "image": "https://alarpimtsoch.sos-ch-dk-2.exoscale-cdn.com/catalog/8/5/2/7/85271b74199afd78e1672f1877ac333aa008d51c_08_2020_wienacht_kapf__2_.jpg", "openstreetmap_id": "4185991870"}, "geometry": {"type": "Point", "coordinates": ["9.535397", "47.4661548"]}}, {"type": "Feature", "properties": {"identifier": "3d2671d0-c8e7-41f5-bacd-5607604a7d00", "name": "Kleines Loft Gais", "description": "<p class=\"MsoNormal\">Das kleine Loft befindet sich im Erdgeschoss eines herrschaftlichen Hauses und ist sehr ruhig gelegen. Es ist komfortabel und modern eingerichtet: edles Bad in Schwarz und Messing, weisse Kalkputzw&auml;nde, geheizter Design-Betonboden, gut ausgestattete K&uuml;chenkombination. Der grosse Raum ist unterteilt in Bereiche f&uuml;r Kochen, Essen und Schlafen. WLAN und Waschmaschine sind vorhanden. Dank der vielen Fenster ist das Loft von Licht durchflutet. Ein direkter Zugang zum Garten f&uuml;hrt zu einem Sitzplatz. Die Aussichten auf H&uuml;gel und Berge machen Lust auf Wandern und Biken. Bahnhof und Dorfplatz mit Restaurants und einem Einkaufsladen sind nur wenige Schritte entfernt.</p><p class=\"MsoNormal\">Die Wohnung eignet sich f&uuml;r eine bis zwei Personen und kann ab drei N&auml;chte gemietet werden. Ein Parkplatz befindet sich direkt vor dem Haus.</p><h4>Hier gilt die&nbsp;<a href=\"https://www.appenzell.ch/de/unterkunft/appenzeller-ferienkarte.html\">Appenzeller Ferienkarte</a></h4>", "image": "https://alarpimtsoch.sos-ch-dk-2.exoscale-cdn.com/catalog/4/6/7/9/467937027249229b840bf347b1db49e91bb5da77_2_Blick_auf_Sofa_u_Ku__che.jpg", "openstreetmap_id": "240362399"}, "geometry": {"type": "Point", "coordinates": ["9.4508676", "47.3624104"]}}, {"type": "Feature", "properties": {"identifier": "3db71977-2c0c-400f-954d-e77995acf955", "name": "Feuerstelle Wolfsstein", "url": "http://www.teufen.ch/xml_1/internet/de/intro.cfm", "image": "https://alarpimtsoch.sos-ch-dk-2.exoscale-cdn.com/catalog/3/f/d/f/3fdfdd07df26efed7f21bd9e564bc61abaf6a2b7_Feuerstelle.jpg", "openstreetmap_id": "72605669"}, "geometry": {"type": "Point", "coordinates": ["9.4250399", "47.4028483"]}}, {"type": "Feature", "properties": {"identifier": "3ef311ff-c78e-461c-a77b-acc152cdfb8d", "name": "Gasthaus Hoher Hirschberg", "description": "<p>Das Berggasthaus Hoher Hirschberg ist f\u00fcr Wanderer, Biker oder mit dem Auto sehr gut erreichbar. Auf der H\u00fcgelspitze werden Sie mit einer herrlichen Aussicht auf den Alpstein und das St.Galler Rheintal belohnt. Das Ausflugsrestaurant ist bekannt f\u00fcr die hausgemachten Desserts und die saisonalen Speisen. Auf dem Hohen Hirschberg \u00fcbernachten ist ein einmaliges Erlebnis. Haben Sie etwas zu feiern? Dann sind Sie bei uns genau richtig.</p><p>Eine Auszeit mitten in der Natur? Das Berggasthaus Hoher Hirschberg bietet auch \u00dcbernachtungsm\u00f6glichkeiten. Von einer \u00dcbernachtung\u00a0 im Matratzenlager bis zum Arvenzimmer mit wundersch\u00f6nem Blick in den Alpstein, da kommt jeder auf seine Kosten. Reservationsanfragen sind telefonisch oder online m\u00f6glich.\u00a0</p><p> </p>", "url": "https://www.hoherhirschberg.ch", "image": "https://alarpimtsoch.sos-ch-dk-2.exoscale-cdn.com/catalog/4/6/f/4/46f438751266f1f337c9db34c626a98d3af1c1fb_DJI_0101_neu.jpg", "openstreetmap_id": "way/238974707"}, "geometry": {"type": "Point", "coordinates": ["9.469854384160104", "47.3429752"]}}, {"type": "Feature", "properties": {"identifier": "3fd05dc9-34c3-44cf-b38d-a66226602324", "name": "Freibad Heiden", "description": "Das Schwimmbad bietet ein Sportbecken, ein Sprungbecken mit Sprunganlage, ein Nichtschwimmerbecken und ein Kinderplanschbecken mit Rutschbahn und Spielbach. F\u00fcr Kinder hat es zudem eine Spielwiese mit Sandkasten, Kinderschaukeln und Kletterturm. Die G\u00e4ste k\u00f6nnen sich durch das Beachvolleyballfeld, den Bouleplatz, die Slackline, den Tischtennis- und den Tischfussballtisch auch ausserhalb des Wassers sportlich bet\u00e4tigen. Das Restaurant und der Kiosk ist auch ohne Eintritt zug\u00e4nglich.", "url": "http://www.badi-heiden.ch", "image": "https://alarpimtsoch.sos-ch-dk-2.exoscale-cdn.com/catalog/0/9/0/0/09005187cb75d1f10f985a234d7585b84c8b90bc_Badi_Heiden.jpg", "openstreetmap_id": "286054645"}, "geometry": {"type": "Point", "coordinates": ["9.535036", "47.442243"]}}, {"type": "Feature", "properties": {"identifier": "40f12c95-da23-445f-918e-0713fd06a82c", "name": "Ferienwohnung Neuhus", "description": "<p>Eingebettet im wundersch\u00f6nen Appenzeller Hinterland liegt der Landwirtschaftsbetrieb mit viel Umschwung. Die ruhige Lage unterhalb der Hundwiler H\u00f6he in einem abgelegenen \u00abH\u00fcgel-T\u00e4\u00e4li\u00bb l\u00e4dt zum Verweilen ein. Geniessen Sie die Ruhe, die Aussicht und die Verbundenheit mit der Natur. Nutzen Sie den Ort als Ausgangspunkt f\u00fcr tolle Ausfl\u00fcge in der Region und erleben Sie das emsige Treiben auf dem Bauernhof. Die Ferienwohnung wurde 2020 beim Wohnhausumbau neu erstellt und m\u00f6bliert und per April 2021 den G\u00e4sten zur Verf\u00fcgung gestellt. Auf rund 86 m2 mit Wohnzimmer-K\u00fcche, Schlafzimmer mit Nebenraum und einem grossen Bad k\u00f6nnen Sie sich wohlf\u00fchlen. Wir freuen uns auf Ihren Besuch!</p><p>Mindestaufenthalt: 2 N\u00e4chte\u00a0</p>", "url": "https://www.erlebnisbauernhof-neuhus.ch/", "image": "https://alarpimtsoch.sos-ch-dk-2.exoscale-cdn.com/catalog/e/3/5/7/e357f0f0ca9ef3e2f363b10f840190081f858fa5_Neuhus08__2.jpg", "openstreetmap_id": "way/316710758"}, "geometry": {"type": "Point", "coordinates": ["9.3224429", "47.3329157"]}}, {"type": "Feature", "properties": {"identifier": "4182a526-4b7d-4006-aac8-0b11e4d2f079", "name": "Weissk\u00fcferei, Drechslerei und Pferdefahrten Werner Stauffacher", "description": "Die Weissk\u00fcferei ist ein typisches Handwerk des Bauernstands. Auch wenn inzwischen mancher Alltagsgegenstand aus Aluminium und Chromstahl besteht, insbesondere auf der Alp kommt nach wie vor h\u00f6lzernes Senngeschirr zum Einsatz. So hat bei der Alpfahrt das Mitf\u00fchren eines Lediwagens mit eben diesen Ger\u00e4tschaften Tradition. \nZu den Produkten aus dem Haus Stauffacher geh\u00f6ren auch Zier- und Geschenkartikel und Gedrechseltes. Neben der Werkstatt ist ein Verkaufsladen eingerichtet. Und es werden auf Voranmeldung F\u00fchrung durch die Weissk\u00fcferei angeboten.\n\u00dcbrigens: Stauffachers Betrieb ist aktuell der einzige in der Schweiz, in welchem ein Weissk\u00fcfer-Lernender ausgebildet wird. \nAuf Anmeldung k\u00f6nnen G\u00e4ste auch gerne selber das Handwerk ausprobieren und ein Brettli verzieren.", "url": "https://weisskueferei-stauffacher.ch/", "image": "https://alarpimtsoch.sos-ch-dk-2.exoscale-cdn.com/catalog/7/f/8/d/7f8dae8fa532e566649c10a02d60dbf1c0d6fae8_Postkutsche_Saentis.jpg", "openstreetmap_id": "node/2091089033"}, "geometry": {"type": "Point", "coordinates": ["9.244115352630617", "47.2443370195092"]}}, {"type": "Feature", "properties": {"identifier": "426be530-962e-43ca-8bd6-37c8552d24be", "name": "Appenzellerhaus am Bach", "description": "<p>Das alleinstehende, ruhig gelegene Ferienhaus &laquo;Im Wuhr&raquo; stammt aus dem 18. Jahrhundert und liegt nahe beim Dorfschwimmbad inmitten einer landwirtschaftlich genutzten Wiese (Biolandwirtschaft). Vom Bahnhof aus ist es in 15-20 Fussminuten zu erreichen. Mit dem Auto gelangt man auf einem Fahrstr&auml;sschen direkt zum Haus. In zehn Fussminuten erreicht man das Dorfzentrum mit Gesch&auml;ften f&uuml;r den t&auml;glichen Bedarf. Der Garten l&auml;sst viel Platz zum Spielen, Essen und Ausruhen. Nachts h&ouml;rt man den Brunnen im Garten pl&auml;tschern sowie das Rauschen des Rotbachs, der auch zum Spiel einl&auml;dt. Die Einrichtung ist teilweise antik/rustikal, teilweise im Stil der F&uuml;nfzigerjahre. Die einfache K&uuml;che enth&auml;lt eine umfangreiche Grundausstattung. F&uuml;r Leseratten gibt es gen&uuml;gend Literatur und f&uuml;r Kinder sind Spielsachen vorhanden.</p><p>&nbsp;</p><p>Mindestaufenthalt: 5 N&auml;chte, max. 6 Personen</p>", "image": "https://alarpimtsoch.sos-ch-dk-2.exoscale-cdn.com/catalog/2/f/a/1/2fa1dc5e90c25be338dae97ffff1f79a4480e3c8_gais_ferienhaus_wuhr.jpg", "openstreetmap_id": "235194696"}, "geometry": {"type": "Point", "coordinates": ["9.464120864868166", "47.36408886819045"]}}, {"type": "Feature", "properties": {"identifier": "463dd503-4ca5-42bb-91fb-fa16bdde3721", "name": "Ferienwohnung Stadel", "description": "<p data-start=\"221\" data-end=\"465\">Mitten in der malerischen H&uuml;gellandschaft des Appenzellerlands, unterhalb der eindrucksvollen Hundwilerh&ouml;he, erwartet Sie unser liebevoll gestaltetes Zuhause. Ob jung oder alt, mit oder ohne Kinder &ndash; hier f&uuml;hlen sich alle willkommen.</p><p data-start=\"467\" data-end=\"701\">In einem idyllischen Seitental gelegen, er&ouml;ffnet sich Ihnen ein traumhafter Blick &uuml;ber saftige Wiesen und sanfte H&uuml;gel. Besonders abends, wenn die Sonne hinter den Bergketten versinkt, zeigt sich die Natur von ihrer sch&ouml;nsten Seite.</p><p data-start=\"703\" data-end=\"963\">Rund um die Ferienwohnung finden Sie viele gem&uuml;tliche Pl&auml;tze im Freien: einen eingez&auml;unten Sitzplatz f&uuml;r ruhige Momente, einen offenen Bereich mit Pergola und Grill f&uuml;r gesellige Abende. F&uuml;r Unterhaltung sorgen Tischkicker, Tischtennisplatte und Dartscheibe.</p><p data-start=\"965\" data-end=\"1156\">Ein besonderes Highlight ist unser umgebauter K&auml;lblistall &ndash; heute ein originelles Fondue- und Raclette-St&uuml;bli, in dem Sie in behaglicher Atmosph&auml;re unvergessliche Stunden verbringen k&ouml;nnen.</p><p>Preis pro Woche:<br>April - September: CHF 650.-<br>Oktober - M&auml;rz: CHF 750.-<br>exkl. Kurtaxen + Endreinigung CHF 70.-<br><br>Mindestaufenthalt: 3 N&auml;chte</p>", "image": "https://alarpimtsoch.sos-ch-dk-2.exoscale-cdn.com/catalog/5/a/a/5/5aa50f0e09a47203f5ebdced3197db2b223cc0b8_WhatsApp_Image_2022_02_22_at_18.47.14.jpeg", "openstreetmap_id": "192142274"}, "geometry": {"type": "Point", "coordinates": ["9.3289962", "47.348477100000004"]}}, {"type": "Feature", "properties": {"identifier": "46c63c48-32e0-498b-ae77-50b8c0c80859", "name": "Stellplatz \u00abim Bad\u00bb", "description": "<p>In maximal 700 Meter Gehdistanz entdecken Sie einige Einkaufsm\u00f6glichkeiten und Restaurants sowie den Bahnhof, Postautohaltestellen, Schwimmbad, Kino, Spielplatz und eine Abfalltrennstation. Der Platz ist ausreichend f\u00fcr zwei Camper mit Klappstuhlverhalten. \u00dcbernachten in Fahrzeugen ist nur mit eigenem WC erlaubt\n\nMaximale Aufenthaltsdauer: 3 N\u00e4chte\n\u00d6ffentliche Toiletten: Post/Friedhof ge\u00f6ffnet von 06.00 \u2013 22.00 Uhr\nPreis: CHF 12.20 pro Nacht inkl. 1 Person, Bezahlung via Parkn Sleep (QR-Code vor Ort scannen oder Internetseite besuchen)</p>", "url": "https://www.kurvereinheiden.ch/stellpl%C3%A4tze-f%C3%BCr-camper", "image": "https://alarpimtsoch.sos-ch-dk-2.exoscale-cdn.com/catalog/a/3/9/1/a39195b828bfc1de10cc99609d5cae9a34d48baa_Bad2.jpg", "openstreetmap_id": "way/404692326"}, "geometry": {"type": "Point", "coordinates": ["9.53121913454496", "47.445602254416734"]}}, {"type": "Feature", "properties": {"identifier": "46de5e98-3e3d-4869-bfcd-a053a0efa050", "name": "Feuerstelle S\u00e4ntisblick", "image": "https://alarpimtsoch.sos-ch-dk-2.exoscale-cdn.com/catalog/3/e/d/d/3edd2a98de6dfa3f9218c23a2dbbeb0939c2ed82_schwellbrunn_s__ntisblick_feuerstelle.jpg", "openstreetmap_id": "node/1683934"}, "geometry": {"type": "Point", "coordinates": ["9.25902843475342", "47.349084674636664"]}}, {"type": "Feature", "properties": {"identifier": "474afc7b-bb93-49fb-9d3e-316b64399819", "name": "Ruhiges Paradiesli mit Rheintal- und Alpsteinblick", "description": "<p>Die herrliche ruhige und sonnige Lage mitten im Gr&uuml;nen, l&auml;dt zum Verweilen und geniessen ein. Wundersch&ouml;ne Wanderungen und Velotouren k&ouml;nnen Sie direkt von der Haust&uuml;re aus starten. Den Abend ausklingen lassen bei einem Glas Wein oder Tee, mit wunderbarer Aussicht auf das Lichtermeer des Rheintals. Im Winter befindet sich eine Langlaufloipe sowie das Skigebiet der Ebenalp in unmittelbarer N&auml;he. Die wunderbare 2 1/2 Zimmerwohnung bietet einen gem&uuml;tlichen Wohn- / Essraum mit einer K&uuml;che, welche mit einem Geschirrsp&uuml;ler, K&uuml;hlschrank, Oel, Essig, Pfeffer und Salz ausgestattet ist. Das Doppelbett im Schlafzimmer und das separate Bettsofa in der Galerie bietet Platz f&uuml;r 2-3 Personen in der neu renovierten Wohnung. Bett-, K&uuml;chen- und Frotteew&auml;sche sind vorhanden. <br>Mindestmietdauer 2 Tage</p>", "image": "https://alarpimtsoch.sos-ch-dk-2.exoscale-cdn.com/catalog/c/6/a/0/c6a07bdc4fc1f5b8b0114dd1b740f5719679b94a_Ruhiges_Paradiesli_Gais.jpg", "openstreetmap_id": "way/775211563"}, "geometry": {"type": "Point", "coordinates": ["9.492223", "47.3649"]}}, {"type": "Feature", "properties": {"identifier": "4929ccb7-4b8f-45b0-b006-57db1f3f39e9", "name": "JUST Welt", "description": "<p>In Walzenhausen, inmitten der Appenzeller Natur, hoch &uuml;ber dem Bodensee, hast du die einmalige Gelegenheit das Unternehmen JUST hautnah kennenzulernen und das Geheimnis hinter den wohltuenden Kr&auml;uter-Pflegeprodukte zu entdecken. Komme mit auf eine Reise zum Ursprung des nat&uuml;rlichen Wohlgef&uuml;hls!</p><p>Auf der Edelweisstour l&auml;dt dich Sonia im 360&deg;-Kino auf eine interaktive Entdeckungsreise durch die Appenzeller Kr&auml;uterwelt ein. Im anschliessenden Museum erf&auml;hrst du Wissenswertes &uuml;ber die JUST Produkte und Spannendes &uuml;ber die Gr&uuml;nderfamilie J&uuml;strich. <br>Oder begebe dich mit einem erfahrenen JUST Mitarbeiter in kleiner Gruppe auf die Arnikatour in die Produktion. Du erlebst live wie die Produkte in der hochmodernen Produktion entstehen und testest dabei deine Sinne.<br>Beide Touren k&ouml;nnen auch miteinander kombiniert werden oder mit der Aroma Manufaktur erg&auml;nzt werden. Darin schl&uuml;pfst du in den Laborkittel und tauchst in die Welt der &auml;therischen &Ouml;le ein. Lerne ihre Wirksamkeit auf K&ouml;rper und Geist kennen und stelle dein eigenes Duschgel mit deinem Lieblings&ouml;l her.<br>Am Ende jeder Tour laden wir dich auf eine Tasse belebenden Kr&auml;utertee zum Verweilen und Probieren unserer JUST Produkte im &laquo;Chr&uuml;terforum&raquo; ein.</p><ul><li>Erlebnistour 1: Edelweisstour - ca. 1 Stunde mit Audioguide (keine Mindestgruppengr&ouml;sse)&nbsp;</li><li>Erlebnistour 2: Arnikatour - ca. 1 Stunde mit F&uuml;hrung, ab 10 Personen&nbsp;</li><li>Erlebnistour 3: Kombi Edelweiss- und Arnikatour - ca. 2 Stunden, ab 10 Personen&nbsp;</li><li>Aroma Manufaktur: Nur in Kombination mit einer Erlebnistour, ca. 40 Minuten, ab 10 Personen&nbsp;</li></ul><p>Planst du deinen Ausflug mit dem Rollstuhl? Kein Problem, kontaktiere vorg&auml;ngig die JUST Welt, das Team unterst&uuml;tzt dich gerne dabei.<br><br></p>", "url": "https://www.just.swiss/just-welt/", "image": "https://alarpimtsoch.sos-ch-dk-2.exoscale-cdn.com/catalog/9/b/0/a/9b0ab7b50a086b9307d386360fc6570181d0c8b9_JUST_Welt_Eingang_1.jpg", "openstreetmap_id": "node/776749159"}, "geometry": {"type": "Point", "coordinates": ["9.6019082", "47.4519444"]}}, {"type": "Feature", "properties": {"identifier": "4944f97f-1fb5-4887-b9d5-b25a1332e458", "name": "Feuerstelle Freudenberg", "image": "https://alarpimtsoch.sos-ch-dk-2.exoscale-cdn.com/catalog/0/e/c/0/0ec05a2cdddb09b6e71feb4723abb43424add223_Feuerstelle.jpg", "openstreetmap_id": "199566272"}, "geometry": {"type": "Point", "coordinates": ["9.537546", "47.441648"]}}, {"type": "Feature", "properties": {"identifier": "4af0b4e7-2fdb-4365-ad9a-ec6bfcd5d204", "name": "Werkzeugstation St. Anton", "description": "Die Werkzeugstation befindet sich beim Spielplatz neben dem Restaurant.", "image": "https://alarpimtsoch.sos-ch-dk-2.exoscale-cdn.com/catalog/5/8/1/d/581d3c731138c09dd1e56038b7ad6d6c4f6c32eb_Velo_Werkzeugstation_StAnton.jpg", "openstreetmap_id": "194102180"}, "geometry": {"type": "Point", "coordinates": ["9.53892230987549", "47.41075401825515"]}}, {"type": "Feature", "properties": {"identifier": "4c45acfe-7edd-4905-bc2a-123bdfe4b516", "name": "Feuerstelle Gmeindli", "image": "https://alarpimtsoch.sos-ch-dk-2.exoscale-cdn.com/catalog/0/4/b/e/04be81dcca91da967c925887b65d193ce481b0e9_6BC21BB6_D76F_49CE_89CA_9E95A321741F.jpeg", "openstreetmap_id": "6299444394"}, "geometry": {"type": "Point", "coordinates": ["9.559800624847414", "47.447185102322834"]}}, {"type": "Feature", "properties": {"identifier": "4d68bd71-27f4-4bf4-898e-5d8ca107c3c8", "name": "Werkzeugstation - Werkhof Heiden", "description": "Diese vollausgestattete Werkzeugstation beim Werkhof Heiden verf\u00fcgt \u00fcber eine Velopumpe, verschiedene Schraubenzieher, Schl\u00fcssel und Pl\u00e4ttchen f\u00fcr den Reifenwechsel.", "image": "https://alarpimtsoch.sos-ch-dk-2.exoscale-cdn.com/catalog/f/4/c/4/f4c42b5b4aba196d3ff20902a920cb4499ca7819__DSC0619.JPG", "openstreetmap_id": "1763036598"}, "geometry": {"type": "Point", "coordinates": ["9.53442692756653", "47.436352463109756"]}}, {"type": "Feature", "properties": {"identifier": "4fd5993b-a6b1-497d-9751-ff9cb647c755", "name": "Gasthaus Metzgerei Dorfplatz", "description": "<p>Mit viel Herzblut und Leidenschaft f&uuml;hren die Gastgeber Franziska und Peter Signer-Frick gemeinsam mit dem K&uuml;chenchef Philipp Michel das Gasthaus Dorfplatz in Urn&auml;sch. Hier hat das Wohl des Gastes h&ouml;chste Priorit&auml;t. Diesem Grundsatz sowie dem hohen Qualit&auml;tsbewusstsein verpflichtet, gibt das Team t&auml;glich alles, um Ausflugs- und Hotelg&auml;sten ein nachhaltiges Erlebnis zu bieten. Die gem&uuml;tlichen G&auml;stezimmer im Gasthaus Dorfplatz verspr&uuml;hen einen Hauch Romantik &ndash; perfekt f&uuml;r den idyllischen Kurzurlaub. Der Metzgereiladen im Parterre des Gasthauses bietet ein reichhaltiges Angebot an Fleischwaren. Das Dorfleben in Urn&auml;sch ist gepr&auml;gt von Tradition und Brauchtum. Beispiele daf&uuml;r sind der neue und Alte Silvester, das &laquo;&Ouml;berefahre&raquo; (Alpfahrt), der Striichmusigtag oder der Brauchtumsmarkt. Im Gasthaus Dorfplatz sind Sie mittendrin. Sie k&ouml;nnen einen Gang herunterschalten, den Alltag vergessen und einfach nur geniessen. Urn&auml;sch liegt im Appenzeller Hinterland, unweit des S&auml;ntis, dem h&ouml;chsten Berg der Ostschweiz. Das Dorf ist mit der Appenzeller Bahn oder mit dem Auto bestens erreichbar.</p><h4>Hier gilt die&nbsp;<a href=\"https://www.appenzell.ch/de/unterkunft/appenzeller-ferienkarte.html\">Appenzeller Ferienkarte</a></h4>", "url": "https://www.signer-gastro.ch/", "image": "https://alarpimtsoch.sos-ch-dk-2.exoscale-cdn.com/catalog/7/d/a/0/7da015aec2e7988c9e25cf57599244a0cfeea967_Gasthaus_Metzgerei_Dorfplatz.jpg", "openstreetmap_id": "node/11117421148"}, "geometry": {"type": "Point", "coordinates": ["9.2829638", "47.3172206"]}}, {"type": "Feature", "properties": {"identifier": "50242e16-619f-41d0-b58e-83e046430d95", "name": "Feuerstelle Herrenw\u00e4ldli", "url": "http://www.schoenengrund.ch/de/", "image": "https://alarpimtsoch.sos-ch-dk-2.exoscale-cdn.com/catalog/5/b/9/e/5b9efb9f834ff74855432bae63080cfc69b585d5_sch__nengrund_herrenw__ldli.jpg", "openstreetmap_id": "276577903"}, "geometry": {"type": "Point", "coordinates": ["9.2292884", "47.3263524"]}}, {"type": "Feature", "properties": {"identifier": "5111256c-5035-4972-8dcb-54e48ba1b205", "name": "Ferienhaus Usziit", "description": "<p>Idyllisches und gem\u00fctliches 6.5-Zimmerhaus an ruhiger Lage. Das Ferienhaus liegt etwas abgelegen von Degersheim (ca. 2km ins Zentrum). Die direkte Zufahrt zum Haus ist m\u00f6glich, es stehen Parkpl\u00e4tze direkt beim Haus zur Verf\u00fcgung. Das Grundst\u00fcck ist 850 m2 gross. Das Haus umfasst 120 m2 Wohnfl\u00e4che mit drei Schlafzimmern, einem Babyzimmer, zwei Nasszellen, K\u00fcche mit Eckbank, Wohnzimmer mit Ecksofa und Wohnstube mit grossem Tisch und Eckbank. Es gibt einen Abstellraum f\u00fcr Velo, Bikes, Skis, Schlitten, Kinderwagen etc. Ausserdem steht eine Waschmaschine zur Verf\u00fcgung. Ein grosser Garten (eingez\u00e4unt) l\u00e4dt zum gem\u00fctlichen Verweilen ein. Das Haus bietet Platz f\u00fcr bis zu sechs Personen.<br>Vermietung: wochenweise</p>", "url": "https://www.e-domizil.ch/rental/01cb55e3c7a7aa79bc0d8455742c558f", "image": "https://alarpimtsoch.sos-ch-dk-2.exoscale-cdn.com/catalog/7/2/8/3/728302c1640c33f7c47300f6be33839a47da979a_Au.jpg", "openstreetmap_id": "7087911526"}, "geometry": {"type": "Point", "coordinates": ["9.217794835567476", "47.385196640215"]}}, {"type": "Feature", "properties": {"identifier": "56d7fcfc-853d-4177-aab1-b8c89723e8e9", "name": "Feuerstelle Raspeln", "image": "https://alarpimtsoch.sos-ch-dk-2.exoscale-cdn.com/catalog/8/0/6/0/806052a157543819cbc79e6b4b78acc13533f434_Feuerstelle_Raspeln.jpg", "openstreetmap_id": "2061244958"}, "geometry": {"type": "Point", "coordinates": ["9.555552005767824", "47.432311352391366"]}}, {"type": "Feature", "properties": {"identifier": "58b2d227-2afc-48e2-9f2c-863cb7077d54", "name": "Feuerstelle Grund", "url": "https://www.waldstatt.ch/", "image": "https://alarpimtsoch.sos-ch-dk-2.exoscale-cdn.com/catalog/5/6/8/f/568f1a1c567777127f36eb97ee06004daefd5fa3_Computerformat_4_3_waldstatt_grund_feuerstelle.jpg", "openstreetmap_id": "5776752959"}, "geometry": {"type": "Point", "coordinates": ["9.270840622476886", "47.355083993884"]}}, {"type": "Feature", "properties": {"identifier": "5ce9da53-87f8-403c-ab34-5248f21f257c", "name": "Naturfreundehaus Kaien", "description": "Mit seinem grossen Aufenthaltsraum f\u00fcr bis zu 60 Personen ist das Haus ideal geeignet f\u00fcr Firmen, Schulen, Seminare oder Feiern in gr\u00f6sserer Runde. An Wochenenden ist das Haus bewartet und ein beliebtes Ausflugsziel.\nDas Haus kann insgesamt 38 Personen beherbergen. Es verf\u00fcgt \u00fcber 5 Zimmer mit 4 Betten, 2 Zimmer mit 6 Betten, 1 Zimmer mit 5 Betten, Waschr\u00e4ume, Etagenduschen und WCs. Wolldecken und Duvets sind in den Schlafr\u00e4umen vorhanden, Bettw\u00e4sche ist nur in den 4 Zimmern gegen Aufpreis erh\u00e4ltlich. Die grosse und modern eingerichtete K\u00fcche kann unter der Woche ben\u00fctzt werden. An Samstagen und Sonntagen m\u00fcssen die Speisen vom H\u00fcttenwart bezogen werden.\nEs hat einige Freizeit- und Spielm\u00f6glichkeiten im und ums Haus: ein Spielzimmer, ein grosser Gel\u00e4ndespielplatz, Tischtennis-Tisch und Fussballkasten. Im Aussenbereich hat es zudem ein Grillhaus mit Holzkohlegrill und Feuerstellen. \nIn 20 Gehminuten von der Postauto-Haltestelle erreicht man die Gruppenunterkunft. Zufahrt bis zum Parkplatz unterhalb des Haus m\u00f6glich (Parkgeb\u00fchr von CHF 2.00). Kostenlose Parkpl\u00e4tze sind in Rehetobel vorhanden. Das Appenzellerland und bietet als tolles Gebiet diverse M\u00f6glichkeiten f\u00fcr Gruppen an. Das Skigebiet ist 3 Kilometer vom Haus entfernt und kann in 10 Autominuten erreicht werden.", "url": "https://www.kaienhaus.ch/index.php", "image": "https://alarpimtsoch.sos-ch-dk-2.exoscale-cdn.com/catalog/e/9/f/b/e9fb425fd44f0adbdc8fa3c58750364565b9a047_Naturfreundehaus_Kaien.jpg", "openstreetmap_id": "1149868341"}, "geometry": {"type": "Point", "coordinates": ["9.506645", "47.434428"]}}, {"type": "Feature", "properties": {"identifier": "5dac0c92-4a19-47fa-b74d-4153152f0cef", "name": "Restaurant und Metzgerei Ochsen Sch\u00f6nengrund", "description": "Das Restaurant Ochsen bietet grosse und kleine R\u00e4umlichkeiten f\u00fcr jegliche Anl\u00e4sse unterschiedlicher Gesellschaften an.\nSo abwechslungsreich wie das Essen und Trinken ist auch das Ambiente der R\u00e4ume. Von gem\u00fctlich-urchig \u00fcber edel-rustikal bis hin zu einfach-heimelig ist alles vorhanden. Die wichtigsten Werte im \u00abOchsen\u00bb sind zufriedene G\u00e4ste, eine traditionelle, gut b\u00fcrgerliche K\u00fcche, hausgemachte Produkte, regionale und gesunde Qualit\u00e4t. \n\nHinter dem Betrieb des Restaurants Ochsen steht auch eine Metzgerei. Das Fleisch wird aus der hauseigenen Schlachtung verarbeitet. Die Tiere stammen von Landwirtschaftsbetrieben aus n\u00e4chster Umgebung, aus dem Appenzellerland und Neckertal. Der Metzgereiladen befindet sich im Landigeb\u00e4ude an der Hauptstrasse 10 in Sch\u00f6nengrund.", "url": "https://www.signer-gastro.ch/", "image": "https://alarpimtsoch.sos-ch-dk-2.exoscale-cdn.com/catalog/1/7/1/5/1715da235eefd1f9fc73b3459021104bcbb18d18_Ochsen_Sch__nengrund.jpg", "openstreetmap_id": "way/650590401"}, "geometry": {"type": "Point", "coordinates": ["9.226351544337252", "47.32774135"]}}, {"type": "Feature", "properties": {"identifier": "5de0b4d3-35ea-4795-bc65-bd80404c553d", "name": "Ferienwohnung Dorf 5 - Alpsteinpanorama", "description": "Hier \u00fcbernachten, mit einzigartigem Blick \u00fcbers Appenzellerland bis zum S\u00e4ntis, ist zu allen Jahreszeiten ein Erlebnis.\nIm stilvoll renovierten, denkmalgesch\u00fctzten Haus am historischen Dorfplatz von Rehetobel wird alte Bausubstanz mit Modernit\u00e4t verbunden. \n\nDas f\u00fcnfst\u00f6ckige, stattliche Haus hat in seinen 230 Jahren mehreren Zwecken gedient. Wo jetzt ein h\u00fcbsches Beizli, das \u00abGasthaus Dorf5\u00bb mit wundersch\u00f6nem Garten zum Verweilen einl\u00e4dt, war fr\u00fcher das Postb\u00fcro. In den oberen Stockwerken, die als Telegrafenamt und Gesch\u00e4ftsr\u00e4ume dienten, befinden sich heute drei exklusive Wohnungen mit hohem Ausbaustandard. \nDie Wohnung \"Alpsteinpanorama\" h\u00e4lt was der Name verspricht: Die Aussicht aus der Vogelperspektive ist einzigartig. Hier gibt es auf zwei Stockwerken mit 150 m2 Wohnfl\u00e4che viele sch\u00f6ne Orte zum Verweilen. Der sonnige Westbalkon auf dem Zwischengeschoss \u00f6ffnet den Blick auf zwei Seiten.\nDas 45 m\u00b2 grosse Wohnzimmer mit zentralem Chemin\u00e9e ist mit der modernen, gut ausgestatteten K\u00fcche mit Kochinsel und Bar durch Schiebet\u00fcren verbunden.\nIm oberen Stockwerk gibt es zwei reizvolle Schlafzimmer, wobei das kleinere auch als gem\u00fctliches Fernsehzimmer mit toller Aussicht genutzt werden kann.\nWeitere Schlafm\u00f6glichkeit liegen direkt unter dem Dachgiebel und in den\nbeiden Dachnischen (siehe Fotos).\nDie gut isolierte aber nat\u00fcrliche Bausubstanz und die grossz\u00fcgige Ausstattung sind technisch und \u00e4sthetisch auf hohem Niveau. Moderne Kommunikation und ein eingebauter Projektionsbeamer im Wohnzimmer geh\u00f6ren zur perfekten Ausstattung. Daher wird dieser besondere Ort auch f\u00fcr die Durchf\u00fchrung von kleineren Seminaren und Retraiten gerne genutzt.\nVon der zentralen Lage im Appenzeller Vorderland aus lassen sich das Alpsteingebiet, die nahegelegene Bodenseeregion und die \u00e4usserst sehenswerte Stadt St. Gallen ideal erkunden.\n\nDie Wohnung bietet f\u00fcr zwei bis sechs (acht) Personen viel Platz - und sollten Sie einmal keine Lust zum Kochen haben, lassen Sie sich im gem\u00fctlichen Beizli \"Dorf5\" verw\u00f6hnen.\n\nMindestaufenthalt: 1 Nacht (ab CHF 211)\nPreis f\u00fcr 1 Woche: ab CHF 1'500", "url": "https://www.dorf5.ch/", "image": "https://alarpimtsoch.sos-ch-dk-2.exoscale-cdn.com/catalog/a/f/2/d/af2dbea1ae3c777bc4f373c2f2d5b105cbab374c_ferienwohnung_dorf5_rehetobel.jpg", "openstreetmap_id": "node/8521082741"}, "geometry": {"type": "Point", "coordinates": ["9.4834302", "47.4262522"]}}, {"type": "Feature", "properties": {"identifier": "5e2897ea-becc-4a2f-abe1-44af38fcdd5d", "name": "Dorff\u00fchrungen im Appenzellerland", "description": "In folgenden D\u00f6rfer im Appenzellerland sind Dorff\u00fchrungen m\u00f6glich: Heiden (jeweils am Mittwochnachmittag ohne Voranmeldung m\u00f6glich - <a href=\"https://appenzellerland.ch/de/informieren/aktuelles/veranstaltungen.html?eventId=1135046989\" target=\"_blank\">zu den Veranstaltungen</a>), Herisau, Gais, Rehetobel, Trogen, Urn\u00e4sch und Walzenhausen. Lernen Sie bei einem st\u00fcndigen Rundgang Wissenswertes \u00fcber die Geschichte des Dorfes. Oder Sie entscheiden sich f\u00fcr eine Thematische Dorff\u00fchrung.\n\nDauer: ca. 1 Stunde\nKosten auf Anfrage\n\nGerne unterbreiten wir Ihnen ein passendes Angebot.", "image": "https://alarpimtsoch.sos-ch-dk-2.exoscale-cdn.com/catalog/0/7/1/7/0717dc1c28a4aa0454d70079a0709f2b9f9e35bb_heiden_dorff__hrung.jpg", "openstreetmap_id": "1098126342"}, "geometry": {"type": "Point", "coordinates": ["9.5342523", "47.444958"]}}, {"type": "Feature", "properties": {"identifier": "614df439-3a57-44c8-a65f-cf160c344e7c", "name": "Helen Niederer - Handweben fast wie fr\u00fcher", "description": "Im gem\u00fctlichen historischen Weberhaus mit viel Charme entstehen im W\u00e4bch\u00e4ller von Helen Niederer Textilien. Sie webt am Webstuhl Handt\u00fccher, Tischw\u00e4sche bis zur Einkaufstaschen aus nat\u00fcrlichem Material und mit verschiedenen Mustern und Farben. Sehen Sie der Weberin \u00fcber die Schulter und beobachten dabei, wie sie das Weberschiffli gekonnt hin und her schiebt und dabei ein ums andere Mal die richtigen F\u00e4den mit einem Fusspedal anhebt, sodass sich das Fach f\u00fcr die Schussf\u00e4den bilden kann.  \n\nDauer: 1 Stunde\nTeilnehmer: bis 15 Personen (ab 7 Personen unterteilt in zwei Gruppen)\nKosten: pauschal CHF 130.00 pro F\u00fchrung, kleiner Ap\u00e9ro auf Anfrage", "image": "https://alarpimtsoch.sos-ch-dk-2.exoscale-cdn.com/catalog/2/9/d/c/29dc8897d52708aa9607ca34ee630afff3dc0214_Bild1.png", "openstreetmap_id": "11158904513"}, "geometry": {"type": "Point", "coordinates": ["9.426105", "47.373778"]}}, {"type": "Feature", "properties": {"identifier": "620ceb26-a075-4533-a862-986a6b6425d6", "name": "ROOTHUUS GONTEN", "description": "<p>Es erwartet Sie eine Reise durch die Geschichte des denkmalgesch&uuml;tzten und 2006 renovierte Haus aus den Jahren 1763/64. Das Roothuus beheimatet den weitherum sch&ouml;nsten Festsaal mit l&auml;ndlich-barocker Wandmalerei und viele Details erz&auml;hlen aus der bewegten Geschichte dieses zentralen Hauses von Gonten. Heute beherbergt das Roothuus das Zentrum f&uuml;r die Volksmusik rund um den Alpstein, also das Appenzellerland und das Toggenburg. Eine Ausstellung zeigt jeweils neue Forschungsergebnisse des Hauses und ein Shop l&auml;dt zum Entdecken der vielf&auml;ltigen Erzeugnisse ein. Zahlreiche historische Instrumente sind zu sehen und h&ouml;ren. Interessierte Personen erfahren hier viel Wissenswertes aus der gut dokumentierten Geschichte der Appenzeller und Toggenburger Volksmusik. Die individuelle Besichtigung des Roothuus Gonten ist kostenlos. Gerne f&uuml;hren wir Sie und Ihre G&auml;ste durch das Roothuus. Dabei erhalten Sie Informationen zur Geschichte des Hauses, zur Volksmusik und zu den zahlreichen historischen Instrumenten. Ebenso informieren wir Sie &uuml;ber unsere aktuellen Forschungsprojekte und geben Einblick in alte Handschriften. Auch Jodelkurse sind im Roothuus im Angebot. Dabei &uuml;bt ein S&auml;nger in Tracht mit Ihnen einen Naturjodel ein und gibt Tipps und Tricks zum Talerschwingen. Auf Wunsch bereichern wir die F&uuml;hrung oder den Jodelkurs mit Musik oder einem Ap&eacute;ro. F&uuml;hrungen: Dauer: ca. 1 Stunde Teilnehmerzahl: max. 25 Personen pro Gruppe Daten: ganzj&auml;hrig, t&auml;glich Kosten: Montag bis Freitag CHF 160.&ndash; pro Gruppe / Samstag und Sonntag CHF 210.&ndash; pro Gruppe Jodelkurse: Dauer: ca. 2 Stunden Teilnehmerzahl: max. 25 Personen pro Gruppe Daten: ganzj&auml;hrig, t&auml;glich Kosten: Montag bis Freitag CHF 370.&ndash; pro Gruppe / Samstag und Sonntag CHF 420.&ndash; pro Gruppe</p>", "url": "https://www.roothuus-gonten.ch/", "image": "https://alarpimtsoch.sos-ch-dk-2.exoscale-cdn.com/catalog/3/4/d/7/34d7cef7f1b4054c473e3f9f615e50b1377f444e_gonten_roothuus_gonten_aussenansicht.JPG", "openstreetmap_id": "node/4303008608"}, "geometry": {"type": "Point", "coordinates": ["9.3471841", "47.32882"]}}, {"type": "Feature", "properties": {"identifier": "6407c99f-9bd1-4152-9281-4bbbf1529140", "name": "planoalto", "description": "Arbeiten in der Natur heisst nutzen, was da ist: unterwegs sein (je nach Saison mit Schneeschuhen, Kanus oder zu Fuss), sich einen Platz einrichten (ein Camp oder ein Iglu bauen), Feuer entfachen, sich etwas gutes Kochen, Brote im selbst gebauten Ofen backen.\n\nUnsere Outdoor-Trainings sind oft unspektakul\u00e4r und doch herausfordernd, sie sind ehrlich und direkt. Sie \u00fcberzeugen durch Schlichtheit, Passgenauigkeit und professionelle Begleitung. \nWir greifen Entwicklungsthemen, Leitbilder, Visionen und Strategien unserer Kundinnen und Kunden auf und setzen sie in Handlung und Erlebnisse um.\n\nAnzahl Teilnehmer: vom Outdoor-Coaching f\u00fcr eine Person bis zu Grossgruppen-Impulse von bis zu 200 Personen.", "url": "https://planoalto.ch/", "image": "https://alarpimtsoch.sos-ch-dk-2.exoscale-cdn.com/catalog/8/0/b/7/80b7cea5d2c4e27ab6a8ae0ec68ff29dcc165bc4_Planoalto4.jpg", "openstreetmap_id": "way/192142262"}, "geometry": {"type": "Point", "coordinates": ["9.318851348465486", "47.3657193"]}}, {"type": "Feature", "properties": {"identifier": "6533253f-e907-4004-b539-093df57e2ef7", "name": "Feuerstelle Schindelholz", "url": "http://www.walzenhausen.ch/home.htm", "image": "https://alarpimtsoch.sos-ch-dk-2.exoscale-cdn.com/catalog/0/0/2/6/0026bad09ac74d5ccb60bd0b4b55fd60f9d1fb89_08_2020_walzenhausen_schindelholz__3_.jpg", "openstreetmap_id": "4185991878"}, "geometry": {"type": "Point", "coordinates": ["9.5888375", "47.4542558"]}}, {"type": "Feature", "properties": {"identifier": "658cdd14-a690-49c9-af3b-fb7de9e01d40", "name": "1001 Sterne Hotel", "description": "Du suchst nach einem Bett f\u00fcr eine Nacht unter freiem Sternenhimmel? Wolltest Du schon immer mal 1001 Sterne vor dem Einschlafen z\u00e4hlen? Fr\u00fchst\u00fcck mit Blick auf den S\u00e4ntis geniessen? Oder etwas Exklusives erleben? Dann bist Du in unserem 1001 Sterne-Hotel genau richtig!\n\nWir haben dem Aebi (Einachser) unseres Urgrossvaters eine neue Aufgabe gegeben. In den letzten Monaten haben wir auf seine Ladebr\u00fccke ein Doppelbett, St\u00fchle und eine Kommode gebaut. So k\u00f6nnen wir Dein Hotelzimmer an den von Dir gew\u00fcnschten Ort fahren. Das grosse Doppelbett und die kuschlige Decke sorgen f\u00fcr den n\u00f6tigen Komfort, falls Du zwischen dem Bestaunen des Nachthimmels und des Alpen-Panoramas trotzdem noch ein Auge zutun m\u00f6chtest. Am Morgen servieren wir Dir/Euch gerne ein leckeres Fr\u00fchst\u00fcck (mit hofgemachten Zutaten) ans Bett.\n\nOb f\u00fcr eine M\u00e4delsnacht, eine romantische Nacht mit Deinem Schatz oder aus Faszination am Nachthimmel \u2013 eine unvergessliche 1001 Sterne-Nacht ist so gut wie garantiert!", "url": "https://tiererlebnishof.ch", "image": "https://alarpimtsoch.sos-ch-dk-2.exoscale-cdn.com/catalog/6/1/1/2/611227b2873ed44f597334f581e2ea56e7d519d3_4.jpg", "openstreetmap_id": "way/769925662"}, "geometry": {"type": "Point", "coordinates": ["9.277664422988893", "47.33567424589583"]}}, {"type": "Feature", "properties": {"identifier": "6642ddcf-82e9-4628-b13e-c031c96d25f8", "name": "Feuerstelle Pulverturm", "url": "http://www.herisau.ch/de/", "image": "https://alarpimtsoch.sos-ch-dk-2.exoscale-cdn.com/catalog/3/f/e/d/3fedf04f8cdfb28433ad1ddcd088d99342f8e677_11_2020_herisau_pulverturm__2_.JPEG", "openstreetmap_id": "2893534501"}, "geometry": {"type": "Point", "coordinates": ["9.2914236", "47.3942337"]}}, {"type": "Feature", "properties": {"identifier": "67aeb3c9-22d6-40df-bc16-ae355bd2329b", "name": "G\u00f6ttiFritz House&Breakfast", "description": "<p>Das Ferienhaus \"G&ouml;ttiFritz\" wird seit 2022 von der InteriorDesignerin Karin Sieber gekonnt und mit viel Liebe zum Detail umgestaltet. Jede einzelne der drei grossen Suiten \"Fritzli, Grittli &amp; R&ouml;&ouml;sli\" haben ihren ganz eigenen Flair-Charakter, Historie und ihre eigene Stimmung. Ausgestattet mit einem Doppelbett, Arbeitsbereich, zus&auml;tzlicher Schlafcouch und eigenen B&auml;dern. Im Erdgeschoss befindet sich das dritte Schlafzimmer mit Bad (barrierefrei), die K&uuml;che, Wohn- und Essbereich, Garderobe sowie eine zus&auml;tzliche G&auml;stetoilette. Es sind die vielen, liebevoll durchdachten Kleinigkeiten, die aus einem Aufenthalt im &bdquo;G&ouml;ttiFritz&ldquo; Guesthouse&amp;HomeStyling im Appenzellerland ein echtes Erholungserlebnis machen. - pers&ouml;nliche Begr&uuml;ssung und Schl&uuml;ssel&uuml;bergabe - inkl. Fr&uuml;hst&uuml;ck zur Selbstbedienung - im Sommer edle k&uuml;hlende Leinenbettw&auml;sche - im Winter kuscheligwarme Flanellbettw&auml;sche - Gartenbereich mit Bistrotisch/Outdoorlounge/H&auml;ngesessel/Grill - auf Wunsch Koch, Butler- und Shuttle Service - inkl. Kur- und Beherbergungstaxen.<br>Mindestaufenthalt: 1 Nacht&nbsp;</p>", "url": "https://g\u00f6ttifritz.ch", "image": "https://alarpimtsoch.sos-ch-dk-2.exoscale-cdn.com/catalog/c/0/c/7/c0c7ac89a8503a6851e93ee405deb712bf378df0_goettifritz_house_and_breakfast_hauptbild_herisau__2.jpg", "openstreetmap_id": "way/25370393"}, "geometry": {"type": "Point", "coordinates": ["9.28997039794922", "47.38417163083634"]}}, {"type": "Feature", "properties": {"identifier": "689f334f-a125-48ab-b321-1fa1aa5999f4", "name": "Feuerstelle Horst", "url": "http://www.speicher.ch/de/", "image": "https://alarpimtsoch.sos-ch-dk-2.exoscale-cdn.com/catalog/3/f/d/f/3fdfdd07df26efed7f21bd9e564bc61abaf6a2b7_Feuerstelle.jpg", "openstreetmap_id": "2276527128"}, "geometry": {"type": "Point", "coordinates": ["9.425947", "47.4083925"]}}, {"type": "Feature", "properties": {"identifier": "69307ec8-0f89-4651-a72e-26ce2558c2b7", "name": "Feuerstelle Langelen / Bannwald", "description": "<p>Die Feuerstelle wird zwischen April (Ostern) und Oktober w&ouml;chentlich mit Brennholz versorgt. <br>Die Feuerstelle ist &ouml;ffentlich und darf von allen Personen ben&uuml;tzt werden. Reservationen sind nicht m&ouml;glich.&nbsp;</p>", "url": "http://www.herisau.ch/de/", "image": "https://alarpimtsoch.sos-ch-dk-2.exoscale-cdn.com/catalog/a/0/6/1/a061f59b831a7e961710628af90b9f64084e968c_20260623_081322211_iOS.jpg", "openstreetmap_id": "776752956"}, "geometry": {"type": "Point", "coordinates": ["9.2840852", "47.3731267"]}}, {"type": "Feature", "properties": {"identifier": "6a0de2e8-1520-455a-be33-66fef5c1a3b8", "name": "Werkzeugstation - St\u00fctzpunktfeuerwehr Gais", "description": "Diese vollausgestattete Werkzeugstation beim Werkhof Gais verf\u00fcgt \u00fcber eine Velopumpe, verschiedene Schraubenzieher, Schl\u00fcssel und Pl\u00e4ttchen f\u00fcr den Reifenwechsel.", "image": "https://alarpimtsoch.sos-ch-dk-2.exoscale-cdn.com/catalog/5/2/d/c/52dcd8c30eebaa68f79fce69cacfe7c950c63330__DSC0657.JPG", "openstreetmap_id": "235748794"}, "geometry": {"type": "Point", "coordinates": ["9.443907737731935", "47.35894005761917"]}}, {"type": "Feature", "properties": {"identifier": "6a87a400-be40-46fb-af43-6ef18360d5dd", "name": "Feuerstelle Staatswald", "url": "https://www.schwellbrunn.ch/", "image": "https://alarpimtsoch.sos-ch-dk-2.exoscale-cdn.com/catalog/3/f/d/f/3fdfdd07df26efed7f21bd9e564bc61abaf6a2b7_Feuerstelle.jpg", "openstreetmap_id": "263614302"}, "geometry": {"type": "Point", "coordinates": ["9.2318349", "47.3411137"]}}, {"type": "Feature", "properties": {"identifier": "6b2006a3-10ca-4d42-b1b6-1641f4d34d20", "name": "Waldpark Heiden", "description": "Breitst\u00e4mmige, hohe B\u00e4ume umrahmen den Spielplatz und lassen viel Freiraum f\u00fcr kleine und grosse Besucher. Zwei Grillstellen und gen\u00fcgend Schatten laden zum genussvollen Verweilen ein.", "url": "https://www.kurvereinheiden.ch/", "image": "https://alarpimtsoch.sos-ch-dk-2.exoscale-cdn.com/catalog/b/b/a/b/bbab3791ea714e964010716f28e5ce98f00611e5_waldpark_grillplatz_standard.jpg", "openstreetmap_id": "9320386289"}, "geometry": {"type": "Point", "coordinates": ["9.525554180145264", "47.448382175584925"]}}, {"type": "Feature", "properties": {"identifier": "6c64002c-6e0b-4240-a0c0-281fca5079c8", "name": "Hotel Heiden", "description": "<p>Das Hotel Heiden begeistert mit einer atemberaubenden Aussicht auf den Bodensee. 2022 wurde das Haus renoviert und l&auml;dt mit einem harmonischen Mix aus Tradition und Moderne zum Entspannen ein. Die 58 Zimmer, teilweise mit Balkon und Seesicht sind mit Boxspringbetten und barrierefreien Regenduschen ausgestattet. Im hauseigenen Restaurant Acht werden die G&auml;ste kulinarisch verw&ouml;hnt. Bei der Zusammenstellung der Gerichte legt das K&uuml;chenteam grossen Wert auf Regionalit&auml;t und Saisonalit&auml;t der einzelnen Komponenten. Zum Entschleunigen l&auml;dt die 1000 m2 grosse Wellness-Landschaft mit Panorama-Schwimmbad und -Whirlpool sowie vielseitigem Sauna-Bereich. Die lichtdurchfluteten Seminarr&auml;ume mit Seesicht bieten das ideale Ambiente f&uuml;r erfolgreiche Tagungen und Events.</p><h4>Hier gilt die&nbsp;<a href=\"https://www.appenzell.ch/de/unterkunft/appenzeller-ferienkarte.html\">Appenzeller Ferienkarte</a></h4>", "url": "http://www.hotelheiden.ch/", "image": "https://alarpimtsoch.sos-ch-dk-2.exoscale-cdn.com/catalog/c/7/c/6/c7c685662d613f1170c4f8447a792210649e8aac_heiden_hotel_heiden.jpg", "openstreetmap_id": "199504882"}, "geometry": {"type": "Point", "coordinates": ["9.533705", "47.445726"]}}, {"type": "Feature", "properties": {"identifier": "6e548f0e-a0b8-4c04-8020-6ed1704ab162", "name": "Museum Henry Dunant", "description": "Henry Dunant hatte bis zu seinem Tod rund 20 Jahre in Heiden gelebt, 18 davon im ehemaligen Bezirkskrankenhaus. In diesem Geb\u00e4ude f\u00fchrt die Ausstellung thematisch durch das wechselhafte Leben des wirkungsm\u00e4chtigen Genfers und schl\u00e4gt eine Br\u00fccke ins Hier und Jetzt. Das Museum l\u00e4dt t\u00e4glich von 11 bis 16 Uhr zu Erkundungen in Deutsch, Franz\u00f6sisch und Englisch ein. F\u00fchrungen f\u00fcr Gruppen und Schulklassen werden auch ausserhalb der \u00d6ffnungszeiten angeboten.", "url": "http://www.dunant-museum.ch/", "image": "https://alarpimtsoch.sos-ch-dk-2.exoscale-cdn.com/catalog/2/8/b/d/28bd6f2a4456aeada524cdc5387933b791591455_252044_dunant_museum_4874_J__rg_Z__rcher_gross.jpg", "openstreetmap_id": "199522073"}, "geometry": {"type": "Point", "coordinates": ["9.5312492", "47.4433309"]}}, {"type": "Feature", "properties": {"identifier": "70f1e24e-1e16-4500-b77d-31dcc3e7dcea", "name": "Vali's Bike-Shop", "description": "<p>Kindervelos, Elektro-Bikes, Elektro-Velos, Citybikes, Tourenvelos, Hardtail, Fully...</p><p>Reparatur, Service, Verkauf und E-Bike-Vermietung</p>", "url": "https://www.valikast.ch/", "image": "https://alarpimtsoch.sos-ch-dk-2.exoscale-cdn.com/catalog/4/1/d/d/41dda592a4a866fcec6aa7b025a91d2fc4ff0fa9_DSC_3425.JPG", "openstreetmap_id": "way/152340425"}, "geometry": {"type": "Point", "coordinates": ["9.483215057755425", "47.42670595"]}}, {"type": "Feature", "properties": {"identifier": "71bcb77a-7fbf-4238-b011-fddaf2d170ca", "name": "Feuerstelle Hundwiler Tobel", "url": "https://verkehrsvereinhundwil.ch/", "image": "https://alarpimtsoch.sos-ch-dk-2.exoscale-cdn.com/catalog/f/9/d/e/f9deba14b3d579c05b11fce3fb06efaeb11a84a6_Screenshot_2026_02_19_152414.png", "openstreetmap_id": "way/22756403"}, "geometry": {"type": "Point", "coordinates": ["9.3024505", "47.3617302"]}}, {"type": "Feature", "properties": {"identifier": "73ae110f-4739-41cb-a9f8-92eaa3d27d73", "name": "Tourist Information Heiden", "url": "http://www.appenzellerland.ch", "image": "https://alarpimtsoch.sos-ch-dk-2.exoscale-cdn.com/catalog/f/7/3/4/f7343e1c765f79849c94714f003cddf7d2f12ce3_Goldener_Schnitt_31_19_heiden_dorf.jpg", "openstreetmap_id": "way/326268455"}, "geometry": {"type": "Point", "coordinates": ["9.5364856", "47.4459718"]}}, {"type": "Feature", "properties": {"identifier": "75b19903-5617-4f59-8f6e-85d804a6c42a", "name": "Ladestation - Sternen Teufen", "description": "Die Ladem\u00f6glichkeit befindet sich beim Velounterstand verteilt auf 8 Schliessf\u00e4cher, welche mit einer 2-Franken-M\u00fcnze abgeschlossen werden k\u00f6nnen. Es ist ein eigenes Ladeger\u00e4t erforderlich.", "image": "https://alarpimtsoch.sos-ch-dk-2.exoscale-cdn.com/catalog/5/f/4/f/5f4fc2eb48e4467c8c37caab875604232329ecc0__DSC0631.JPG", "openstreetmap_id": "274613580"}, "geometry": {"type": "Point", "coordinates": ["9.375039339065554", "47.38940967729989"]}}, {"type": "Feature", "properties": {"identifier": "76046588-b264-4c7a-bbd4-49af9333f254", "name": "Werkzeugstation - Teufen Bahnhof", "description": "Die Werkzeugstation befindet sich beim Bahnhofplatz am Gel\u00e4nder zur Tiefgarage.", "image": "https://alarpimtsoch.sos-ch-dk-2.exoscale-cdn.com/catalog/8/f/d/5/8fd5df7cb8ec138722610be685a01048f6c26118__DSC0663.JPG", "openstreetmap_id": "11081432934"}, "geometry": {"type": "Point", "coordinates": ["9.390048980712892", "47.390193534294134"]}}, {"type": "Feature", "properties": {"identifier": "7649439a-3c24-4b49-9cbb-ddec6b477775", "name": "Restaurant Engel Herisau", "description": "<p><span style=\"font-size: 12.0pt; line-height: 115%; font-family: 'Aptos',sans-serif; mso-ascii-theme-font: minor-latin; mso-fareast-font-family: Aptos; mso-fareast-theme-font: minor-latin; mso-hansi-theme-font: minor-latin; mso-bidi-font-family: Arial; mso-bidi-theme-font: minor-bidi; mso-ansi-language: DE-CH; mso-fareast-language: EN-US; mso-bidi-language: AR-SA;\">Im &laquo;Engel&raquo; </span>treffen sich Handwerker zum Zn&uuml;ni. Am Mittag werden Tagesmen&uuml;s zu moderaten Preisen serviert &ndash; inklusive Salat und Suppe. Nachmittags geniessen Wanderer einen Zvieri oder Coupe mit saisonalen Fr&uuml;chten. Am Abend lassen sich Familien zum Nachtessen nieder, und Vereine aus Herisau und Umgebung genehmigen sich nach Training oder Probe einen Absacker.</p><p class=\"MsoNormal\">Und wen der Hunger plagt, dem zaubert unser Koch Hampi auch zu sp&auml;ter Stunde etwas Gluschtiges auf den Teller.</p><p class=\"MsoNormal\">Anl&auml;sse sind im Saal bis zu 40 Personen durchf&uuml;hrbar.&nbsp;</p>", "url": "https://www.engel.rest/", "image": "https://alarpimtsoch.sos-ch-dk-2.exoscale-cdn.com/catalog/0/c/e/8/0ce83d8b6c74dd9651d2c95bacc4173747c293e1_DSC_3597.jpg", "openstreetmap_id": "node/9364646672"}, "geometry": {"type": "Point", "coordinates": ["9.2603454", "47.3889704"]}}, {"type": "Feature", "properties": {"identifier": "76b06e15-7748-49f6-9e52-ccf1b0f76d79", "name": "Breitenmoser Gustarium", "description": "Das Breitenmoser Gustarium ist die in der Schweiz einzigartige Erlebniswelt, die sich der Fleischbranche widmet. Unterschiedliche Grillseminare finden rund ums Jahr auf der Grillterrasse statt. Hier lernt man Tipps und Tricks von den Fachleuten. Teilnehmerinnen und Teilnehmer eines Wurstseminars lernen alles \u00fcber die Herstellung einer Siedwurst und packen dann selbst mit an. \nAuch Spontanbesucher k\u00f6nnen sich bei uns verw\u00f6hnen lassen. Ein frisch aufgeschnittenes Appenzeller Pl\u00e4ttli l\u00e4sst sich draussen oder in der Metzgerstube mit Blick auf den Alpstein geniessen. Die interaktive, unterhaltsame und informative Ausstellung \u00abrund um den Genuss\u00bb kann kostenlos besucht werden. \nIm Genussladen k\u00f6nnen Sie unsere Spezialit\u00e4ten degustieren, erwerben und sich von vielen Geschenkideen inspirieren lassen. Feste und Seminare bis 60 Personen machen wir f\u00fcr Sie zu einem ganz speziellen Erlebnis. Die Metzgerstube mit Bar und Chemin\u00e9e ist liebevoll eingerichtet und dekoriert. Unsere K\u00f6che verw\u00f6hnen Sie mit hauseigenen Spezialit\u00e4ten. \n\nGrillseminare: 18 bis 23 Teilnehmende\nWurstseminare: 15 bis 30 Teilnehmende\nFestliche Platten legen und gestalten: 10 bis 15 Teilnehmende\nKleiner Grill-Lehrgang: 20 bis 45 Teilnehmende \n\nKosten f\u00fcr Seminare: von CHF 85.00 (Wurstseminar mit Essen) bis CHF 210 f\u00fcr Grillkurs Special Cuts\nDauer: von 2.5 bis 4 Stunden f\u00fcr Kurse\n\nSitzpl\u00e4tze Metzgerstube f\u00fcr Gastroanl\u00e4sse: bis 60 Personen", "url": "https://www.gustarium.ch/", "image": "https://alarpimtsoch.sos-ch-dk-2.exoscale-cdn.com/catalog/3/7/1/e/371ea78ef7c2bc2b865564258705212be5c7c7ed_2023_07_05_breitenmoser_0618.jpg", "openstreetmap_id": "node/11240658636"}, "geometry": {"type": "Point", "coordinates": ["9.4277641", "47.3202708"]}}, {"type": "Feature", "properties": {"identifier": "76b57f7a-bfb4-48c1-b654-ade818c25452", "name": "Ferienwohnung Schwantlernegg", "description": "<p>Zentral gelegen und nur etwa 5 Gehminuten vom Bahnhof entfernt. Ruhig und ohne Durchgangsverkehr, mit atemberaubendem Blick auf den Alpstein und den S&auml;ntis. Wir sind eine kleine Familie, die ihre eigene Einliegerwohnung f&uuml;r Ferieng&auml;ste vermietet. Gais, auf rund 950 m.&uuml;.M., ist ein Paradies f&uuml;r Wanderfreunde und sanften Tourismus. Egal ob zu Fuss oder mit dem Fahrrad, die Region bietet unz&auml;hlige M&ouml;glichkeiten, die wundersch&ouml;ne Natur zu entdecken. Die lokale Gastronomie verw&ouml;hnt Sie mit einer breiten Palette von gutb&uuml;rgerlicher K&uuml;che bis hin zu Gourmet-Restaurants. <br>Mindestaufenthalt: 3 N&auml;chte</p><h4>Hier gilt die&nbsp;<a href=\"https://www.appenzell.ch/de/unterkunft/appenzeller-ferienkarte.html\">Appenzeller Ferienkarte</a></h4>", "image": "https://alarpimtsoch.sos-ch-dk-2.exoscale-cdn.com/catalog/9/0/0/b/900b13418c95a9738773ee5430646c2ec92615ca_IMG_2487.jpeg", "openstreetmap_id": "node/11746818041"}, "geometry": {"type": "Point", "coordinates": ["9.4592104", "47.3663767"]}}, {"type": "Feature", "properties": {"identifier": "76f90407-2d46-40f7-9e11-06eedead7ed0", "name": "G\u00e4stezimmer im \u00abAnna Z\u00fcrcher Haus\u00bb", "description": "<p>Diverse Einkaufsm&ouml;glichkeiten in Gehdistanz. Zu Fuss zum Bahnhof Gais in nur 10 Minuten.</p><p>Die G&auml;stezimmer verf&uuml;gen &uuml;ber ein privates Badezimmer (Dusche/Toilette). Eine voll ausgestattete K&uuml;che sowie Waschmaschine/Tumbler d&uuml;rfen mitbenutzt werden.</p><p>Wander- und Spazierwege sowie Bikerouten starten direkt vor dem Haus. Die Langlaufloipe liegt in 10 Minuten Fussdistanz (N&auml;he Bahnhof Gais). Mehrere Kinderspielpl&auml;tze sowie eine Badi (inkl. Parkpl&auml;tze) liegen in der N&auml;he.</p><div class=\"ce_text block\"><p><strong>Infrastruktur</strong></p><ul><li>K&uuml;che mit Geschirrsp&uuml;ler, K&uuml;hlschrank, Backofen und Steamer</li><li>Wohnzimmer</li><li>Essraum</li><li>Dusche und WC</li><li>Waschmaschine und Tumbler</li><li>Zwei Schlafzimmer mit zwei Doppelbetten (es k&ouml;nnen zus&auml;tzliche Betten aufgestellt werden)</li><li>WLAN</li><li>Gartensitzplatz</li><li>Bett-, K&uuml;chen- und Frotteew&auml;sche vorhanden</li></ul></div><p><strong>Kosten</strong></p><ul><li class=\"MsoNormal\">Doppelzimmer in Einzelbenutzung (1 Person) pro Nacht: CHF 80.-</li><li class=\"MsoNormal\">Doppelzimmer (2 Personen) pro Nacht: CHF 130.-</li><li>Kurtaxen und Endreinigung inbegriffen</li></ul><p><strong>Hinweise</strong></p><ul><li>Haustiere nicht erlaubt</li><li>Mindestaufenthalt zwei N&auml;chte</li><li>keine Parkpl&auml;tze vor dem Haus vorhanden, &ouml;ffentliche Parkpl&auml;tze in 3 Minuten Gehdistanz</li></ul><h4>Hier gilt die&nbsp;<a href=\"https://www.appenzell.ch/de/unterkunft/appenzeller-ferienkarte.html\">Appenzeller Ferienkarte</a></h4>", "image": "https://alarpimtsoch.sos-ch-dk-2.exoscale-cdn.com/catalog/8/7/0/2/870221373d14ab3f056eed0920812a5b459d2c43_7.jpg", "openstreetmap_id": "way/319847840"}, "geometry": {"type": "Point", "coordinates": ["9.4569275", "47.3638146"]}}, {"type": "Feature", "properties": {"identifier": "77b205b7-a834-4ef8-a88d-5ef67e21fad9", "name": "Feuerstelle Chr\u00e4g", "description": "<p>Die Feuerstelle liegt in einem kleinen Waldst&uuml;ck umgeben von Wiesen mit Aussicht aufs Dorf Urn&auml;sch. Die Feuerstelle l&auml;sst sich vom Dorf aus zu Fuss in 30 Minuten gut erreichen. Alternativ sind Parkpl&auml;tze beim B&uuml;rgerheim Chr&auml;g vorhanden.</p><p>Vorhanden ist:\u202f</p><ul><li>Feuerstelle mit Rost und Sitzb&auml;nke</li><li>Kinderb&auml;nkli mit Tisch</li><li>Brennholz</li><li>Abfallbeh&auml;lter</li></ul>", "image": "https://alarpimtsoch.sos-ch-dk-2.exoscale-cdn.com/catalog/3/f/9/7/3f971af8e04ef807e1d8601408dfbc0e8fab988c_Chr__g_1.JPG", "openstreetmap_id": "392065444"}, "geometry": {"type": "Point", "coordinates": ["9.288908243179323", "47.30925929873218"]}}, {"type": "Feature", "properties": {"identifier": "77b71786-4778-41c9-afa5-3792d1fb0138", "name": "Werkzeugstation - Kasernenstrasse Herisau", "description": "Diese vollausgestattete Werkzeugstation beim Werkhof Heiden verf\u00fcgt \u00fcber eine Velopumpe, verschiedene Schraubenzieher, Schl\u00fcssel und Pl\u00e4ttchen f\u00fcr den Reifenwechsel.\n\nSie befindet sich direkt vor dem Geb\u00e4ude des Amtes f\u00fcr Umwelt.", "image": "https://alarpimtsoch.sos-ch-dk-2.exoscale-cdn.com/catalog/8/d/b/a/8dba1f3372c258641d7996c7807c54e57cb2699d__DSC0647.JPG", "openstreetmap_id": "7830629688"}, "geometry": {"type": "Point", "coordinates": ["9.282588958740236", "47.38640333463285"]}}, {"type": "Feature", "properties": {"identifier": "78fc34b7-92e2-49c5-ab35-2fc844bdf0c9", "name": "Appenzeller Bahnen - Gruppenangebote", "description": "<b>Geschichte und Tradition</b> \nStarten Sie den unvergesslichen Tag in Altst\u00e4tten Stadt oder in Gais mit einer Fahrt in der Zahnradbahn. Wahlweise erhalten Sie bei Ihrem Programm einen Einblick in die Geschichte der Sperre Stoss oder erleben das Handwerk der Weissk\u00fcferei &amp; Drechslerei. Ein Ap\u00e9ro und/oder ein Mittagessen/Nachtessen runden den Tag gelungen ab. \n<a href=\"https://appenzellerbahnen.ch/de/erlebnisangebote/gruppenangebote/gruppenausfluege-altstaetten-gais.html\" target=\"_blank\" title=\"HTML Code Generator\">Weitere Informationen zum Angebot Geschichte und Tradition</a> \n\n<b>Erlebnisrundfahrt</b> \n\u00abEmol rondom\u00bb - mit zwei Bergbahnen und einem Schiff durch das Appenzeller Vorderland. Mit der Bergbahn der Appenzeller Bahnen fahren Sie mit einem atemberaubenden Ausblick auf den Bodensee von Rorschach hinauf ins sch\u00f6ne Biedermeierdorf Heiden. Nach dem Mittagessen reisen Sie von Heiden mit dem eigenen Car oder dem \u00f6ffentlichen Postauto zur Aussichtsterrasse Walzenhausen. Als weiteres Highlight folgt die Talfahrt mit der Zahnradbahn von Walzenhausen nach Rheineck. Anschliessend haben Sie bei einer gem\u00fctlichen Schifffahrt auf dem alten Rhein Zeit, die sch\u00f6ne Landschaft zu geniessen, bevor der Halbtagesausflug in Rorschach endet. \n<a href=\"https://appenzellerbahnen.ch/de/erlebnisangebote/gruppenangebote/erlebnisrundfahrt.html\" target=\"_blank\" title=\"HTML Code Generator\">Weitere Informationen zur Erlebnisrundfahrt</a> \n\n<b>Emol Querd\u00f6re \u2013 eine Erlebnisfahrt durch das Appenzellerland</b> \nIn Gossau startend f\u00fchrt Sie die Fahrt mit den Appenzeller Bahnen nach Appenzell, wo Sie eine Dorff\u00fchrung durch das heimelige Dorf erleben. Wahlweise kann auch eine Dorff\u00fchrung in Gais gebucht werden. Im Gasthof zum Hirschen in Gais kommen Sie in den Genuss eines k\u00f6stlichen Mittagessens. Nach einer Fahrt mit der Zahnradbahn ins Rheintal, lassen Sie den Tag bei einem gem\u00fctlichen Spaziergang durch die Marktgasse Altst\u00e4ttens und einer s\u00fcssen Verf\u00fchrung ausklingen. Die Reise wird auch in entgegengesetzter Richtung mit Start in Altst\u00e4tten Stadt angeboten. <a href=\"https://appenzellerbahnen.ch/de/erlebnisangebote/gruppenangebote/emol-querdoere.html\" target=\"_blank\" title=\"HTML Code Generator\">Weitere Informationen zum Gruppenangebot Emol Querd\u00f6re</a> \n\n<b>Allgemeine Informationen</b>\nDauer: ca. 5-9 Stunden \nTeilnehmende: Ab 10 Personen \nKosten: ab CHF 43.00 pro Person", "url": "https://appenzellerbahnen.ch/de/", "image": "https://alarpimtsoch.sos-ch-dk-2.exoscale-cdn.com/catalog/c/8/6/f/c86f7704b4a9e51de60a273f363979549e8174e7_23021_1223.jpg", "openstreetmap_id": "node/10004560606"}, "geometry": {"type": "Point", "coordinates": ["9.282066", "47.3927145"]}}, {"type": "Feature", "properties": {"identifier": "7979ce7a-fc30-421a-afdd-6ab3347440ce", "name": "Werkzeugstation - Speicher Bahnhof", "description": "Die Werkzeugstation befindet sich beim Velost\u00e4nder neben dem Bahnhofgeb\u00e4ude in Speicher auf der Seite Trogen.", "image": "https://alarpimtsoch.sos-ch-dk-2.exoscale-cdn.com/catalog/7/1/d/6/71d67d5dfac98cdea446d7220009c7af8577a3cc__DSC0628.JPG", "openstreetmap_id": "9245347200"}, "geometry": {"type": "Point", "coordinates": ["9.443086981773378", "47.41078060541116"]}}, {"type": "Feature", "properties": {"identifier": "79db15cb-da93-4f43-99be-f01dcf967426", "name": "A.Vogel Heilpflanzen-Schaugarten und Museum", "description": "Ein Naturerlebnis f\u00fcr alle Sinne erwartet die Besucherinnen und Besucher auf rund 1000 Metern \u00fc.M., umgeben vom herrlichen Panorama des Alpsteins und eingebettet in die sanften gr\u00fcnen H\u00fcgel des Appenzellerlands. \nIm terrassenf\u00f6rmig angelegten, frei zug\u00e4nglichen A.Vogel Schaugarten auf dem H\u00e4tschen in Teufen AR gedeihen rund 120 verschiedene Heil- und K\u00fcchenkr\u00e4uter. \nDas 2024 neu gestaltete Museum erz\u00e4hlt die Geschichte von Naturheilkunde-Pionier Alfred Vogel bis zu den modernen Herstellungsprozessen im Unternehmen A.Vogel heute.\nIn der Drogerie kann man sich \u00fcber alle A.Vogel Produkte informieren und kompetent beraten lassen.\nDie Welt von A.Vogel in Teufen: ideal als Tagesausflug, Club-Event, Firmen- oder Vereinsanlass und vieles mehr.", "url": "https://www.avogel.ch/de/", "image": "https://alarpimtsoch.sos-ch-dk-2.exoscale-cdn.com/catalog/2/0/0/d/200d1679c67bc61d2e9213abd8ad72f0cfc006b2__P0B0801__2.jpg", "openstreetmap_id": "4149594093"}, "geometry": {"type": "Point", "coordinates": ["9.3893398", "47.3957654"]}}, {"type": "Feature", "properties": {"identifier": "7a165f8c-5f4b-44d1-bf93-630a5393e54f", "name": "Ferienhaus Fromsenr\u00fcti", "description": "Zwei Schlafzimmer, Appenzeller Stube und Essk\u00fcche sind liebevoll m\u00f6bliert. Herzlich willkommen und geniessen Sie unbeschwerte Tage im Appenzeller Vorderland. \n\nPreis pro Woche:\nCHF 1100.00, inklusive W\u00e4sche und Endreinigung", "url": "http://xn--fromsenrti-heb.ch/", "image": "https://alarpimtsoch.sos-ch-dk-2.exoscale-cdn.com/catalog/0/c/0/3/0c03a5c65c2a6c826c7e41e3d0f243447c6503fd_DJI_0337__2.JPG", "openstreetmap_id": "885449293"}, "geometry": {"type": "Point", "coordinates": ["9.579260000000001", "47.4436726"]}}, {"type": "Feature", "properties": {"identifier": "7a2915cd-9805-4ffe-9dae-3a2cba3f85ba", "name": "Feuerstelle Rosenburg", "description": "<p>Ausstattung</p><ul><li>Brennholz vorhanden</li><li>Rost vorhanden</li><li>F&uuml;r Gruppe geeignet</li><li>2 Feuerstellen mit je 20 Sitzpl&auml;tzen</li><li>Spielm&ouml;glichkeiten</li><li>Spielwiese</li><li>Abfallentsorgung vorhanden</li></ul><p>Parkplatz: Blaue Zone, 5 Minuten Gehzeit<br>&Ouml;V Haltestelle Herisau Bahnhof, 15 min Gehzeit<br>Kinderwagentauglich</p>", "url": "https://www.herisau.ch/", "image": "https://alarpimtsoch.sos-ch-dk-2.exoscale-cdn.com/catalog/0/b/5/f/0b5ff581c4a3b602a449d983c881c0ac35e61349_DJI_20260623133953_0043_D.JPG", "openstreetmap_id": "way/1027088233"}, "geometry": {"type": "Point", "coordinates": ["9.28217054093635", "47.396518908859555"]}}, {"type": "Feature", "properties": {"identifier": "7a78c4c8-3054-4934-a924-19620dabcfd4", "name": "Sato Code Herisau", "description": "<p><span style=\"background-color: rgb(255, 255, 255); color: rgb(78, 71, 67);\">Versteckte Hinweise, geheime Objekte und geteilte Informationen \u2013 genau wie in einem klassischen Escape Room, aber mit dem Vorteil, dass ich Herisau richtig erlebt.</span></p><p><span style=\"background-color: rgb(255, 255, 255); color: rgb(78, 71, 67);\">Das Spiel findet komplett draussen statt, im Herzen des Dorfs. Jeder Winkel birgt ein Geheimnis. Jedes R\u00e4tsel bringt uns der Wahrheit n\u00e4her. Gemeinsam entwirrt ihr eine verborgende Geschichte und entdeckt die mysteri\u00f6se Seite von Herisau. Wie im\u00a0\u00abThe Da Vinci Code\u00bb\u00a0\u2013 und ihr seid die Hauptfiguren. Trefft die richtige Entscheidung, w\u00e4hlt den richtigen Verb\u00fcndeten und lasst das Spiel beginnen...</span></p><p><span style=\"background-color: rgb(255, 255, 255); color: rgb(78, 71, 67);\">Der Start ist jederzeit m\u00f6glich, an jedem Tag. Einfach Ticket kaufen, zum Startpunkt gehen und die Sato-Code-App \u00f6ffnen. Das Spiel bietet zwei Schwierigkeitsstufen und ist eine v\u00f6llig neue Art, eine Stadt oder ein Dorf zu entdecken \u2013 perfekt f\u00fcr alle, die Spannung, Teamwork und unerwartete Wendungen lieben.</span></p>", "url": "https://www.sato-code.com/de", "image": "https://alarpimtsoch.sos-ch-dk-2.exoscale-cdn.com/catalog/9/4/1/a/941a3ba33b5b5461a988aa0baa8ebda3fefc5eb8_OmegaCodex0__2_.png", "openstreetmap_id": "1097842643"}, "geometry": {"type": "Point", "coordinates": ["9.2773223", "47.3900655"]}}, {"type": "Feature", "properties": {"identifier": "7bcf4ffc-eb85-4b0b-bbdc-b0c65c08e451", "name": "Kronberg Luftseilbahn / Bobbahn / Zipline-Park / M\u00e4rliwelt", "description": "<p>Der Kronberg begeistert mit kr\u00f6nenden Erlebnissen im Takt der Natur auf dem Berg und im Tal: Auf dem Berg l\u00e4dt das Berggasthaus mit Sonnenterrasse zum \u00abh\u00f6ckle ond gn\u00fcsse\u00bb ein \u2013 mit dem atemberaubenden 360-Grad-Panorama vom Alpsteinmassiv bis zum Bodensee. Im Sommer gibt es diverse Wege f\u00fcr abwechslungsreiche Wanderungen. Knifflige R\u00e4tsel und viel Abwechslung bieten die zwei R\u00e4tselwege. Im Winter lockt der l\u00e4ngste Schlittelweg der Ostschweiz. Auch im Tal bieten wir mit der Bobbahn, der M\u00e4rliwelt mit Kugelpark und dem Zipline-Park ein unvergessliches Erlebnis. Auf der Bobbahn heisst es freie Fahrt f\u00fcr rasanten Spass! In der M\u00e4rliwelt begleiten Arnika und Jacobi durch ihre Welt voller m\u00e4rchenhafter Abenteuer mit Wasser und Sand bis hin zu luftigen Kletterh\u00f6hen. Staunende Kinderaugen sind hier garantiert! Und wer noch etwas mehr Action will, dem raten wir zu Nervenkitzel auf dem Zipline-Park. Neben dem integrierten Seilpark sorgen 25 Ziplines mit insgesamt 1210 Metern L\u00e4nge f\u00fcr Abwechslung und rasanten Spass. Planst du einen Ausflug mit einer Gruppe? Suchst du dabei etwas Spezielles? Auf die Preise der Luftseilbahn, der Bobbahn, des Zipline-Parks und der M\u00e4rliwelt gew\u00e4hren wir Gruppen ab 10 Personen 20% Rabatt auf alle Einzel-Eintrittspreise.</p>", "url": "https://www.kronberg.ch", "image": "https://alarpimtsoch.sos-ch-dk-2.exoscale-cdn.com/catalog/0/e/f/6/0ef65ea84aea0c79de815ccb8bb95ad3ba188fdf_Kronberg_Key_Visual_beschnitten_RGB.jpg", "openstreetmap_id": "node/41154842"}, "geometry": {"type": "Point", "coordinates": ["9.32832", "47.3198528"]}}, {"type": "Feature", "properties": {"identifier": "7c25a025-3926-4ab3-a88c-487994e36a04", "name": "Ferienhaus H\u00f6rli", "description": "Das \"H\u00f6rli\" ist bereits anno 1655 erbaut worden und wurde damals noch als bescheidener Ziegenstall genutzt. Seit dieser Zeit hat sich einiges getan und die Liegenschaft ist gewachsen und, bis auf die ortstypische Raumh\u00f6he von teils weniger als 2 Metern, modern geworden. \n\nNach einer kompletten Renovation im Jahr 2014 bietet das Haus alle Annehmlichkeiten, die den Urlaub abseits von Hektik und Alltagsstress zu einem einzigartigen Erlebnis machen.\n\nNach dem Winterspaziergang zum Hochhamm oder beim Skifahren mit den Kindern am Skilift H\u00f6rnli (welcher sich in Gehdistanz befindet) k\u00f6nnen Sie sich in der Sauna aufw\u00e4rmen. Eine moderne K\u00fcche erm\u00f6glicht anschliessend einen gem\u00fctlichen Fondue-Abend in der warmen Stube, aber auch f\u00fcr anspruchsvollere Men\u00fcs ist die Ausstattung vorhanden.\n\nIm Sommer l\u00e4dt der Garten zum Sonnen ein. Autos und Fussg\u00e4nger lassen sich w\u00e4hrend dem Tag an einer Hand abz\u00e4hlen. Auch aktive Tage auf dem Bike oder bei einer Wanderung im Appenzellerland k\u00f6nnen mit Grillieren an der Feuerschale und einem einmaligen Sonnenuntergang abgeschlossen werden.", "url": "https://www.hoerli.ch", "image": "https://alarpimtsoch.sos-ch-dk-2.exoscale-cdn.com/catalog/9/4/9/7/94976a19e3d957b510a47dad2a1aa62fe87d2802_FerienhausH__rli.jpg", "openstreetmap_id": "11906259373"}, "geometry": {"type": "Point", "coordinates": ["9.210990071296694", "47.30885959988185"]}}, {"type": "Feature", "properties": {"identifier": "7c6ed12e-e64d-4999-a47b-12b9de8506ad", "name": "Gem\u00fctliches Ferienhaus im Appenzellerland", "description": "<p>Dieses Haus eignet sich bestens f\u00fcr Familienferien oder kleinere Gruppen. Insgesamt stehen 6 Schlafzimmer f\u00fcr max. 14 Personen zur Verf\u00fcgung. Der riesige Umschwung gibt Kindern gen\u00fcgend Platz zum Austoben. Im nahen Wald k\u00f6nnen H\u00fctten gebaut werden und vieles mehr... Ein Teil des Hauses ist komplett neu umgebaut. Die Wohnk\u00fcche, das Wohnzimmer mit Specksteinofen und das Badezimmer ist neuwertig. Im Dachgeschoss befinden sich noch Schlafzimmer, welche eher einfach eingerichtet sind, jedoch auch ihren Charme haben. Die Lage des Hauses ist optimal, da in wenigen Minuten die Stadt St. Gallen oder Appenzell erreicht werden kann sowohl auch diverse Ausfl\u00fcge in die Berge nahe gelegen sind.<br>Mindestaufenthalt: 1 Woche</p>", "image": "https://alarpimtsoch.sos-ch-dk-2.exoscale-cdn.com/catalog/c/6/8/b/c68b07233cd716adbdef9ed6cd9c39728562958f_FeWo_Niederberger.jpg", "openstreetmap_id": "423824110"}, "geometry": {"type": "Point", "coordinates": ["9.413660400000001", "47.4018678"]}}, {"type": "Feature", "properties": {"identifier": "7df300a0-f61e-417b-ab87-ea7006688336", "name": "Sunehus Lustm\u00fchle - Hotpot", "description": "Wer ausspannen und sich etwas Gutes tun m\u00f6chte, verbringt wohlige Stunden im Hotpot und geniesst dabei die freie Sicht auf den Alpstein. Das Sprudelvergn\u00fcgen l\u00e4sst sich perfekt mit einer \u00dcbernachtung im Studio Sunehus kombinieren. Und f\u00fcr Sprudel ist nicht nur im Bad gesorgt, eine Flasche Prosecco verw\u00f6hnt auch noch prickelnd den Gaumen. Bei jedem Wetter m\u00f6glich. Pro Tag ist eine Buchung mit maximal 5 Personen m\u00f6glich.\n\nDie Uhrzeit kann nach der Buchung telefonisch vereinbart werden.", "url": "http://sunehus.ch", "image": "https://alarpimtsoch.sos-ch-dk-2.exoscale-cdn.com/catalog/2/1/1/3/2113d6eb983127f5b36867eed82b6a5cd3bd7e17_lustm__hle_hotpot__3_.jpg", "openstreetmap_id": "node/274610294"}, "geometry": {"type": "Point", "coordinates": ["9.355577230453493", "47.39654913329844"]}}, {"type": "Feature", "properties": {"identifier": "8256b146-c7a0-4185-a79b-777fae191ca0", "name": "Erlebnis Waldegg - Erlebnisse", "description": "Mitten im Wandergebiet St. Gallen - Teufen, mit Blick auf den S\u00e4ntis, liegt das Erlebnis Waldegg mit seinen besonderen Erlebnissen. \n\nIn den Erlebnisrestaurants tauchen die Besucher in verschiedene Welten ein: In Grossmutter's Bauernhaus \u00abSchnuggebock\u00bb in die Welt der vergangenen, gem\u00fctlichen Stuben; in der Holzofenb\u00e4ckerei \u00abZitr\u00e4dli\u00bb in die Welt von ger\u00f6stetem Kaffee und duftendem Holzofenbrot; das Schulzimmer \u00abTintelompe\u00bb entf\u00fchrt Gruppen in die Schulatmosph\u00e4re ihrer Grosseltern. Im \u00abWaldeggmandli\u00bb werden auch die Kleinsten verw\u00f6hnt - Spielplatz, Streichelzoo und mehr.  \n\nGeniessen Sie Ihren Ap\u00e9ro auf eine etwas andere Weise als gewohnt. Entdecken Sie den unverkennbaren Geist der Waldegg und lernen Sie das Appenzellerland mit seinem unvergleichlichen Brauchtum und Handwerk kennen. Lassen Sie sich vom Duft der Holzofenb\u00e4ckerei verlocken oder dr\u00fccken Sie die Schulbank wie anno dazumal.\n\nGruppenangebote: Schule wie anno dazumal, F\u00fchrung, Ap\u00e9ros, Biber backen, Schauk\u00e4sen, Waldegg-Gaudi, Jodelkurse und vieles mehr\nDauer: Je nach Angebot\nTeilnehmer: meiste Angebote ab 10 Personen\nKosten: Variieren je nach Angebot", "url": "https://www.waldegg.ch/gruppenangebote", "image": "https://alarpimtsoch.sos-ch-dk-2.exoscale-cdn.com/catalog/1/d/5/3/1d5348291eb62552069b81a8b570ec6987d46215_DSC_5432.jpg", "openstreetmap_id": "423778138"}, "geometry": {"type": "Point", "coordinates": ["9.4106039", "47.4027945"]}}, {"type": "Feature", "properties": {"identifier": "8258f50f-f3f3-4506-a92a-1e280915cd6e", "name": "Museum Appenzeller Bahnen", "description": "<p>Im historischen Fahrzeug-Depot der ehemaligen S&auml;ntisbahn in Wasserauen sind historische Fahrzeuge aus der umfangreichen Sammlung der Stiftung &bdquo;Historische Appenzeller Bahnen&ldquo; ausgestellt. Darunter der einzige schmalspurige diesel-elektrische Schmalspur-Triebwagen der Schweiz von 1929 in seinem Originalzustand.</p><p>Gezeigt werden aber auch zahlreiche Gegenst&auml;nde aus dem fr&uuml;heren Alltag der Eisenbahn und ihrer Mitarbeiter, eine Dokumentation &uuml;ber die einst geplante Bahn von Appenzell &uuml;ber Wasserauen &ndash; Seealpsee &ndash; Meglisalp auf den S&auml;ntis sowie periodisch wechselnde Dokumentations-Ausstellungen zu Themen aus der langen appenzellischen Bahngeschichten, aktuell &uuml;ber die Geschichte(n) der Bahnh&ouml;fe.</p><p>Das Museum befindet sich im historischen Fahrzeug-Depot der ehemaligen S&auml;ntisbahn in Wasserauen.</p>", "url": "https://www.museumsverein-appenzeller-bahnen.ch/home-bahnmuseum.html", "image": "https://alarpimtsoch.sos-ch-dk-2.exoscale-cdn.com/catalog/1/4/8/0/14806798bb8fb6cb1343779dcfe29b5d0853d6c7_museum_appenzeller_bahnen_6.jpg", "openstreetmap_id": "193564282"}, "geometry": {"type": "Point", "coordinates": ["9.428258", "47.285540"]}}, {"type": "Feature", "properties": {"identifier": "82633455-0386-4ea5-8c43-fe4f0924730b", "name": "Wohlf\u00fchlhof Neuhus", "description": "<p>Ihr R&uuml;ckzugsort in den H&uuml;geln des Appenzeller Hinterlands:&nbsp;Unsere Ferienwohnung bietet:</p><ul><li>Eine grossz&uuml;gige, helle 2,5-Zimmer-Wohnung mit Wohnk&uuml;che, Schlafzimmer, Nebenraum und grossem Badezimmer</li><li>Eine abgeschiedene Lage in einem idyllischen H&uuml;gel-T&auml;lchen &ndash; Ruhe garantiert</li><li>Viel Platz f&uuml;r Familien, die gemeinsame Momente geniessen und die Natur erleben m&ouml;chten</li></ul><p>Ruhe und Erleben &ndash; das Beste aus zwei Welten&nbsp;<br>Erleben Sie die Stille und Gelassenheit der Bergwelt, w&auml;hrend Sie das Leben auf einem Bauernhof hautnah miterleben:</p><ul><li>Abschalten in der Natur: Kein Strassenl&auml;rm, nur Vogelgezwitscher und das leise Muhen der K&uuml;he</li><li>Mithelfen im Stall: Wer Lust hat, kann jeweils abends beim F&uuml;ttern und Versorgen der Tiere helfen</li><li>Kindertr&auml;ume wahr werden lassen: Platz zum Spielen, Entdecken und einfach Kind sein</li><li>Zeit f&uuml;r Sie &ndash; oder f&uuml;r Abenteuer</li></ul><p>Ob Sie einfach entspannen oder die Umgebung erkunden m&ouml;chten: Der Wanderweg startet direkt vor der Haust&uuml;r</p><p>Jetzt buchen und abschalten! Alle freien Daten und weitere Infos finden Sie auf unserer Website: www.wohlfuehlhof-neuhus.ch</p><p>Wir freuen uns darauf, Sie bei uns willkommen zu heissen und Ihnen einen Ort der Ruhe und Erholung zu bieten!</p>", "url": "https://www.wohlfuehlhof-neuhus.ch/", "image": "https://alarpimtsoch.sos-ch-dk-2.exoscale-cdn.com/catalog/9/0/7/d/907d505b833174643985769136aedbf94eb0d1ca_Neuhus08.jpg", "openstreetmap_id": "316710758"}, "geometry": {"type": "Point", "coordinates": ["9.32244122028351", "47.33291497436471"]}}, {"type": "Feature", "properties": {"identifier": "827150c6-669b-411d-be82-4983a8503c1d", "name": "Feuerstelle Bubenstieg", "url": "https://www.schwellbrunn.ch/", "image": "https://alarpimtsoch.sos-ch-dk-2.exoscale-cdn.com/catalog/3/8/c/6/38c64a830ff0b4974f1ce37aebcbeae64cedc85c_Feuerstelle.jpg", "openstreetmap_id": "338832395"}, "geometry": {"type": "Point", "coordinates": ["9.2392533", "47.357767"]}}, {"type": "Feature", "properties": {"identifier": "827f2f2f-5255-472c-8752-519be2ef6e66", "name": "Feuerstelle Waldpark", "url": "https://www.kurvereinheiden.ch/", "image": "https://alarpimtsoch.sos-ch-dk-2.exoscale-cdn.com/catalog/1/f/4/3/1f43f4891e0bbe55c2e2d14f20f0156e5f3550d5_08_2020_heiden_waldpark__2_.jpg", "openstreetmap_id": "4185991872"}, "geometry": {"type": "Point", "coordinates": ["9.5225253", "47.4484958"]}}, {"type": "Feature", "properties": {"identifier": "82de4139-5527-4fec-9953-7826ac55ae98", "name": "Berg-K\u00e4serei Gais AG", "description": "<p>Die Berg-K&auml;serei hat je nach Saison bis zu 12 Mitarbeitende und verarbeitet t&auml;glich 50'000 bis 60&rsquo;000 kg feinste Appenzeller Bergmilch zu verschiedenen Halbhart- und Bergk&auml;se-Spezialit&auml;ten sowie zu Raclettek&auml;se. Den Rohstoff dazu liefern rund 60 Milchlieferanten aus dem Appenzellerland, welche im Rahmen ihres QM-Systems j&auml;hrlich auf den H&ouml;fen besucht werden. Somit sind der K&auml;serei die Bauernfamilien, ihre Milchproduktionsbetriebe und die Milchqualit&auml;t bestens bekannt. Umweltbewusste Produktion und die Herstellung hochwertiger Qualit&auml;tsk&auml;se pr&auml;gen die Berg-K&auml;serei Gais. Deshalb wird ausschliesslich Bergmilch aus dem Berggebiet des Appenzellerlandes verarbeitet.</p><p>Der Verkaufsladen befindet sich direkt in der Berg-K&auml;serei in Gais und ist wie folgt ge&ouml;ffnet:</p><ul><li>Freitag: 09.00&nbsp;<span style=\"font-size: 11.0pt; mso-bidi-font-size: 12.0pt; line-height: 115%; font-family: 'Arial',sans-serif; mso-fareast-font-family: Aptos; mso-fareast-theme-font: minor-latin; mso-ansi-language: DE-CH; mso-fareast-language: EN-US; mso-bidi-language: AR-SA;\">&ndash;</span> 11.30 Uhr / 13.30 <span style=\"font-size: 11.0pt; mso-bidi-font-size: 12.0pt; line-height: 115%; font-family: 'Arial',sans-serif; mso-fareast-font-family: Aptos; mso-fareast-theme-font: minor-latin; mso-ansi-language: DE-CH; mso-fareast-language: EN-US; mso-bidi-language: AR-SA;\">&ndash; </span>19.00 Uhr</li><li>Samstag: 07.30&nbsp;<span style=\"font-size: 11.0pt; mso-bidi-font-size: 12.0pt; line-height: 115%; font-family: 'Arial',sans-serif; mso-fareast-font-family: Aptos; mso-fareast-theme-font: minor-latin; mso-ansi-language: DE-CH; mso-fareast-language: EN-US; mso-bidi-language: AR-SA;\">&ndash; </span>12.00 Uhr</li></ul>", "url": "https://www.bergkaeserei.ch/index.php", "image": "https://alarpimtsoch.sos-ch-dk-2.exoscale-cdn.com/catalog/9/c/9/8/9c98760e49a84eda57b7776c42244ef8a4f5889e_04_Rustico_Nostrano_2.jpg", "openstreetmap_id": "235742814"}, "geometry": {"type": "Point", "coordinates": ["9.4488289", "47.357302"]}}, {"type": "Feature", "properties": {"identifier": "83570fc3-1673-4be6-a86a-6ada54584ec7", "name": "Feuerstelle Eichenbach", "description": "<p>Vorhanden ist:&nbsp;</p><ul><li>Brennholz&nbsp;</li><li>Abfallentsorgung&nbsp;</li><li>Trinkwasser (Brunnen mit Quellwasser)&nbsp;</li><li>andere Wasserquellen (kein Trinkwasser)</li><li>WC (bitte sauber hinterlassen)</li></ul><p>Die Feuerstelle wurde gesponsert von der Raiffeisenbank.&nbsp;</p>", "url": "https://www.wolfhalden.ch/", "image": "https://alarpimtsoch.sos-ch-dk-2.exoscale-cdn.com/catalog/1/f/9/0/1f9003e6459fb82c7d07fc4f27e5fd1bb0ee9219_Eichenbach.jpeg", "openstreetmap_id": "6299464575"}, "geometry": {"type": "Point", "coordinates": ["9.586515426635744", "47.44775315062366"]}}, {"type": "Feature", "properties": {"identifier": "8407b4cb-0526-4697-a0b8-ec9d042626a7", "name": "Feuerstelle Walderlebnisraum", "url": "https://www.gais.ch/portal-gemeinde-tourismus.html", "image": "https://alarpimtsoch.sos-ch-dk-2.exoscale-cdn.com/catalog/3/e/c/3/3ec3ac2b599bc323d97f1dc814baef70f4d50302_12_2020_gais_walderlebnisraum.JPG", "openstreetmap_id": "10786736711"}, "geometry": {"type": "Point", "coordinates": ["9.4974409", "47.3545292"]}}, {"type": "Feature", "properties": {"identifier": "854d103e-742e-4405-9e8b-da777d376a11", "name": "Lillybeizli - Kutschenfahrten", "description": "Als gelernter Hufschmied und Landwirt bietet Ruedi Biser interessante, beruhigende und abwechslungsreiche Ausfahrten mit seine Pferden an. Es stehen verschiedene Kutschen, passend zu jedem Anlass, zur Verf\u00fcgung: \nDer Gesellschaftswagen eignet sich f\u00fcr bis zu 10 Personen f\u00fcr gem\u00fctliche Rundfahrten, Transport zu einem Restaurant oder zum gemeinsamen Grillieren.\nEbenso eignet sich diese Wagen perfekt f\u00fcr Ihren massgeschneiderten Anlass, wie Geburtstage, Junggesell(in)enabschiede, Hochzeiten oder einfach f\u00fcr Ihre Liebsten.\n\nMit der Hochzeitskutsche (Landauer) erleben Sie an Ihrem grossen Tag mit dem sch\u00f6n geschm\u00fcckten Gespann und der feierlichen Kutsche einen besonderen und einzigartigen Tag - so wird Ihre Hochzeit unvergesslich!", "url": "https://www.kutschenfahrten-urnaesch.ch/", "image": "https://alarpimtsoch.sos-ch-dk-2.exoscale-cdn.com/catalog/5/9/5/8/595893b8cf28f2f55ba93e1638a44608a4388fd8_rb8.jpg", "openstreetmap_id": "way/505489242"}, "geometry": {"type": "Point", "coordinates": ["9.273780539738482", "47.28439829704859"]}}, {"type": "Feature", "properties": {"identifier": "85e847ff-0c59-44b1-b040-5c20f44b9bee", "name": "Ferienwohnung Allegra Appenzell", "description": "<p>Die frischrenovierte Ferienwohnung ist bereit, um Sie herzlich willkommen zu heissen.&nbsp; Trogen ist ein herrlicher, historischer Ort, welcher viele M&ouml;glichkeiten bietet: Bodensee in n&auml;chster N&auml;he, Alpsteingebiet in gleicher N&auml;he. Um Trogen gibt es herrliche Wanderungen mit traumhafter Aussicht &uuml;ber den ganzen Alpenraum: Hohe Buche, G&auml;bris.&nbsp; Die Wohnung ist ideal f&uuml;r 2 Personen, sie bietet aber auch Platz f&uuml;r maximal 4 Personen. Im Wohnzimmer stehen zwei Bettsofas f&uuml;r welche es separate Matratzen gibt.&nbsp;Im Wohnzimmer befindet sich ein Fernseher mit integriertem Radio ab Swisscom Box. Ebenso k&ouml;nnen Sie Netflix gratis benutzen. WLAN ist ebenfalls kostenlos vorhanden. In der abgeschlossenen Garage k&ouml;nnen Sie ihr Auto parkieren.&nbsp;Die Gastgeber freuen sich auf Sie.<br>Mindestaufenthalt: 5 N&auml;chte</p><h4>Hier gilt die&nbsp;<a href=\"https://www.appenzell.ch/de/unterkunft/appenzeller-ferienkarte.html\">Appenzeller Ferienkarte</a></h4>", "url": "https://ferien-trogen.ch/", "image": "https://alarpimtsoch.sos-ch-dk-2.exoscale-cdn.com/catalog/8/5/3/7/8537c5bcccc3edd7c00e80cedf11054caa19cb5e_trogen_allegra_aussenansicht1.jpg", "openstreetmap_id": "relation/1683949"}, "geometry": {"type": "Point", "coordinates": ["9.4650334", "47.4080647"]}}, {"type": "Feature", "properties": {"identifier": "865b9f4f-61f2-47f4-bd58-329a8b6e1cfc", "name": "Feuerstelle Ramsenburg", "url": "http://www.herisau.ch/de/", "image": "https://alarpimtsoch.sos-ch-dk-2.exoscale-cdn.com/catalog/3/4/f/c/34fcd3a638bdced2fd37827901c1aea6c3a4537f_Ramsenburg_oben.JPG", "openstreetmap_id": "8798295863"}, "geometry": {"type": "Point", "coordinates": ["9.2521499", "47.3883581"]}}, {"type": "Feature", "properties": {"identifier": "8680c609-fb0c-4cfe-9812-1cd49a4de10e", "name": "Feuerstelle Wasserlehrpfad", "url": "https://verkehrsvereinhundwil.ch/", "image": "https://alarpimtsoch.sos-ch-dk-2.exoscale-cdn.com/catalog/e/a/6/1/ea61211775babfcb65f667688070cc71b45fcebc_04_20_hundwil_wasserlehrpfad_04.JPEG", "openstreetmap_id": "node/10908576874"}, "geometry": {"type": "Point", "coordinates": ["9.318637847900392", "47.34824433019545"]}}, {"type": "Feature", "properties": {"identifier": "86b7df64-ab9f-4384-bc9c-f098b38ace2a", "name": "Feuerstelle Klus", "description": "<p>Vorhanden ist:&nbsp;</p><ul><li>Brennholz</li><li>WC</li><li>Rost</li><li>Ein Tisch mit Sitzb&auml;nken bietet Platz, um sich niederzulassen</li></ul>", "url": "https://www.wolfhalden.ch/", "image": "https://alarpimtsoch.sos-ch-dk-2.exoscale-cdn.com/catalog/4/9/8/9/498984d63cd9e17b513c3b022195678bace50556_20240625_153648.jpg", "openstreetmap_id": "9815039667"}, "geometry": {"type": "Point", "coordinates": ["9.562858343124391", "47.444815314939625"]}}, {"type": "Feature", "properties": {"identifier": "86caaad5-fbd7-484e-bd12-2678edec0504", "name": "Werkzeugstation - Schw\u00e4galp", "description": "Die Werkzeugstation befindet sich oberhalb des Hotel S\u00e4ntis an einem kleineren Geb\u00e4ude.", "image": "https://alarpimtsoch.sos-ch-dk-2.exoscale-cdn.com/catalog/a/e/8/4/ae8434afd3a99064ac789a249dce80113cac6f85_IMG_2276.jpeg", "openstreetmap_id": "11883425518"}, "geometry": {"type": "Point", "coordinates": ["9.320021867752077", "47.25673666710804"]}}, {"type": "Feature", "properties": {"identifier": "885f470a-2e85-4368-98a2-00ecf31d1d42", "name": "F\u00fchrung zum Chindlistein Heiden", "description": "Als Chindlistein (auch Kindlistein oder Tittistein) werden Felsen bezeichnet, mit denen ein Fruchtbarkeitskult verbunden wird. \nDer Chindlistein nahe Heiden \u00fcbt auf die Menschen seit \u00fcber 1000 Jahren eine besondere Ausstrahlung und Anziehung aus. Lernen Sie auf einer gef\u00fchrten Wanderung diesen geheimnisvollen Ort und seine Umgebung auf den Spuren unserer Ahnen kennen.\n\nDauer: 2 bis 3 Stunden\nTeilnehmer: max. 25 Personen\nKosten: CHF 230", "image": "https://alarpimtsoch.sos-ch-dk-2.exoscale-cdn.com/catalog/b/2/2/7/b227e12dc4eb11f72ee7399c59822532741a137b_20170328_182104.jpg", "openstreetmap_id": "8364473311"}, "geometry": {"type": "Point", "coordinates": ["9.53669", "47.44605"]}}, {"type": "Feature", "properties": {"identifier": "8919643e-f0a9-42e7-b721-c53a56a3f591", "name": "Biedermeier - F\u00fchrung durch Heiden", "description": "<p>Begeben Sie sich auf eine Zeitreise zur&uuml;ck in die 40er Jahre des 19. Jahrhunderts. Erleben Sie einen Gang durch Geschichte und Kultur des Biedermeierdorfes Heiden um 1840. Wieso heisst es &uuml;berhaupt Biedermeierdorf? Was hat es auf sich, mit den dreigeschossigen Walmdachh&auml;usern, den Einzelfenstern und den Dreiecksgiebeln? Dies alles erfahren Sie w&auml;hrend eines aussergew&ouml;hnlichen Rundgangs durch unser Dorf, hoch &uuml;ber dem Bodensee, wo Ihre Begleitperson Sie in einem originalen Biedermeier-Kost&uuml;m durch das Dorf f&uuml;hren wird. Dauer: 1 &ndash; 1.5 Stunden Teilnehmer: max. 25 Personen Kosten: CHF 220.00 (mit Kirchturm CHF 270.00)</p>", "image": "https://alarpimtsoch.sos-ch-dk-2.exoscale-cdn.com/catalog/7/9/8/6/79868bae7b99f0c48954a21862024987e4bd7e50_webimage_B52C1B28_A827_49BA_B7C23BF612FE66EB_1_.jpg", "openstreetmap_id": "8364473311"}, "geometry": {"type": "Point", "coordinates": ["9.53669", "47.44605"]}}, {"type": "Feature", "properties": {"identifier": "891f2d78-845a-45ed-a5a6-688a652e4252", "name": "Reparaturs\u00e4ule - Steineggwald", "description": "<p>Multifunktionale Reparaturs&auml;ule</p><p>Die S&auml;ule befindet sich auf dem Veloweg<br>zwischen Teufen und Speicher im Steineggwald, in der N&auml;he des Vita-Parcours und des<br>Waldegg-Trails.</p>", "image": "https://alarpimtsoch.sos-ch-dk-2.exoscale-cdn.com/catalog/9/2/3/1/9231c5ad5fefe6118a3705de6a1a8ecd57bc343a_Repair_Station_Teufen_1024x683.jpg", "openstreetmap_id": "way/1059654777"}, "geometry": {"type": "Point", "coordinates": ["9.423291694565124", "47.402081971001856"]}}, {"type": "Feature", "properties": {"identifier": "8a76d9ab-aff4-4ef2-af67-d9401f655134", "name": "Gasthaus und Metzgerei Ochsen, Schwellbrunn", "description": "Wir sind ein Familienbetrieb mit 15 Mitarbeiterinnen und Mitarbeitern, unter der Leitung von Peter und Annelies Sturzenegger-Frick, in dritter Generation. Seit 80 Jahren betreibt unsere Familie das Metzger-Handwerk mit viel Freude. Unser Gesch\u00e4ft setzt sich zusammen aus drei Fleischfachgesch\u00e4ften - Schwellbrunn, Waldstatt und M\u00f6rschwil - sowie unserem Gasthaus Ochsen in Schwellbrunn.\nUnser Gasthaus mit Restaurant und angrenzendem S\u00e4\u00e4li bietet f\u00fcr ca. 65 Personen Platz. In unserem Restaurant pflegen wir eine neuzeitliche Frischmarktk\u00fcche mit regionalen Qualit\u00e4ts- und Markenprodukten. Dank der hauseigenen Metzgerei kennen wir die Herkunft unserer Fleischprodukte genau. Weit herum sind wir bekannt f\u00fcr unsere Spezialit\u00e4ten. Lassen Sie sich \u00fcberraschen von den kreativen Kochk\u00fcnsten unserer K\u00fcchencrew.", "url": "https://www.sturzenegger-metzgerei.ch/", "image": "https://alarpimtsoch.sos-ch-dk-2.exoscale-cdn.com/catalog/9/0/f/e/90fe6e898d9846b28d945bbf45bae83cfbe47bd4_Ochsen_Schwellbrunn.jpg", "openstreetmap_id": "396353195"}, "geometry": {"type": "Point", "coordinates": ["9.248942999999999", "47.3512031"]}}, {"type": "Feature", "properties": {"identifier": "8a8d2d93-3730-4ec1-aabb-628d0f7f8b4b", "name": "Motors\u00e4ge-Schnitzkurs", "description": "<p>In den Motors\u00e4ge-Schnitzkursen von Beat Inauen lernen Sie gekonnt mit der Motors\u00e4ge und dem Element Holz umzugehen. Der Kurs wird Sie begeistern und faszinieren. \nDie komplette Sicherheits- und S\u00e4geausr\u00fcstung wird zur Verf\u00fcgung gestellt. Nach einem abwechslungsreichen und anstrengenden Tag d\u00fcrfen Sie Ihr eigenes Kunstwerk mit nach Hause nehmen.\n\nDer Tagesablauf l\u00e4sst sich individuell auf Ihre Gruppe/Team abstimmen. Ihre W\u00fcnsche werden gerne pers\u00f6nlich mit Ihnen zusammen besprochen.\n\nTreffpunkt: Dorfplatz Gais oder Neugaden 582 Gais\nKursdauer: 09.00 bis 16.00 Uhr (oder nach Vereinbarung)\n</p><p>Kosten: <br>3 bis 5 Personen, CHF 420.00 pro Teilnehmer\nund Tag<br>6 bis 9 Personen, CHF 400.00 pro Teilnehmer und Tag<br>ab 10 Personen, CHF 380.00 pro Teilnehmer und Tag<br>1 bis 2 Personen, auf Anfrage</p><p><br></p>", "url": "https://www.hoelzigs.ch/", "image": "https://alarpimtsoch.sos-ch-dk-2.exoscale-cdn.com/catalog/7/6/5/3/7653083dd4c57a14f36ce9f4b1a1cb870619789a_Hoelzigs_Schnitzkurs__6131.JPG", "openstreetmap_id": "node/9879685598"}, "geometry": {"type": "Point", "coordinates": ["9.443642235023288", "47.366433007836406"]}}, {"type": "Feature", "properties": {"identifier": "8aa52c3c-7087-4539-91f2-80c01e2a33a3", "name": "Appenzeller Schauk\u00e4serei - Ch\u00e4sh\u00f6rnli selber kochen", "description": "<p>... kochen Sie gemeinsam am K&auml;sekessi Ihre eigenen typisch appez&ouml;llischen Ch&auml;sh&ouml;rnli. Unter Anleitung eines K&auml;sespezialisten werden Sie in das Leibgericht jedes Appenzellers eingef&uuml;hrt. Geniessen Sie diesen herzhaften Schmaus im urchigen H&ouml;ckli.</p><p>Ihr Men&uuml;: <br>Gr&uuml;ner Salat mit Croutons an Haussauce <br>*** <br>Ch&auml;sh&ouml;rnli mit Apfelmus und Zwiebeln <br>*** <br>Schlorzifladen mit Rahm</p><p>In Kombination mit dem Pauschalangebot &laquo;Appenzeller Stolz&raquo; m&ouml;glich<br><br></p>", "url": "http://www.schaukaeserei.ch/", "image": "https://alarpimtsoch.sos-ch-dk-2.exoscale-cdn.com/catalog/7/9/d/e/79de99877ffe34eea61d0cd0f9b20d0709f05ea8_stein_appenzeller_schauk__serei_ch__sh__rnli.jpg", "openstreetmap_id": "1436691275"}, "geometry": {"type": "Point", "coordinates": ["9.344712", "47.373415"]}}, {"type": "Feature", "properties": {"identifier": "8b785014-c6d1-4cd8-b22a-a4a5de164bff", "name": "Hotel Krone Wolfhalden", "description": "<div>Das Restaurant Krone in Wolfhalden ist ein wahrer Geheimtipp f&uuml;r Feinschmecker und Liebhaber der traditionellen Schweizer K&uuml;che. Eingebettet in die malerische Landschaft des Appenzellerlands bietet dieses charmante Lokal nicht nur kulinarische Gen&uuml;sse, sondern auch einen atemberaubenden Blick auf die umliegenden Berge, T&auml;ler und den Bodensee.</div><div>&nbsp;</div><div>Die gem&uuml;tliche Atmosph&auml;re im Restaurant Krone l&auml;dt zum Verweilen und Geniessen ein. Der rustikale Charme der Einrichtung, kombiniert mit der herzlichen Gastfreundschaft des Personals, sorgt daf&uuml;r, dass sich jeder Gast sofort wohlf&uuml;hlt. An warmen Sommertagen bietet die Terrasse einen perfekten Ort, um die frische Luft und die herrliche Aussicht zu geniessen. Im Winter hingegen sorgt ein knisterndes Kaminfeuer f&uuml;r eine behagliche Stimmung im Inneren des Lokals.</div><div>&nbsp;</div><h4>Hier gilt die <a href=\"https://www.appenzell.ch/de/unterkunft/appenzeller-ferienkarte.html\">Appenzeller Ferienkarte</a></h4><div>&nbsp;</div>", "url": "https://hotelkronewolfhalden.ch/", "image": "https://alarpimtsoch.sos-ch-dk-2.exoscale-cdn.com/catalog/d/c/4/0/dc40127bfc57d546af7f4af36612e9882547cc50_Krone_daussen_1.jpg", "openstreetmap_id": "node/1653248150"}, "geometry": {"type": "Point", "coordinates": ["9.5517695", "47.4531565"]}}, {"type": "Feature", "properties": {"identifier": "8bef8307-94ef-4e5a-9567-d2cd521526c9", "name": "Feuerstelle Schulhaus Reute", "url": "http://www.reute.ch/de/", "image": "https://alarpimtsoch.sos-ch-dk-2.exoscale-cdn.com/catalog/3/f/d/f/3fdfdd07df26efed7f21bd9e564bc61abaf6a2b7_Feuerstelle.jpg", "openstreetmap_id": "5262393985"}, "geometry": {"type": "Point", "coordinates": ["9.570488", "47.4194438"]}}, {"type": "Feature", "properties": {"identifier": "8d36c474-3c64-4288-b054-813a3c5fb1b5", "name": "zeitreisen.ch \u2013 Team-Events, E-Bike- & Zeltvermietung", "description": "<p>Das Team der Abenteuer-Zeitreisen TOPAZ GmbH bietet abwechslungsreiche und unterhaltsame Angebote f&uuml;r einen Teamausflug oder ein Gruppenerlebnis, sei es draussen unter freiem Himmel, drinnen oder im Naturzelt, gesch&uuml;tzt vor Wind und Wetter. Egal ob es ein Mitarbeiter- oder Vereinsausflug, Polter- oder Geburtstag, Firmenjubil&auml;um oder ein sonstiger Anlass sein soll &ndash; wir haben f&uuml;r jeden etwas dabei &ndash; und dies auch noch bei jeder Witterung. Denn als Event- und Zelt-Spezialisten liefern wir Ihnen das passende &laquo;Dach &uuml;ber dem Kopf&raquo; f&uuml;r Ihren Event gleich mit. Begeben Sie sich mit Ihrer Gruppe auf eine Zeitreise.</p><p>Event-Ideen:</p><ul><li><a title=\"HTML Code Generator\" href=\"https://shop.zeitreisen.ch/shop/e-mountain-bike-tagesmiete-1554#attr=\" target=\"_blank\" rel=\"noopener\">E-Gravel &amp; E-MTB-Miete (E-Bikes auch f&uuml;r Gruppen bis 20 Personen)</a></li><li><a title=\"HTML Code Generator\" href=\"https://shop.zeitreisen.ch/shop/e-mountain-bike-plausch-431#attr=\" target=\"_blank\" rel=\"noopener\">Gef&uuml;hrter E-Bike Plausch mit Kulinarik</a>&nbsp;</li><li><a title=\"HTML Code Generator\" href=\"https://shop.zeitreisen.ch/shop/category/events-10?search=t%C3%B6ffli&amp;order=name+asc\" target=\"_blank\" rel=\"noopener\">T&ouml;fflitouren im Appenzellerland (T&ouml;fflibuebe &amp; -meitle)</a></li><li><a title=\"HTML Code Generator\" href=\"https://shop.zeitreisen.ch/shop/category/events-10?search=ol%C3%BCmp&amp;order=name+asc\" target=\"_blank\" rel=\"noopener\">Appez&ouml;ller Alpol&uuml;mpiade</a>&nbsp;</li><li><a title=\"HTML Code Generator\" href=\"https://shop.zeitreisen.ch/shop/category/events-10?search=milch&amp;order=name+asc\" target=\"_blank\" rel=\"noopener\">Milchkannen-Fondue</a>&nbsp;</li><li><a title=\"HTML Code Generator\" href=\"https://shop.zeitreisen.ch/shop/santis-berg-game-365#attr=\" target=\"_blank\" rel=\"noopener\">S&auml;ntis Berg Game</a>&nbsp;</li><li><a title=\"HTML Code Generator\" href=\"https://shop.zeitreisen.ch/shop/appenzeller-krimi-347#attr=\" target=\"_blank\" rel=\"noopener\">Appenzeller Krimi</a>&nbsp;</li></ul><p>Wir beraten Sie gerne!</p>", "url": "http://www.zeitreisen.ch/", "image": "https://alarpimtsoch.sos-ch-dk-2.exoscale-cdn.com/catalog/9/2/3/a/923ad859f5c3ca8cba6116a624a05ed122f42d5a_220610_Alpolympiade_4501.jpg", "openstreetmap_id": "268930195"}, "geometry": {"type": "Point", "coordinates": ["9.37339782714844", "47.389640585897"]}}, {"type": "Feature", "properties": {"identifier": "8e58214d-5267-4ad6-9fe2-da2ba0cdc7de", "name": "Alpenhof \u2013 Restaurant, Hotel & Bibliothek", "description": "<p class=\"MsoNormal\">Zum Ap&eacute;ro voraus, ein mehrg&auml;ngiges Men&uuml;, am Wochenende zu Brunch oder Lunch &ndash; im hellen Panoramasaal, draussen auf der Terrasse und mit Sicht auf die Alpen. Zum Schmausen und St&auml;rken &ndash; am liebsten mit Produkten aus der direkten Umgebung, nachhaltig, hausgemacht und in bester Qualit&auml;t getreu der Haltung von Slow Food.</p>\n<p class=\"MsoNormal\">Durch die Kombination von Gastronomie, Unterkunft und Arbeitsraum bietet der Alpenhof einen idealen Ort f&uuml;r Teams und Arbeitsgruppen, f&uuml;r Seminare, Kurse oder Retraiten, f&uuml;r Feste und Feiern. Gerne auf Anfrage auch ausserhalb der regul&auml;ren &Ouml;ffnungszeiten.</p>\n<p class=\"MsoNormal\">Die Bibliothek im Alpenhof &ndash; f&uuml;r Hotelg&auml;ste stets zug&auml;nglich &ndash; umfasst rund 10&rsquo;400 Titel zu Themengebieten wie Wetter, Geologie, Astronomie, Physik, Literatur, Fotografie, Kunst, Kitsch und Popul&auml;rkultur. Neben der Bibliothek finden sich im ganzen Haus eine Vielzahl Magazine und B&uuml;cher &uuml;ber Kulinarik, Kunst, Design, Stadtentwicklung und Architektur.</p>\n<p class=\"MsoNormal\">Pers&ouml;nlich gef&uuml;hrt und gestaltet vom Kollektiv Alpenhof. Dankbar und verbunden in der gemeinsamen Freude an Gastfreundschaft, Kulinarik, Kultur, Handwerk und Nachhaltigkeit.&nbsp;</p>", "url": "https://alpenhof.ai", "image": "https://alarpimtsoch.sos-ch-dk-2.exoscale-cdn.com/catalog/d/f/4/2/df42a0199643043fc8739bf39193495279d3a0df_Alpenhof.png", "openstreetmap_id": "way/196764847"}, "geometry": {"type": "Point", "coordinates": ["9.53592435", "47.41010455"]}}, {"type": "Feature", "properties": {"identifier": "8ec976a7-0d2a-48fa-8d9c-b8b7d480797c", "name": "Appenzeller Edelbrand", "description": "<p>Wir begr&uuml;ssen kleine und grosse Gruppen in unserer Brennerei. Sie k&ouml;nnen bei uns auch direkt neben dem Brennkessel einkaufen und ihren Silvesterklaus Gin nach Hause nehmen. (auf Voranmeldung)</p><p>Wir freuen uns auf Sie!&nbsp;</p><p><strong>Wir sind Appenzeller Edelbrand&nbsp;</strong></p><p>Von der Schnapsidee zur Manufaktur. Was als einfache Schnapsidee unter Freunden begann, hat sich mit der Zeit zu einer echten Leidenschaft und schliesslich zu einer kleinen, feinen Manufaktur entwickelt. Heute stehen wir mit Stolz hinter unserer eigenen Brennerei, idyllisch gelegen am Fusse des S&auml;ntis &ndash; mitten im Appenzellerland, wo Tradition und Handwerk noch einen besonderen Stellenwert haben. In unserer Brennerei in Urn&auml;sch entstehen mittlerweile &uuml;ber 11 einzigartige Produkte &ndash; vom klassischen Edelbrand bis hin zu kreativen Gin Sorten. Jeder einzelne Tropfen wird von uns selbst hergestellt und in sorgf&auml;ltiger Handarbeit abgef&uuml;llt und etikettiert. Besonders am Herzen liegt uns unser kulturelles Erbe: das Silvesterklausen aus Urn&auml;sch. Diese einzigartige Appenzeller Tradition begleitet uns und ist tief mit unserer Identit&auml;t verbunden. Deshalb tr&auml;gt jede unserer Flaschen ein St&uuml;ck dieses lebendigen Brauchtums &ndash; als sichtbares Zeichen unserer Herkunft und als Hommage an unsere Heimat. Unsere Produkte sind mehr als nur Spirituosen &ndash; sie erz&auml;hlen Geschichten. Von mutigen Ideen, langen N&auml;chten in der Brennerei, gelebter Tradition und echter Leidenschaft.&nbsp;</p>", "url": "https://appenzeller-edelbrand.ch/", "image": "https://alarpimtsoch.sos-ch-dk-2.exoscale-cdn.com/catalog/d/6/4/7/d6476ca44b8784b2ea8b5145dd338dbbbecbc87c_Brennerei__1_.jpg"}, "geometry": {"type": "Point", "coordinates": ["9.2782589", "47.310431"]}}, {"type": "Feature", "properties": {"identifier": "8fd09b68-8680-4339-95f4-5d590d78e36c", "name": "HWB Das G\u00fcrteldesign - G\u00fcrtel Workshop", "description": "<p>In Gruppen von maximal 8 Personen f&uuml;hren wir Sie in etwa zwei Stunden von der Lederhaut zum einfachen G&uuml;rtel, der Sie lange begleiten wird. Vorkenntnisse sind keine notwendig, ein wenig handwerkliches Geschick ist von Vorteil. Die Teilnehmenden sollten sich jedoch nicht davor scheuen, die H&auml;nde schmutzig zu machen. Unsere G&uuml;rtel Workshops werden gerne als Team Anlass oder Vereins Event gebucht. Dauer: ca. 2h Teilnehmende: bis 8 Personen Kosten: CHF 500.&ndash; pauschal &amp; Materialkosten zwischen CHF 20 - 60.&ndash; pro G&uuml;rtel</p>", "url": "https://www.hwbguertel.ch/", "image": "https://alarpimtsoch.sos-ch-dk-2.exoscale-cdn.com/catalog/7/b/b/5/7bb569ef87e36e366a07453a87bc8d355c777531_IMG_20240828_WA0007__2.jpg", "openstreetmap_id": "way/156124180"}, "geometry": {"type": "Point", "coordinates": ["9.538793563842775", "47.444069066912796"]}}, {"type": "Feature", "properties": {"identifier": "90006eac-8b3e-47f8-9339-99be13418772", "name": "Werkzeugstation - Bahnhof Walzenhausen", "description": "Die Werkzeugstation befindet sich links neben dem Eingang zum Bahnhofsgeb\u00e4ude Walzenhausen.", "image": "https://alarpimtsoch.sos-ch-dk-2.exoscale-cdn.com/catalog/0/e/0/d/0e0def461b4f42a5c58bf68df7d6e95cf9a7dac3_Werkzeugstation_Walzenhausen_Bahnhof.jpg", "openstreetmap_id": "way/122043480"}, "geometry": {"type": "Point", "coordinates": ["9.6013192", "47.4513697"]}}, {"type": "Feature", "properties": {"identifier": "925829bf-ba9e-41e7-951e-f889df35363f", "name": "Backpacker B\u00e4ren", "description": "<p>Mitten im malerischen Dorf Urn\u00e4sch, direkt am Dorfplatz, erwartet dich der Backpacker B\u00e4ren. Ein echtes Appenzellerhaus mit ganz viel Charme und Herz. Du findest hier verschiedene, liebevoll eingerichtete Zimmer, Einzel- Doppel- und Mehrbettzimmer. In der voll ausgestatteten Gemeinschaftsk\u00fcche wird gekocht, im grossen Wohnzimmer gelacht, gespielt und erz\u00e4hlt. Restaurants, ein Supermarkt, eine B\u00e4ckerei, Metzgerei und eine Gelateria. sind nur wenige Schritte entfernt. Auch der Bahnhof und die Touristeninformation befinden sich ganz in der N\u00e4he. Im Backpacker B\u00e4ren z\u00e4hlt Vertrauen, Selbstst\u00e4ndigkeit und Wertsch\u00e4tzung. Jeder soll sich frei entfalten k\u00f6nnen, egal ob du nur f\u00fcr eine Nacht bleibst oder l\u00e4nger verweilst. Triff Menschen aus aller Welt, teile Geschichten oder geniesse einfach die entspannte und unkomplizierte Atmosph\u00e4re. Komm wie du bist \u2013 und f\u00fchl dich ganz wie zu Hause. </p><p></p><p>Mindestaufenthalt: 1 Nacht</p><p></p>", "url": "https://backpacker-baeren.ch/", "image": "https://alarpimtsoch.sos-ch-dk-2.exoscale-cdn.com/catalog/8/9/a/1/89a13f11193a4e99ed8467f03b7492890667af21_Front.jpg", "openstreetmap_id": "way/834279502"}, "geometry": {"type": "Point", "coordinates": ["9.2821768", "47.3169915"]}}, {"type": "Feature", "properties": {"identifier": "926f800a-c6f5-4810-be5a-5dfc71dfb588", "name": "Feuerstelle Bruggtobel", "description": "<ul><li>Brennholz &amp; Rost vorhanden</li><li>1 Feuerstelle</li><li>1 Tisch mit 10 Sitzpl&auml;tzen&nbsp;</li><li>6 sonstige Sitzpl&auml;tze (Man kann sich auf die Holzb&auml;nke gegen&uuml;ber der Feuerstelle oder an den Tisch direkt daneben setzen)</li></ul>", "image": "https://alarpimtsoch.sos-ch-dk-2.exoscale-cdn.com/catalog/3/4/4/8/3448b76a91ffebcae5b7c0ca87a4d397ef1779ab_20240625_144742.jpg", "openstreetmap_id": "6299444394"}, "geometry": {"type": "Point", "coordinates": ["9.556077718734743", "47.44780413909842"]}}, {"type": "Feature", "properties": {"identifier": "9393e549-6b2b-49b1-8e9e-35c111c6f865", "name": "Minigolf Krombach Herisau", "description": "Die sch\u00f6ne und gepflegte Anlage l\u00e4dt geradezu zum Verweilen ein. Das Spiel f\u00fcr Spass und Plausch kann f\u00fcr passionierte \u00abMinigolfer\u00bb auch wettkampfm\u00e4ssig ausgetragen werden.\nIm Clubh\u00e4uschen steht Ihnen w\u00e4hrend den \u00d6ffnungszeiten ein Kiosk mit diversen Getr\u00e4nken und Snacks zur Verf\u00fcgung. An der sch\u00f6nen Grillstelle, mit Sitzgelegenheiten und Tischen, kann zum Abschluss einer Partie Minigolf mitgebrachtes Grillgut aufgelegt werden. Gen\u00fcgend Brennholz ist gratis vorhanden. \nF\u00fcr Gruppen ab 10 Personen wird die Anlage auch ausserhalb der regul\u00e4ren Zeiten ge\u00f6ffnet. \n\nBei feuchter Witterung bleibt die Anlage geschlossen. Letzte Schl\u00e4gerausgabe bis 1 Stunde vor Schliessung. Bitte parkieren Sie auf dem zentralen geb\u00fchrenpflichtigen Parkplatz.", "url": "https://www.minigolf-herisau.ch/", "image": "https://alarpimtsoch.sos-ch-dk-2.exoscale-cdn.com/catalog/2/3/5/4/23542bb46d7819714994891c502e4334c81e21dc_DSC05049.jpg", "openstreetmap_id": "way/27759049"}, "geometry": {"type": "Point", "coordinates": ["9.260879158973696", "47.386801002283"]}}, {"type": "Feature", "properties": {"identifier": "93b43142-a5c7-4cfc-85d9-03e08ca55ef6", "name": "Sonnenberg Health Hotel", "description": "<p>Health Hotel Sonnenberg &ndash; Erholung mit Aussicht in Schwellbrunn (AR)</p><p>Im Health Hotel Sonnenberg erleben G&auml;ste ganzheitliche Erholung &uuml;ber den D&auml;chern des Appenzellerlands. Die stilvoll eingerichteten Zimmer verf&uuml;gen &uuml;ber private Balkone mit atemberaubendem Blick auf den S&auml;ntis oder hinab ins weite Tal von Schwellbrunn. Die hauseigene K&uuml;che begeistert mit kreativen, veganen und glutenfreien Spezialit&auml;ten, zubereitet aus regionalen und biologischen Zutaten. F&uuml;r Seminare, Workshops, Retreats oder Yoga-Auszeiten stehen zudem ein Seminarraum sowie ein Yogaraum zur Miete bereit &ndash; ideal f&uuml;r inspirierende Veranstaltungen in ruhiger Umgebung. Ein Ort zum Durchatmen, Geniessen und neue Energie tanken &ndash; mitten in der Natur und der wohltuenden Ruhe des Appenzellerlands.</p><p>Zimmerpreise:</p><ul><li>&bull; Einzelzimmer CHF 170.&ndash;</li><li>&bull; Eckzimmer CHF 190.&ndash;</li><li>&bull; Doppelzimmer CHF 250.&ndash;</li><li>&bull; Eckzimmer CHF 270.&ndash;</li></ul>", "url": "https://sonnenberg-schwellbrunn.ch", "image": "https://alarpimtsoch.sos-ch-dk-2.exoscale-cdn.com/catalog/3/b/1/7/3b1729e4290bef946b920a804e61f62f6edd90fe_BioMed_Center_Sonnenberg.jpeg", "openstreetmap_id": "1015261300"}, "geometry": {"type": "Point", "coordinates": ["9.249577", "47.3529307"]}}, {"type": "Feature", "properties": {"identifier": "94756081-b14e-40f0-b019-10b73a43b713", "name": "Kutschenfahrten", "description": "Auf einer Kutschenfahrt kann das Appenzellerland bei gem\u00fctlichem Tempo herrlich erkundet werden. Ein echtes Highlight sind die Fahrten in Urn\u00e4sch oder St. Anton.\n\n\nUrn\u00e4sch:\nWerner Frick, Berg 783, 9107 Urn\u00e4sch\n+41 79 711 59 33\n\nUrn\u00e4sch:\nLillybeizli / Alp Fischegg, Ruedi Biser, Urn\u00e4sch\n+41 79 782 19 46\nbiser.ruedi@gmx.ch\n\nSt.Anton:\nKafi Anton, Werner Schirmer\n+41 71 340 02 14\n+41 78 739 70 10\nv.w.schirmer@gmail.com\n\nEnnetb\u00fchl:\nWeissk\u00fcferei & Drechslerei, Werner & Jolanda Stauffacher\n+41 71 994 10 53\ninfo@weisskueferei-stauffacher.ch\n\n\nDauer: 2-3 Stunden\nTeilnehmer: 5-20 Personen\nKosten: auf Anfrage und je nach Strecke\nOrt: im gesamten Appenzellerland", "image": "https://alarpimtsoch.sos-ch-dk-2.exoscale-cdn.com/catalog/f/5/0/0/f50085e8e6b0e61dcf30082a1e920b43b9370ee7_Computerformat_4_3_urn__sch_kutschenfahrt.jpg", "openstreetmap_id": "1098126342"}, "geometry": {"type": "Point", "coordinates": ["9.2677746", "47.3147311"]}}, {"type": "Feature", "properties": {"identifier": "95509edc-7f0e-438a-ad03-5c63e40916b1", "name": "Ferienwohnung & BnB H\u00e4lmli", "description": "Als Ferienwohnung stehen sowohl 2-, 3- oder 4 Zimmer zur Verf\u00fcgung f\u00fcr bis maximal 6 Personen. Neuerdings gibt es die M\u00f6glichkeit, auch ein G\u00e4stezimmer (Doppelzimmer) inklusive Fr\u00fchst\u00fcck zu buchen.\n\nIdeal f\u00fcr Familien, Senioren oder Gesch\u00e4ftsleute. Am Dorfrand liegend, erreichen Sie \u00fcber die Wendeltreppe hinunter ins Untergeschoss die Ferienwohnung mit separatem Wohnungseingang. Ein ger\u00e4umiges Entr\u00e9 mit Garderobe empf\u00e4ngt Sie. Die moderne, offene K\u00fcche mit Geschirrsp\u00fcler liegt zusammen mit dem Wohnzimmer, von dem aus \u00fcber eine leicht zu \u00f6ffnende Schiebet\u00fcre der grosse Balkon begangen wird. Die Nasszelle besteht aus einer Dusche, WC und Lavabo. Drei Schlafzimmer stehen wahlweise zur Verf\u00fcgung: Ein Elternschlafzimmer mit zwei Matratzen 90cm Breite, ein Schlafzimmer mit einem franz\u00f6sischen Bett, 160cm Breite mit integrierter Nasszelle (WC, Lavabo und Dusche) und einem kleinen Kinderzimmer mit Etagenbett, 2x190 x 80cm Matratzen. Ein Geschoss tiefer liegt die Spiel- Liegewies. Es besteht auch die M\u00f6glichkeit Waschmaschine und Tumbler zu benutzen.\nDer Internetzugang ist kostenlos.\nDas nahegelegene Mineral-Heilbad Unterrechstein ist in 15 - 20 Gehminuten erreichbar.\n\nFerienwohnung \u201eH\u00e4lmli\u201c f\u00fcr max. 4 Erwachsene und 2 Kinder:\nPreis f\u00fcr 2 Erwachsene Fr. 120.-/Nacht; f\u00fcr 3 Erwachsene Fr. 160.-/Nacht; f\u00fcr 4 Erwachsene 190.-/Nacht.\nMinimum 4 N\u00e4chte buchbar, Saisonzeiten min. 5 N\u00e4chte, \njeweils plus Endreinigung Fr. 120.- und Kurtaxe Fr.2.20/P/Nacht, \nKinder auf Anfrage.\n\nB & B Studio f\u00fcr 2 Personen:\nPreis ohne Morgenesse f\u00fcr 2 Personen Fr. 110.-/Nacht, Saison Fr. 120.-.\nMorgenessen Fr. 9.-/Person.\nNur ab 2 N\u00e4chte buchbar.", "url": "https://ferienwohnung-haelmli.jimdo.com/", "image": "https://alarpimtsoch.sos-ch-dk-2.exoscale-cdn.com/catalog/7/b/d/6/7bd6926049a244758067ea35e3ae1b6e65a1b944_f5986b7920387a19d4cda6c7abc477db_767x0.jpg", "openstreetmap_id": "1162822597"}, "geometry": {"type": "Point", "coordinates": ["9.529355800000001", "47.4387917"]}}, {"type": "Feature", "properties": {"identifier": "97a50894-fa11-4646-b19b-9b17c893b56f", "name": "Feuerstelle F\u00fcnfl\u00e4nderblick", "image": "https://alarpimtsoch.sos-ch-dk-2.exoscale-cdn.com/catalog/3/4/9/e/349ec735ffc52af5ad236ae75c2db10ce03edb2a_grub_eggersriet_f__nfl__nderblick.jpg", "openstreetmap_id": "node/6395456733"}, "geometry": {"type": "Point", "coordinates": ["9.514279", "47.4565108"]}}, {"type": "Feature", "properties": {"identifier": "9955cbb5-4d55-4455-a10f-b1e9d611776f", "name": "A.Vogel Heilpflanzenwelt \u2013 Besichtigung", "description": "<p>Nicht nur der Heilpflanzen-Schaugarten ist eine Augenweide, auch das A.Vogel Museum (Neuer&ouml;ffnung am 16. Juni 2024) und die A.Vogel Drogerie sind einen Besuch wert. Kommen Sie mit auf eine spannende F&uuml;hrung in die A.Vogel Heilpflanzenwelt und stellen Sie unter fachkundiger Anleitung Ihr eigenes Produkt zum Mitnehmen her.</p><p>Dauer: ca. 1.5 Stunden <br>Teilnehmer: bis 80 Personen <br>Kosten: bis 10 Personen CHF 140.00 pauschal, <br>&nbsp; &nbsp; &nbsp; &nbsp; &nbsp; &nbsp; &nbsp; &nbsp; ab 10 Personen CHF 14.00 pro Person, ink. Geschenk</p>", "url": "https://www.avogel.ch", "image": "https://alarpimtsoch.sos-ch-dk-2.exoscale-cdn.com/catalog/f/5/8/4/f5842208deb20cadabdf1a2e38164de6fa82e119__P0B0801__3.jpg", "openstreetmap_id": "317444208"}, "geometry": {"type": "Point", "coordinates": ["9.389339000000064", "47.395765"]}}, {"type": "Feature", "properties": {"identifier": "9a0dec1a-5f73-4e81-ad74-ca495ee40e38", "name": "Backe, backe Biber", "description": "<p>Nach einer Einf&uuml;hrung in die Tradition des Biberbackens krempeln Sie die &Auml;rmel hoch und backen Ihren eigenen kleinen Appenzeller Biber. Sobald die herrlich duftende Spezialit&auml;t goldbraun gebacken ist, d&uuml;rfen Sie diese mit nach Hause nehmen und geniessen.</p><p>Dauer: 1 bis 1 &frac12; Stunden<br>Teilnehmer: ab 10 Personen<br>Kosten: ab CHF 30.00</p><p>Orte:</p><p>Gais <br>Biber B&auml;ckerei zur Dorfm&uuml;hle <br>Stossstrasse 5, 9056 Gais <br>+41 71 793 14 44 <br>shop@mybiber.ch <br>www.mybiber.ch</p><p>Heiden <br>Caf&eacute; - Biberbeck Rohner <br>Werdstrasse 24, 9410 Heiden <br>+41 71 891 17 78 <br>info@biberbeck.ch <br>www.biberbeck.ch</p><p>Hundwil <br>B&auml;ckerei-Konditorei M&uuml;hle <br>M&uuml;hle 133, 9064 Hundwil&nbsp;<br>+41 71 367 12 46 <br>info@muehle-hundwil.ch <br>www.muehle-hundwil.ch</p><p>Teufen <br>Zitr&auml;dli-Erlebnis Waldegg <br>Waldeggstrasse 977, 9053 Teufen<br>+41 71 333 12 30 <br>www.waldegg.ch</p><p>Waldstatt <br>B&auml;ckerei-Konditorei Gerig <br>&nbsp;Dorfstrasse 26, 9104 Waldstatt <br>+41 71 351 21 26 <br>info@baeckerei-gerig.ch <br>www.baeckerei-gerig.ch</p>", "image": "https://alarpimtsoch.sos-ch-dk-2.exoscale-cdn.com/catalog/7/7/d/b/77db09fbb3dd63c52e018ac03ab069042d604033_biber.png", "openstreetmap_id": "4288392400"}, "geometry": {"type": "Point", "coordinates": ["9.53091", "47.44349"]}}, {"type": "Feature", "properties": {"identifier": "9a338e29-9ff6-44a0-a46d-1348ebbf505d", "name": "FoodTrail \"Appenzellerland per E-Bike\"", "description": "<p>Erleben Sie das Appenzellerland auf zwei R&auml;dern: urspr&uuml;ngliche Natur, regionale K&ouml;stlichkeiten und herzliche Gastfreundschaft erwarten Sie auf dieser genussvollen E-Bike-Schnitzeljagd. Zwischen steilen Anstiegen und traumhaften Ausblicken entdecken Sie echte Appenzeller Tradition &ndash; &laquo;S&ouml;nd Willkomm&raquo;!</p><ul><li>5 Genuss-Stationen mit Essen oder Trinken</li><li>Gemeinsamer R&auml;tselspass. Am Startpunkt erh&auml;ltst du das erste R&auml;tsel</li><li>Appenzeller Mittelland und interessante Orte erleben</li><li>Spannendes &uuml;ber Region und Geschichte erfahren</li></ul><p>Dauer: ca. 6-7 Stunden, reine Fahrzeit: 2.5 Stunden. Sie sind frei in der zeitlichen Gestaltung. Wegstrecke: ca. 29km, H&ouml;henmeter auf / ab: 880m / 880m</p><p>Kosten: CHF 69.00 pro Erwachsene / E-Bike Miete f&uuml;r den ganzen Tag CHF 70.00</p><p>Saison: 1. Mai bis 31. Oktober</p><p>Startpunkt: <a href=\"https://maps.app.goo.gl/A3mfEcXf126Dn72e7\">Hotel zur Linde, B&uuml;hlerstr. 87, 9053 Teufen</a><br>Hast du bei&nbsp;<a href=\"https://zeitreisen.ch/ebike-mieten\" target=\"_blank\" rel=\"noopener\">TOPAZ</a>&nbsp;ein E-Bike gemietet? Dann hole dein E-Bike 30 Min. vor dem Start dort ab:&nbsp;<a href=\"https://maps.app.goo.gl/E9d6J133LikqQ4XQ9\" target=\"_blank\" rel=\"noopener\">TOPAZ, Hauptstrasse 59, 9053 Teufen</a>. Du bist dann in 10 Min. Fahrzeit beim Startpunkt Hotel zur Linde.</p><p>Weitere Informationen finden Sie unter: <a href=\"https://www.foodtrail.ch/appenzellerland-per-e-bike\" target=\"_blank\" rel=\"noopener noreferrer\">foodtrail.ch</a></p><p>M&ouml;chten Sie das Appenzellerland lieber zu Fuss erkunden? Hier geht's zum <a href=\"https://appenzellerland.ch/de/erleben/erlebniskarte/detail/foodtrail-appenzellerland-zu-fuss-3a15b067-e781-4415-af3e-ea0e6db142a6.html\" target=\"_blank\" rel=\"noopener noreferrer\">Foodtrail zu Fuss</a></p>", "url": "https://www.foodtrail.ch/appenzellerland-per-e-bike", "image": "https://alarpimtsoch.sos-ch-dk-2.exoscale-cdn.com/catalog/1/c/9/b/1c9b1ffc136896f1d7a1123703d58fcdbf7dc318_FoodTrail__Titelbild_.jpg"}, "geometry": {"type": "Point", "coordinates": ["9.3927675", "47.3867698"]}}, {"type": "Feature", "properties": {"identifier": "9b806ef0-f838-4e17-a6d3-19ee116ca605", "name": "Restaurant Mineralbad", "description": "1463 wurde die Heilquelle Unterrechstein erstmals urkundlich erw\u00e4hnt. Seit \u00fcber 300 Jahren wird das heilsame, mineralhaltige Wasser zum Baden genutzt, anf\u00e4nglich in einfacher Behausung, sp\u00e4ter im Gasthaus Mineralbad, zuerst in Holzzubern und dann in Blechbadewannen. \nMit dem Bau des Appenzeller Heilbads in den 1980er-Jahren verlor das Restaurant Mineralbad seine Rolle als \u00abB\u00e4dli\u00bb. Aber es blieb das gem\u00fctliche, geschichtstr\u00e4chtige Gasthaus. Seit es leicht umgebaut wurde und Albert K\u00fcng nebst dem Heilbad-Bistro auch die Leitung des Restaurants Mineralbad \u00fcbernommen hat, erlebt es einen neuen Aufschwung. Eine kleine, aber feine Speise- und Weinkarte mit saisonaler und regionaler K\u00fcche l\u00e4dt zum Verweilen ein. \nDas Restaurant bietet bis zu 40 Personen grossz\u00fcgig Platz. Im traditionellen Mineralbad-St\u00fcbli k\u00f6nnen bis zu 12 Personen bedient werden. \nAuf Anfrage k\u00f6nnen Veranstaltungen auch ausserhalb der offiziellen \u00d6ffnungszeiten gebucht werden.", "url": "https://www.restaurant-mineralbad.ch/", "image": "https://alarpimtsoch.sos-ch-dk-2.exoscale-cdn.com/catalog/9/1/a/0/91a0dc1a19eb17e794fb356c7ba03d6c8651cff9_Restaurant_Mineralbad_altes_Bild.png", "openstreetmap_id": "node/984723897"}, "geometry": {"type": "Point", "coordinates": ["9.515908956527712", "47.430144592248"]}}, {"type": "Feature", "properties": {"identifier": "9bbdfad5-1e4e-456e-8b90-575f42b9866b", "name": "Druckwerkstatt Speicher", "description": "<p>In einem sehr sch&ouml;nen Atelier wird die Geschichte des Steindrucks und der Radierung lebendig. Erfahren Sie wie fr&uuml;her gedruckt worden ist und wie diese Techniken heute von K&uuml;nstlerinnen und K&uuml;nstlern eingesetzt werden. Bei einem Werkstattbesuch lernen Sie das alte Handwerk des Steindrucks kennen. Wie hatte man vor der Zeit des Digital-und Offsetdrucks kleine und grosse Bilder gedruckt? Und Sie sehen, wie auch heute noch der Steindruck in der Kunst eingesetzt wird. Dauer: 1 bis 2 Stunden Teilnehmer: 5 bis 20 Personen Kosten: CHF 150.00 &ndash; CHF 250.00 pro F&uuml;hrung<br><br></p>", "url": "http://www.dwsp.ch/", "image": "https://alarpimtsoch.sos-ch-dk-2.exoscale-cdn.com/catalog/f/8/1/f/f81fa8b1f3a9d9a8a4c9d2e207655d70f3b2ad8d_Werkstatt.jpg", "openstreetmap_id": "196954628"}, "geometry": {"type": "Point", "coordinates": ["9.43718", "47.40658"]}}, {"type": "Feature", "properties": {"identifier": "9c0ad259-a595-4d5d-a8d1-d334d367946a", "name": "Ferienhaus Lachenweg", "description": "<p>Das gem&uuml;tliche Ferienhaus liegt im Gr&uuml;nen und bietet Ruhe und Erholung. Das Appenzeller Heilbad befindet sich ganz in der N&auml;he.&nbsp;Grub, Heiden und Rehetobel sind in ca. 10 Autominuten erreichbar. Das Haus bietet Platz f&uuml;r 1-5 Personen (127m2)</p><ul><li>EG: Wohnzimmer mit TV, K&uuml;che, 1 Schlafzimmer mit Doppelbett, Dusche, WC</li><li>OG: 1 Schlafzimmer mit Doppelbett und 2 Einzelbetten, 1 Einzelzimmer</li><li>UG: Waschraum mit Gefrierschrank und Waschmaschine</li></ul><p>Umgebung: Gartensitzplatz mit Grill, Tisch und Liegest&uuml;hlen&nbsp;<br>Zufahrt mit Auto und 2 Parkpl&auml;tze vorhanden</p><p>Termine: Wochenweise Sa-Sa w&auml;hrend Schulferien, andere auf Anfrage. Mind. 5 Tage, Anreise w&auml;hlbar.</p><p>Preise:</p><ul><li>Pro Woche f&uuml;r 2 Personen ab Fr. 770.- (exkl. Reinigung und Kurtaxe)</li><li>Jugendliche ab 16 Jahren und Erwachsene Fr. 15.- / Nacht</li><li>Kinder bis 16 Jahren Fr. 5.- / Nacht</li><li>Endreinigung Fr. 80.-</li><li>Kurtaxe Fr. 2.50 pro Person und Tag</li></ul><p>Ausstattung: K&uuml;che: 1 Esstisch, Glaskeramik, K&uuml;hlschrank, Geschirrsp&uuml;ler, Nespresso Kaffeemaschine</p><p>Diverses: Nebenkosten, Bettw&auml;sche, Badt&uuml;cher, K&uuml;chent&uuml;cher und TV/ WLAN sind inbegriffen.<br>Nichtraucherhaus. Haustiere sind nicht erlaubt</p><ul><li class=\"MsoNormal\">Hinweis f&uuml;r SBB Zielort: Der Zielort muss auf \"Rehetobel Lachenweg 266\" ge&auml;ndert werden.</li><li class=\"MsoNormal\">Haltestelle Kaien: Der Fussweg ist k&uuml;rzer und weniger H&ouml;henmeter.&nbsp;</li></ul><p>Es gilt die&nbsp;<a href=\"https://www.appenzell.ch/de/unterkunft/appenzeller-ferienkarte.html\" target=\"_blank\" rel=\"noopener\">Appenzeller Ferienkarte</a></p>", "image": "https://alarpimtsoch.sos-ch-dk-2.exoscale-cdn.com/catalog/4/a/2/b/4a2bcab94bad7a3d6f134ae8a348386154a876e3_Titelbild_Hausfront_3975.JPG", "openstreetmap_id": "way/362561026"}, "geometry": {"type": "Point", "coordinates": ["9.5151257", "47.4355183"]}}, {"type": "Feature", "properties": {"identifier": "9c30ec60-e227-4219-bce7-66ca6d7eb065", "name": "Ferienhaus Rossfall", "description": "<p>Mitten in der Natur, am Fusse des Alpsteins, oberhalb von Urn\u00e4sch, liegt unser historisches Ferienhaus. Trotz der ruhigen Lage ist es \u00fcber die 200m entfernte Passstrasse zur Schw\u00e4galp gut erreichbar. Die vielseitigen M\u00f6glichkeiten und das breite Angebot an attraktiven Ausflugszielen in n\u00e4chster Umgebung machen das Ferienhaus Rossfall zur aussergew\u00f6hnlichen Location f\u00fcr Ihren Event. Die sch\u00f6ne und gem\u00fctliche Unterkunft kann 57 Personen in 11 verschiedenen Zimmern beherbergen. Das Ferienhaus kann als Halbpension oder Vollpension gebucht werden. Die K\u00fcche wird ausschliesslich von unserer H\u00fcttenwartin genutzt. </p><p></p>", "url": "http://www.ferienhaus-rossfall.ch/", "image": "https://alarpimtsoch.sos-ch-dk-2.exoscale-cdn.com/catalog/f/a/a/a/faaad843029babe9cec79b200b5bd61290e5daa9_Ferienhaus_Rossfall1.jpg", "openstreetmap_id": "215228158"}, "geometry": {"type": "Point", "coordinates": ["9.276449900000001", "47.281083200000005"]}}, {"type": "Feature", "properties": {"identifier": "9e56525d-097c-45be-8254-7d7aeaa4dff4", "name": "flueli holiday home, Urn\u00e4sch", "description": "<p>Lust, einmal dem Stadt-Alltag zu entgehen, oder das Gewohnte hinter sich zu lassen? Oder das Homeoffice mit traumhafter Sicht auf die Berge und sanftem Bachrauschen im Hintergrund, zu verlegen? Freude am Wandern, Golfen, Biken oder Langlaufen? <br><br>Ein freundliches Appenzeller Haus im traditionsreichen und attraktiven Urn&auml;scher Dorfkern freut sich auf Ihren Besuch. <br>Das Haus an S&uuml;dhanglage ist freistehend, 2-st&ouml;ckig, ca. 100 Jahre alt und wurde 2021/22 leicht renoviert mit durchgehend neuen Bio Vinyl B&ouml;den, Parkett im Wohnzimmer und mehrheitlich neuen Fenstern und hell gestalteten Zimmern. Im Wohn- und Schlafbereich im 1.OG ist die Zimmerh&ouml;he 2m, im Schlafbereich 2.OG 1.90 m.<br>Zwei freistehende Parkpl&auml;tze stehen zur alleinigen Ben&uuml;tzung zur Verf&uuml;gung.&nbsp;<br><br>Neben den vier Zimmern hat es eine K&uuml;che mit folgenden Ger&auml;ten:</p><ul><li>Drei Herdplatten und Backofen</li><li>Nespresso Kaffeemaschine,&nbsp;Wasserkocher</li><li>Haushaltmaschine</li><li>Toaster</li><li>Raclette Ofen, K&auml;se- und Chinoise Ger&auml;te</li><li>K&uuml;hlschrank, Geschirrsp&uuml;ler und &uuml;bliche K&uuml;chenutensilien</li></ul><p>Das Bad beinhaltet Badewanne, separate Dusche, Lavabo, Handtuchw&auml;rmer, F&ouml;n und Frott&eacute;ew&auml;sche. Das WC ist separat. Das Haus kann mit einem &ouml;lbefeuerten Kachelofen und individuellen Elektro-Heizk&ouml;rpern beheizt werden.</p><p>Mindestaufenthalt: 4 N&auml;chte</p><h4>Hier gilt die&nbsp;<a href=\"https://www.appenzell.ch/de/unterkunft/appenzeller-ferienkarte.html\">Appenzeller Ferienkarte</a></h4>", "url": "https://www.flueli-urnaesch.ch", "image": "https://alarpimtsoch.sos-ch-dk-2.exoscale-cdn.com/catalog/e/2/8/f/e28f8ccb766c62ce7fb30b1f14f74c7f570bdedf_Hausansicht_von_west_20260523_neu__2.jpg", "openstreetmap_id": "way/38692247"}, "geometry": {"type": "Point", "coordinates": ["9.281473175345198", "47.317683117492"]}}, {"type": "Feature", "properties": {"identifier": "a0009abd-7e54-40a4-a8e6-6361e2e7c66c", "name": "Sch\u00e4fli Waldstatt", "description": "<p>Im Gasthaus Sch&auml;fli befinden sich vier neue, komfortabel eingerichtete G&auml;stezimmer. Die vier hellen und freundliche Doppelzimmer werden mit oder ohne Fr&uuml;hst&uuml;ck angeboten. Nach Absprache ist auch Halbpension m&ouml;glich. Alle Zimmer mit Dusche/WC, Radio/TV, WLAN, Schreibtisch und Schallschutzfenster. Auf Wunsch mit zwei Einzelbetten. Zwei Zimmer mit herrlicher Sicht auf das Alpsteinmassiv, zwei Zimmer auf der Nordseite an ruhiger Lage. Die Zimmer sind geeignet f&uuml;r Business, Monteure, Wanderferien oder Genuss-Tage. Parkm&ouml;glichkeiten sind in n&auml;chster N&auml;he gew&auml;hrleistet. Selbst&auml;ndiger Zimmerbezug mit Code und Zugangskarte. Separater Aufenthaltsraum mit voll ausgestatteter K&uuml;che und Kaffeemaschine zur kostenlosen Ben&uuml;tzung.</p><p>Im Restaurant Sch&auml;fli stehen kulinarische K&ouml;stlichkeiten und saisonale Spezialit&auml;ten auf der Speisekarte. Im Sommer l&auml;dt die Gartenterrasse zum Verweilen und Geniessen ein.&nbsp;</p><p>Es gilt die&nbsp;<a href=\"https://www.appenzell.ch/de/unterkunft/appenzeller-ferienkarte.html\" target=\"_blank\" rel=\"noopener\">Appenzeller Ferienkarte</a></p>", "url": "http://www.schaefli-waldstatt.ch/", "image": "https://alarpimtsoch.sos-ch-dk-2.exoscale-cdn.com/catalog/9/0/4/9/9049447cec45751aa913d44dc82b5937069c2c83_schaefli_waldstatt.jpg", "openstreetmap_id": "920001455"}, "geometry": {"type": "Point", "coordinates": ["9.284918800000002", "47.3569021"]}}, {"type": "Feature", "properties": {"identifier": "a1e34583-fdd5-41e9-af4f-ee6f9aee931b", "name": "Ferienwohnung Traube", "description": "<p class=\"MsoNormal\">Mitten im Dorf von Urn&auml;sch ist die Ferienwohnung Traube mit Blick auf den Dorfplatz und ins Gr&uuml;ne hinter dem Haus.</p><p class=\"MsoNormal\">Die einfach eingerichtete Ferienwohnung verf&uuml;gt &uuml;ber eine K&uuml;che, Esszimmer, Badezimmer, ein Doppelzimmer (mit Kinderbett) und ein Bettsofa in der Stube.</p><p class=\"MsoNormal\">Bei Bedarf k&ouml;nnen weitere Zimmer dazu gemietet werden.</p><p class=\"MsoNormal\">Falls der Wunsch mit Fr&uuml;hst&uuml;ck besteht wir dieses nach Absprache zubereitet.</p><p class=\"MsoNormal\">Die zentrale Lage, ist ideal f&uuml;r Ausfl&uuml;ge zu Fuss, mit dem Zug oder Postauto.</p><p class=\"MsoNormal\">Der S&auml;ntis und der Kronberg sind innert weniger als einer Stunde mit dem &ouml;ffentlichen Verkehr <span style=\"mso-spacerun: yes;\">&nbsp;</span>erreichbar.</p><p class=\"MsoNormal\">Das lebende Brauchtum kann vor der T&uuml;re erlebt werden. Sei es der alte (13. Januar) oder neue (31. Dezember) Silvester, die Alpaufz&uuml;ge und Alpabz&uuml;ge und noch vieles mehr.</p><h4>Hier gilt die&nbsp;<a href=\"https://www.appenzell.ch/de/unterkunft/appenzeller-ferienkarte.html\">Appenzeller Ferienkarte</a></h4>", "url": "https://www.ferienwohnung-traube.ch/", "image": "https://alarpimtsoch.sos-ch-dk-2.exoscale-cdn.com/catalog/f/3/5/a/f35a0197bd7733175bfc8827eddd56960382fc82_Dorf_Haus.jpg", "openstreetmap_id": "way/294482752"}, "geometry": {"type": "Point", "coordinates": ["9.2825391", "47.3166146"]}}, {"type": "Feature", "properties": {"identifier": "a25068c8-6fde-4423-9672-fda8d59ca0ef", "name": "BnB Sonder Urn\u00e4sch", "description": "<p class=\"MsoNormal\">Erleben Sie herzliche Gastfreundschaft in unserem liebevoll renovierten Bed &amp; Breakfast. Es erwarten Sie vier bis sechs gem&uuml;tliche &Uuml;bernachtungspl&auml;tze, die Ihnen einen unvergesslichen Aufenthalt inmitten der Natur bieten.</p><p class=\"MsoNormal\">Geniessen Sie ein traditionelles Appenzeller Fr&uuml;hst&uuml;ck, w&auml;hrend Sie den Blick auf die sanften H&uuml;gel werfen. Die Schafe, in unmittelbarer N&auml;he, mit ihrer fr&ouml;hlichen Art, laden zu entspannten Spazierg&auml;ngen ein und bieten die M&ouml;glichkeit, in die Ruhe der Umgebung einzutauchen.</p><p class=\"MsoNormal\">Das Appenzellerland vereint Freizeit und Kultur auf harmonische Weise. Hier k&ouml;nnen Besucher traditionelle Br&auml;uche wie das Silvesterchlausen, Alpfahrten, aber auch Ausfl&uuml;ge in den Alpstein oder auf umliegende H&uuml;gel oder regionale Spezialit&auml;ten geniessen. Verschiedene H&ouml;hepunkte sind mit einer Luftseilbahn erschlossen.<br>Wir freuen uns darauf, Sie bei uns willkommen zu heissen und Ihnen die Sch&ouml;nheit und Gastfreundschaft des Appenzellerlandes n&auml;herzubringen.</p><h4>Hier gilt die <a href=\"https://www.appenzell.ch/de/unterkunft/appenzeller-ferienkarte.html\">Appenzeller Ferienkarte</a></h4>", "url": "https://www.bnb-sonder.ch/", "image": "https://alarpimtsoch.sos-ch-dk-2.exoscale-cdn.com/catalog/8/8/3/f/883f64bf3e2ffce7e68cdef0c87f8beb446a9f10_DJI_0638.jpg", "openstreetmap_id": "way/319262258"}, "geometry": {"type": "Point", "coordinates": ["9.2888716", "47.3357509"]}}, {"type": "Feature", "properties": {"identifier": "a46c2024-d00b-44bf-858c-26802f9f3c6f", "name": "Stellplatz \u00abKirche\u00bb", "description": "Der Kiesparkplatz bietet Platz f\u00fcr zwei Camper mit Parkverhalten. In kurzer Gehdistanz entdecken Sie einige Einkaufsm\u00f6glichkeiten und Restaurants sowie den Bahnhof, Postautohaltestellen, Schwimmbad, Kino, Spielplatz und eine Abfalltrennstation. \u00dcbernachten in Fahrzeugen ist nur mit eigenem WC erlaubt.\n\nDer Stellplatz befindet sich auf dem Kiesplatz der Kirche. Es wird gebeten, auf Kircheng\u00e4ste R\u00fccksicht zu nehmen.\n\nMaximale Aufenthaltsdauer: 3 N\u00e4chte\n\u00d6ffentliche Toiletten: Post/Friedhof ge\u00f6ffnet von 06.00 \u2013 22.00 Uhr\nPreis: CHF 12.20 pro Nacht inkl. 1 Person, Bezahlung via Parkn Sleep (QR-Code vor Ort scannen oder Internetseite besuchen)\u00a0", "url": "https://www.kurvereinheiden.ch/stellpl%C3%A4tze-f%C3%BCr-camper", "image": "https://alarpimtsoch.sos-ch-dk-2.exoscale-cdn.com/catalog/3/8/f/e/38fe1e5e5ab71135de422deb82357f3a27819ab8_Kirche1.jpeg", "openstreetmap_id": "way/199215491"}, "geometry": {"type": "Point", "coordinates": ["9.534995751998174", "47.4450565"]}}, {"type": "Feature", "properties": {"identifier": "a537d44b-5b10-447c-8b6a-cec31532e9cd", "name": "Hotel zur Krone Gais", "description": "<p>Mitten auf dem historischen Dorfplatz pr&auml;sentiert sich das Hotel als idealer Ausgangspunkt f&uuml;r Wanderungen. 25 Doppelzimmer sind mit Dusche oder Bad ausger&uuml;stet. Wir verf&uuml;gen &uuml;ber ein kostenloses W-Lan. Im Weiteren bietet es drei S&auml;le mit Kapazit&auml;t bis zu 200 Personen an und ein wundersch&ouml;nes, heimeliges Restaurant, wo Appenzellerspezialit&auml;ten sowie andere &agrave; la carte Gerichte serviert werden. Die R&auml;umlichkeiten eignen sich f&uuml;r Seminare und andere Veranstaltungen.</p><h4>Hier gilt die&nbsp;<a href=\"https://www.appenzell.ch/de/unterkunft/appenzeller-ferienkarte.html\">Appenzeller Ferienkarte</a></h4>", "url": "http://www.krone-gais.ch/", "image": "https://alarpimtsoch.sos-ch-dk-2.exoscale-cdn.com/catalog/a/7/e/d/a7edd32691c3b600a79f317344f2782ee2555ae9_DSC01457.JPG", "openstreetmap_id": "way/319847517"}, "geometry": {"type": "Point", "coordinates": ["9.453498085041957", "47.36252725"]}}, {"type": "Feature", "properties": {"identifier": "a7419508-b100-428a-b308-5a3127d0e4e2", "name": "Wirtschaft R\u00fctegg", "description": "<p>Die Wirtschaft R&uuml;tegg liegt an einem stillen Ort abseits der grossen Strassen. Eine kleine Gartenbeiz l&auml;dt zum Verweilen und Geniessen ein, mit Sicht auf den Bodensee und die ganze Vorarlberger Alpenkette. Die &laquo;R&uuml;tegg&raquo; - ein Beizli f&uuml;r Menschen, die Ruhe, Gem&uuml;tlichkeit und Kultur sch&auml;tzen.</p>", "url": "http://www.ruetegg.ch/", "image": "https://alarpimtsoch.sos-ch-dk-2.exoscale-cdn.com/catalog/1/0/3/e/103ec9113f85afb6f4e61f241ce59318dcd4edb3_Restaurant_R__tegg.jpg", "openstreetmap_id": "199667124"}, "geometry": {"type": "Point", "coordinates": ["9.5270095", "47.422786"]}}, {"type": "Feature", "properties": {"identifier": "a7d1e888-3bf4-49d6-b22b-e5a3249f1e2a", "name": "Feuerstelle R\u00e4msen", "image": "https://alarpimtsoch.sos-ch-dk-2.exoscale-cdn.com/catalog/e/5/5/9/e559ea83f26ce3f0e986df6a4b23abd178ac2268_10_2020_b__hler_r__msen__8_.JPEG", "openstreetmap_id": "node/39776061"}, "geometry": {"type": "Point", "coordinates": ["9.440909028053285", "47.387098612281285"]}}, {"type": "Feature", "properties": {"identifier": "a874d857-f224-4433-af74-632ed22c4224", "name": "B&B Strickerhof", "description": "Der Bauernhof mit Blick auf den S\u00e4ntis liegt am Fusse der Hundwiler H\u00f6hi. Sie erleben verschiedene Tiere wie K\u00fche, K\u00e4lber, Schafe, H\u00fchner und Katzen. Das neuwertige, wundersch\u00f6ne Zimmer mit 2 Schlafpl\u00e4tzen und einem Extrabett verf\u00fcgt \u00fcber ein integriertes Badezimmer. Geniessen Sie auch das Fr\u00fchst\u00fcck mit vielen selbstgemachten oder regionalen Produkten. \n\nMindestaufenthalt: 1 Nacht", "url": "https://bnb.ch/strickerhof-2897/?gad_source=1&gad_campaignid=1680466712&gclid=EAIaIQobChMI__2nssSalgMVdqODBx3ksBXpEAAYASAAEgKoF_D_BwE", "image": "https://alarpimtsoch.sos-ch-dk-2.exoscale-cdn.com/catalog/b/2/7/f/b27f3e77529facaee1332b9e6c6dd337d5bbc920_strickerhof.jpg", "openstreetmap_id": "316806599"}, "geometry": {"type": "Point", "coordinates": ["9.30668", "47.335421000000004"]}}, {"type": "Feature", "properties": {"identifier": "a9767e7f-ca2c-48bf-89c0-3d502fc09e08", "name": "Feuerstelle Risi", "description": "<p>Am Waldrand liegt die Feuerstelle Risi mit sch&ouml;ner Aussicht in Richtung Bodensee.<br><br></p>", "url": "http://www.heiden.ch/de/", "image": "https://alarpimtsoch.sos-ch-dk-2.exoscale-cdn.com/catalog/3/f/d/f/3fdfdd07df26efed7f21bd9e564bc61abaf6a2b7_Feuerstelle.jpg", "openstreetmap_id": "12092011164"}, "geometry": {"type": "Point", "coordinates": ["9.528879", "47.42636"]}}, {"type": "Feature", "properties": {"identifier": "a98e26e4-1a26-4588-a251-aa19fbe9c3d9", "name": "S\u00e4ntis - F\u00fchrungen Schw\u00e4galp und S\u00e4ntisgipfel", "description": "Schauen Sie dem K\u00e4ser auf der Schw\u00e4galp bei der Arbeit zu, erfahren Sie Interessanten \u00fcber den NaturErlebnispark oder tauchen Sie in die Erlebniswelt auf dem Gipfel ein. \nEntdecken sie unsere vielf\u00e4ltigen F\u00fchrung:\n- \u00d6ffentliche \u00abS\u00e4ntisgipfel\u00bb-F\u00fchrung (montags)\n- F\u00fchrung \u00abS\u00e4ntisgipfel\u00bb\n- F\u00fchrung \u00abS\u00e4ntis - der Wetterberg\u00bb\n- Hotelf\u00fchrung \u00abS\u00e4ntis - das Hotel\u00bb\n- F\u00fchrung \u00abBahnanlage der Talstation\u00bb\n- F\u00fchrung \u00abAlpschauk\u00e4serei Schw\u00e4galp\u00bb\n- F\u00fchrung \u00abNaturErlebnispark entdecken\u00bb\n- F\u00fchrung \u00abNaturErlebnispark vertiefen\u00bb\n\nDauer: ca. 1-2 Stunden\nTeilnehmer: Ab 8 Personen\nKosten: pro Gruppe CHF 190.00 / kombiniert mit einer Gastronomieleistung in einem der Gasth\u00e4user kostet die F\u00fchrung pro Gruppe CHF 130.00. Die F\u00fchrung \u00abNaturErlebnispark vertiefen\u00bb kostet CHF 250.00 pro Gruppe", "url": "https://saentisbahn.ch/erlebnis/seminare-gruppen/gruppen-und-rahmenprogramme/", "image": "https://alarpimtsoch.sos-ch-dk-2.exoscale-cdn.com/catalog/0/8/e/b/08eb9d7af268391f13437b90b61a9295c76d529f_Computerformat_4_3_schwellbrunn_sitz_s__ntis.jpg", "openstreetmap_id": "node/53719284"}, "geometry": {"type": "Point", "coordinates": ["9.3192548", "47.256134"]}}, {"type": "Feature", "properties": {"identifier": "aa5aea44-df70-4d93-96ca-ffe2f100c68f", "name": "Berggasthaus Fuchsacker", "description": "<p>Im Gasthaus Fuchsacker l&auml;sst sich gut sein: sei es f&uuml;r eine Rast auf einer Wanderung, f&uuml;r gem&uuml;tliche und genussvolle Stunden zu zweit oder in einer gr&ouml;sseren Gruppe, oder Sie &uuml;bernachten im Gasthaus und geniessen die Ruhe inmitten der Natur. Das Gasthaus liegt am Rande des Appenzellerlands auf Schwellbrunner Gebiet, die Grenze zum st.gallischen Degersheim ist nah. Die Aussicht &uuml;ber die h&uuml;gelige Landschaft ist herrlich, im S&uuml;den zeigt sich das Alpsteinmassiv mit dem S&auml;ntis. Wanderwege und Velorouten f&uuml;hren aus allen Richtungen auf den 969 Meter &uuml;ber Meer liegenden Punkt. Neben dem Gasthaus gibt es einen Kinderspielplatz. F&uuml;r Wintersport locken ein Skilift und Langlaufloipen in der N&auml;he.</p>", "url": "https://fuchsacker.ch/", "image": "https://alarpimtsoch.sos-ch-dk-2.exoscale-cdn.com/catalog/5/2/2/f/522f621bae02fefedac7243008d244defa24cef5_1.jpeg", "openstreetmap_id": "325151446"}, "geometry": {"type": "Point", "coordinates": ["9.206966757774355", "47.361007584271675"]}}, {"type": "Feature", "properties": {"identifier": "ab428c3e-2769-431d-a90f-f828dce554b0", "name": "Feuerstelle Blumenstein", "url": "http://www.schoenengrund.ch/de/", "image": "https://alarpimtsoch.sos-ch-dk-2.exoscale-cdn.com/catalog/f/f/a/8/ffa832f47a77ce2e829d898b0703439242788d53_08_2020_sch__nengrund_blumenstein__3_.jpg", "openstreetmap_id": "7553895382"}, "geometry": {"type": "Point", "coordinates": ["9.2313766", "47.3125047"]}}, {"type": "Feature", "properties": {"identifier": "ab74fa35-8062-4a36-8b1a-825c89c0d5c5", "name": "Feuerstelle Oberegg B\u00e4renp\u00e4rkli", "url": "https://www.oberegg.ch/freizeit/freizeitangebote/freizeitplaetze/baerenpaerkli.html/145", "image": "https://alarpimtsoch.sos-ch-dk-2.exoscale-cdn.com/catalog/a/5/9/a/a59ae5fd8357ebd5bd4b61dce5996d8df0b78a8a_04_2022_oberegg_dorf_af.jpg", "openstreetmap_id": "relation/1683915"}, "geometry": {"type": "Point", "coordinates": ["9.552204608917236", "47.42277382897845"]}}, {"type": "Feature", "properties": {"identifier": "ac04d30c-dd48-4141-bff4-c9a71a565768", "name": "B\u00e4ren - Das G\u00e4stehaus", "description": "<p>Das schmucke Hotel mit neun geschmackvoll eingerichteten Doppelzimmern, eingebettet in der malerischen Appenzeller H&uuml;gellandschaft, bietet den G&auml;sten h&ouml;chsten Komfort zum Wohlf&uuml;hlen und Entspannen. Mit viel Liebe zum Detail wird hier alt und neu harmonisch kombiniert. Ob Ruhe und Erholung oder Aktivit&auml;t und Sport, der B&auml;ren ist der Ort um dem Alltag zu entrinnen.</p><h4>Hier gilt die&nbsp;<a href=\"https://www.appenzell.ch/de/unterkunft/appenzeller-ferienkarte.html\">Appenzeller Ferienkarte</a></h4><p>&nbsp;</p>", "url": "http://www.baerengais.ch/", "image": "https://alarpimtsoch.sos-ch-dk-2.exoscale-cdn.com/catalog/f/e/f/0/fef0b2d809445a00ae38e4b1291287c90d07570b_hotel_baeren_176.jpg", "openstreetmap_id": "319871616"}, "geometry": {"type": "Point", "coordinates": ["9.4537962", "47.3546276"]}}, {"type": "Feature", "properties": {"identifier": "ac436c8b-75ef-4ee4-964c-07ff34980cec", "name": "Hans Sturzenegger - Hackbrett und Witz", "description": "<p>Auch weiss er viel &uuml;ber den Bau und die Geschichte des Hackbretts sowie Appenzeller Br&auml;uche zu erz&auml;hlen. Vor einigen Jahren wurde Hans Sturzenegger in Gais an einem Witz-Slam zum 1. Witzk&ouml;nig vom Appenzellerland ernannt.</p><p>Nebst einem Hackbrett-Soloauftritt bestehen, bei gr&ouml;sseren Gruppen oder auf Wunsch, weitere Auftrittsm&ouml;glichkeiten:</p><ul><li>Hackbrett und Handorgel</li><li>Hackbrett, Handorgel, Bassgeige</li><li>Hackbrett, Handorgel, Geige, Bassgeige</li><li>Talerschwingen und Schellensch&ouml;ttlen</li></ul>", "url": "http://www.hackbrettmusik.ch", "image": "https://alarpimtsoch.sos-ch-dk-2.exoscale-cdn.com/catalog/1/c/5/8/1c589fdb89b97d5e15baa6ad80a2f41acb85f77a_DSC08407.JPG", "openstreetmap_id": "161965110"}, "geometry": {"type": "Point", "coordinates": ["9.4487303", "47.4204203"]}}, {"type": "Feature", "properties": {"identifier": "ae0a35ea-5a60-4658-8eb2-520ac9f28a7b", "name": "Goba Manufaktur (B\u00fchler) - Erlebnisf\u00fchrung", "description": "Mit der Goba Manufaktur wurde dem Kerngesch\u00e4ft einen Zweig hinzugef\u00fcgt, in dem Kr\u00e4uter, Beeren und Bl\u00fcten die Hauptrolle spielen. Eigentlich naheliegend f\u00fcr das Unternehmen, dessen Herzst\u00fcck nat\u00fcrliche und regionale Produkte sind. Die Manufaktur Spezialit\u00e4ten reichen von Bitter \u00fcber erlesene Lik\u00f6re bis hin zu Teemischungen, Punsche, Sirupe oder Konfis und werden nach eigenen Rezepten handgefertigt . \n\nIn B\u00fchler AR erhielt die Goba Manufaktur 2014 ein neues Zuhause. In der wunderbaren T\u00fcftelk\u00fcche entstehen mit \"Bedacht von Hand gemachte\" K\u00f6stlichkeiten und neben legend\u00e4ren Klassikern auch saisonale Experimente und spannende Innovationen. Sehen Sie wie fleissige H\u00e4nde in gl\u00e4nzenden T\u00f6pfen r\u00fchren, feinste K\u00f6stlichkeiten in schmucke Gl\u00e4schen und Flaschen abgef\u00fcllt oder unz\u00e4hlig viele Nidelzeltli von Hand gebrochen und verpackt werden.\n\nBei uns d\u00fcrfen Sie aber auch gleich selbst Hand anlegen und Ihr eigenes Kr\u00e4utersalz herstellen. Auf dem 2 st\u00fcndigen Rundgang erwarten Sie mehrere Degustationspunkte, ein regionaler Ap\u00e9ro und viel Spannendes rund um die Geschichte der Goba.", "url": "https://goba-welt.ch/standorte-anfragen/betriebsbesichtigung", "image": "https://alarpimtsoch.sos-ch-dk-2.exoscale-cdn.com/catalog/6/0/1/3/6013739146ee387e359a9ddaa0ae6a8eb4da0638_Goba_Bild_.jpg", "openstreetmap_id": "7244559522"}, "geometry": {"type": "Point", "coordinates": ["9.4054825116409", "47.375833854044"]}}, {"type": "Feature", "properties": {"identifier": "ae31d25f-f4de-4f96-bc16-cf5fba72c205", "name": "TEST Ferienwohnung", "description": "test", "url": "https://tso.ch", "image": "https://alarpimtsoch.sos-ch-dk-2.exoscale-cdn.com/catalog/b/c/e/c/bcec85a93b2795a5660447fac0f9d916c0231257_6515008829_4aba0aac1f_o.jpg", "openstreetmap_id": "node/5415702672"}, "geometry": {"type": "Point", "coordinates": ["9.3479842", "47.4134074"]}}, {"type": "Feature", "properties": {"identifier": "ae7dac70-d70b-4187-b11c-63ce5dc842af", "name": "Auenland", "description": "Das Auenland bietet eine Plattform f\u00fcr echte Begegnungen, gemeinsame Erlebnisse und den direkten sozialen Austausch eingebettet in die H\u00fcgel des Appenzellerlands. Bei uns erleben Sie Raum und Zeit in privater, einzigartiger Atmosph\u00e4re. 50ger Jahre Industrie-Charme trifft auf nat\u00fcrliche Fauna und Flora, lichtdurchflutete Werkhallen mit Aus- und Weitblick erwarten Sie. Unsere R\u00e4ume lassen sich miteinander verbinden und weit \u00f6ffnen. Wir kombinieren Neues mit Altbew\u00e4hrtem. Wir setzen auf Design, moderne Veranstalttungstechnik, eine flexible Raumgestaltung und richtig guten Kaffee. R\u00e4ume f\u00fcr den Dialog, Wohlbefinden und Inspiration \u2014 zum Arbeiten oder zum Feiern \u2014 drinnen und draussen.", "url": "https://auen-land.ch", "image": "https://alarpimtsoch.sos-ch-dk-2.exoscale-cdn.com/catalog/4/0/1/8/40185d607730cae85218ec948c62ed619f04b210_IMG_4757.jpg", "openstreetmap_id": "way/41146254"}, "geometry": {"type": "Point", "coordinates": ["9.3560887", "47.3599816"]}}, {"type": "Feature", "properties": {"identifier": "af20188e-a87b-4a89-9a01-212eca4061f4", "name": "Freewings Gleitschirm Schnupperkurs ", "description": "<p>Der Schnupperkurs von Freewings ist der perfekte Einstieg, um das Gef&uuml;hl vom Fliegen selbst zu erleben. An unserem &Uuml;bungshang lernst du den Umgang mit dem Material und die wichtigsten Grundkenntnisse. Du wirst &uuml;berrascht sein, wie schnell du bereits nach kurzer Zeit deine ersten kleinen H&uuml;pfer ganz alleine machst. Nebst normaler k&ouml;rperlicher Gesundheit sind&nbsp;keine Vorkenntnisse n&ouml;tig &ndash; unsere Fluglehrer f&uuml;hren dich Schritt-f&uuml;r-Schritt sicher in dieses einzigartige Abenteuer ein. Erhalte einen Einblick in die Welt des Gleitschirmfliegens und sp&uuml;re die Faszination der Luft. Ideal f&uuml;r alle, die wissen m&ouml;chten, ob das Fliegen ihre neue Leidenschaft wird.</p>", "url": "https://www.freewings.ch/", "image": "https://alarpimtsoch.sos-ch-dk-2.exoscale-cdn.com/catalog/3/7/f/a/37fabb1d3ea8575c2d6c7b9a379bed9e37d092c9_Schnupperkurs11.jpg", "openstreetmap_id": "6539134040"}, "geometry": {"type": "Point", "coordinates": ["9.343278", "47.374778"]}}, {"type": "Feature", "properties": {"identifier": "af272a07-8535-49de-b55b-0f397cbbaea2", "name": "Panorama-Restaurant S\u00e4ntisgipfel", "description": "<p><strong>Hinweis: Die S&auml;ntis-Schwebebahn ist infolge Erneuerung der Bahn von 1. Mai bis Sp&auml;therbst 2026 eingestellt. Das Panorama-Restaurant S&auml;ntisgipfel ist geschlossen. Das Hotel und die Restaurationsbetriebe auf der Schw&auml;galp sind ge&ouml;ffnet.</strong></p><p>Der S&auml;ntisgipfel liegt 2502 Meter &uuml;ber Meer und ist damit der h&ouml;chste Punkt des Appenzellerlandes. Kulinarisch verw&ouml;hnen lassen kann man sich hier aber genauso wie im Tal, sei es im bedienten oder im Selbstbedienungs-Bereich des Restaurants. Neben den kulinarischen Highlights erleben Sie ausserdem an den Erlebnisfahrten atemberaubende Sonnenaufgangsfahrten, Sonnenunterg&auml;nge und sternenklare Nachthimmel.</p><p>&nbsp;</p>", "url": "https://saentisbahn.ch/gastronomie/saentisgipfel/", "image": "https://alarpimtsoch.sos-ch-dk-2.exoscale-cdn.com/catalog/3/d/8/f/3d8fbbd3ada6a919d6f515d7881aa78c339a6a88_16_07_20_3029.jpg", "openstreetmap_id": "26864510"}, "geometry": {"type": "Point", "coordinates": ["9.3425129", "47.2492861"]}}, {"type": "Feature", "properties": {"identifier": "afe739a8-919c-442b-9fd1-df6270f6ec49", "name": "Feuerstelle Furth", "image": "https://alarpimtsoch.sos-ch-dk-2.exoscale-cdn.com/catalog/d/f/6/6/df66af36f07c1b6e56c3f0504c0bd189dd8a4735_01_2021_urn__sch_furth.jpg", "openstreetmap_id": "533638529"}, "geometry": {"type": "Point", "coordinates": ["9.295624494552614", "47.32462147225032"]}}, {"type": "Feature", "properties": {"identifier": "b1812f24-e14c-424b-9751-0eefea7459ec", "name": "Stiftung historische Appenzeller Bahnen - Erlebnisfahrten", "description": "<p><strong>Charterfahrten</strong> <br>Auf Anfrage organisieren wir f&uuml;r Ihren individuellen Gesch&auml;ftsanlass, Vereins- oder Familienausflug eine Extrafahrt mit historischem Rollmaterial, das Catering im Zug und ein erg&auml;nzendes Rahmenprogramm. Ein einmaliges Erlebnis ist garantiert! <br><a title=\"HTML Code Generator\" href=\"https://www.stiftungab.ch/nostalgiefahrt.html#Interesse\" target=\"_blank\" rel=\"noopener\">Zur Offertanfrage</a></p><p>&nbsp;</p>", "url": "https://www.stiftungab.ch/Stiftung.html", "image": "https://alarpimtsoch.sos-ch-dk-2.exoscale-cdn.com/catalog/5/e/c/9/5ec95808720d651d4d88be3e12d9a1994f4c3c76_GAW_S_Drissgi__2.jpg", "openstreetmap_id": "10004560606"}, "geometry": {"type": "Point", "coordinates": ["9.40956", "47.32856"]}}, {"type": "Feature", "properties": {"identifier": "b2648d63-84f1-4dad-b646-b5a56dd5430e", "name": "Feuerstelle Staubm\u00fchle", "image": "https://alarpimtsoch.sos-ch-dk-2.exoscale-cdn.com/catalog/b/b/3/e/bb3e492f549694f27ddcf3e738f8ec4a3a323d52_heiden_wolfhalden_grillstelle_br__cke.jpg", "openstreetmap_id": "node/772695620"}, "geometry": {"type": "Point", "coordinates": ["9.542216062545776", "47.4536017406339"]}}, {"type": "Feature", "properties": {"identifier": "b3003e02-0727-48d3-bbe5-7a338fe4766f", "name": "G\u00e4stehaus Butendiek im Kinderdorf Pestalozzi", "description": "<p>W&auml;hlen Sie aus ger&auml;umigen Sitzungszimmern mit moderner technischer Ausstattung, dem Andachtshaus, Open-Air-Workspaces und dem Pavillon und finden Sie die R&auml;umlichkeiten, die am besten zu Ihren Bed&uuml;rfnissen passen. Mit unseren Seminarpauschalen erhalten Sie ein Rundum-Paket, das die Raummiete, Kaffee und Gipfeli, ein k&ouml;stliches 2-Gang-Mittagsmen&uuml; sowie den Eintritt in unsere interaktive Ausstellung umfasst. Zus&auml;tzlich bieten wir Ihnen &Uuml;bernachtungen in einem originalen Appenzeller Haus an. Im frisch sanierten Haus Butendiek, welches Platz f&uuml;r bis zu 22 Personen bietet, erwarten Sie moderne Einzel und Doppelzimmer mit hochwertigen SAMINA-Schlafsystemen, die f&uuml;r einen erholsamen Schlaf sorgen. Ob als Seminargast, f&uuml;r ein Vereinswochenende oder eine Familienfeier &ndash; hier starten Sie den Tag mit Weitblick und Wohlgef&uuml;hl.</p>\n<p>10 Einzelzimmer ab CHF 80<br>6 Doppelzimmer ab CHF 120<br>*Preise inkl. Fr&uuml;hst&uuml;ck</p>", "image": "https://alarpimtsoch.sos-ch-dk-2.exoscale-cdn.com/catalog/f/7/7/7/f777fd865519df3b38b9cf53e7e0eeb9657ac281_Haus_6_Neueinrichtung__40_.jpg", "openstreetmap_id": "way/761032565"}, "geometry": {"type": "Point", "coordinates": ["9.459517029862655", "47.403535"]}}, {"type": "Feature", "properties": {"identifier": "b3cad4e6-96e1-4d4f-9cd5-89fd7cfd422f", "name": "E-Bike Hub Appenzellerland", "description": "<p class=\"MsoNormal\"><strong>Freiheit auf zwei R&auml;dern &ndash; Dein Abenteuer in der Ostschweiz wartet!</strong></p><p class=\"MsoNormal\">Willkommen beim E-Bike Hub Appenzellerland, deiner Startstation f&uuml;r unvergessliche Erlebnisse auf dem Sattel. Unsere Region ist weltber&uuml;hmt f&uuml;r ihre malerische, aber eben auch anspruchsvolle H&uuml;gellandschaft. Damit du dieses Auf und Ab in vollen Z&uuml;gen geniessen kannst, bieten wir dir die perfekten Begleiter: moderne E-Gravelbikes und kraftvolle E-Mountainbikes (Fully).</p><p class=\"MsoNormal\" style=\"margin-bottom: 12.0pt;\"><strong>E-Gravel oder E-MTB? Du hast die Wahl!</strong><br>Egal, wie du die H&uuml;gel und T&auml;ler erobern willst, bei uns findest du f&uuml;r dich oder dein Team das passende Sportger&auml;t mit eingebautem R&uuml;ckenwind:</p><ul style=\"margin-top: 0cm;\" type=\"disc\"><li class=\"MsoNormal\" style=\"mso-list: l0 level1 lfo1; tab-stops: list 36.0pt;\"><strong><span style=\"mso-fareast-font-family: 'Times New Roman';\">Die E-Gravelbikes:</span></strong><span style=\"mso-fareast-font-family: 'Times New Roman';\"> Die perfekten Allrounder. Sie kombinieren den Leichtlauf eines Rennrads mit der Robustheit f&uuml;r Schotterwege. Ideal, um schnell, effizient und dynamisch &uuml;ber wechselnden Untergrund zu fliegen.</span></li><li class=\"MsoNormal\" style=\"mso-list: l0 level1 lfo1; tab-stops: list 36.0pt;\"><strong><span style=\"mso-fareast-font-family: 'Times New Roman';\">Die E-Mountainbikes:</span></strong><span style=\"mso-fareast-font-family: 'Times New Roman';\"> Deine Geheimwaffe f&uuml;r das grobe Gel&auml;nde. Mit satter Federung und maximalem Grip bezwingst du steile Waldwege, Wurzeln und Singletrails mit Leichtigkeit.</span></li></ul><p class=\"MsoNormal\"><strong>Genuss und Action perfekt kombiniert</strong><br>Unsere E-Bikes unterst&uuml;tzen dich genau dann, wenn die Steigung flachgedr&uuml;ckt werden muss. So verlieren die Berge rund um den S&auml;ntis ihren Schrecken und machen einfach nur noch Spass. Du bestimmst, wie sportlich du unterwegs sein willst &ndash; den passenden Vortrieb liefern die modernen Antriebe.</p><p class=\"MsoNormal\">Ob sportlicher Kilometerfresser, Trail-Liebhaber oder Genussfahrer, der die sch&ouml;nsten Aussichtspunkte stressfrei ansteuern m&ouml;chte: Wir haben das richtige Bike, eine professionelle Einweisung und die besten Routentipps f&uuml;r dich bereit.</p><p class=\"MsoNormal\">Sichere dir dein Mietbike und erlebe die Ostschweiz so dynamisch, flexibel und frei wie nie zuvor!</p>", "url": "https://ebike-hub.ch/", "image": "https://alarpimtsoch.sos-ch-dk-2.exoscale-cdn.com/catalog/7/a/c/2/7ac29599b3780ee3277c6d7b3bb2e76e872c50e9_e_gravel_2026_flotte_04.jpg", "openstreetmap_id": "node/12304079695"}, "geometry": {"type": "Point", "coordinates": ["9.3734114", "47.3896451"]}}, {"type": "Feature", "properties": {"identifier": "b402fef6-6476-441f-8575-1a24157d0d99", "name": "Berggasthaus Tierwis", "description": "Das Berggasthaus befindet sich auf einer H\u00f6he von 2'085 m und bietet durch seine spezielle Lage eine wunderbare Aussicht in die umliegende Bergwelt. Richtung Norden reicht die Sicht \u00fcber die sanften H\u00fcgel des Appenzellerlandes bis in den s\u00fcddeutschen Raum und wer die Blicke Richtung S\u00fcden schweifen l\u00e4sst, erkennt die hohen Gipfel der Alpen.  Das Restaurant hat f\u00fcr ungef\u00e4hr 60 Leute Platz. Aussen k\u00f6nnen nochmals 40 Leute bewirtet werden und im Ganzen hat es 50 Schlafpl\u00e4tze f\u00fcr die, die \u00fcber Nacht bleiben m\u00f6chten.", "url": "http://www.tierwis.ch/", "image": "https://alarpimtsoch.sos-ch-dk-2.exoscale-cdn.com/catalog/3/e/7/2/3e721af783a18aa5c1d19320c2ce7f5c879155af_urn__sch_tierwis.jpeg", "openstreetmap_id": "210985396"}, "geometry": {"type": "Point", "coordinates": ["9.328826300000001", "47.2486696"]}}, {"type": "Feature", "properties": {"identifier": "b5afc74e-6dda-4584-8d23-f860ae0d0d3f", "name": "Ferienwohnung Dorf 5 - Kronbergblick", "description": "Hier \u00dcbernachten, mit einzigartigem Blick \u00fcbers Appenzellerland bis hin zum S\u00e4ntis, ist zu allen Jahreszeiten ein Erlebnis.\nIm stilvoll renovierten, denkmalgesch\u00fctzten Haus am historischen Dorfplatz von Rehetobel, wird alte Bausubstanz mit Modernit\u00e4t verbunden.\n\nDas f\u00fcnfst\u00f6ckige, stattliche Haus hat in seinen 230 Jahren mehreren Zwecken gedient. Wo jetzt ein h\u00fcbsches \"Beizli\", das \"Gasthaus Dorf5\", mit wunderbarem Garten zum Verweilen einl\u00e4dt, war fr\u00fcher das Postb\u00fcro von Rehetobel.\nIn den oberen Stockwerken, die als Telegrafenamt und Gesch\u00e4ftsr\u00e4umen dienten, befinden sich heute drei Wohnungen mit hohem Ausbaustandard.\n\nDie grossz\u00fcgige, lichtdurchflutete Wohnung bietet einen 180 Grad Fernblick, einen sch\u00f6nen Balkon und grossz\u00fcgige Wohnr\u00e4ume mit Chemin\u00e9e. Durch Schiebet\u00fcren lassen sich die R\u00e4ume den Bed\u00fcrfnissen entsprechend wandeln.\nDie nat\u00fcrliche Bausubstanz mit viel Holz und die grossz\u00fcgige Ausstattung sind technisch und \u00e4sthetisch auf hohem Niveau. \n\nVon der zentralen Lage im Appenzeller Vorderland aus lassen sich das Alpsteinbegiet, die nahegelegene Bodenseeregion und die \u00e4usserst sehenswerte Stadt St.Gallen ideal erkunden.\n\nDie Wohnung im zweiten Stock bietet f\u00fcr zwei bis vier Personen viel Raum und Sie finden viele gem\u00fctliche Pl\u00e4tzchen zum Verweilen. Kochen in der modern eingerichteten K\u00fcche macht Freude - oder lassen Sie sich lieber im \"Beizli\" unten verw\u00f6hnen?\n\nF\u00fcr mehr als vier Personen empfehlen wir die Wohnung \"Alpsteinpanorama\" im gleichen Haus.\n\nMindestaufenthalt: 1 Nacht (ab CHF 174)\nPreis f\u00fcr 1 Woche: ab CHF 1'500", "url": "https://www.dorf5.ch/", "image": "https://alarpimtsoch.sos-ch-dk-2.exoscale-cdn.com/catalog/d/c/d/3/dcd305384ced498ca81b19bc04003dfb4637dde1_ferienwohnung_dorf5_rehetobel__1_.jpg", "openstreetmap_id": "node/8521082741"}, "geometry": {"type": "Point", "coordinates": ["9.4834302", "47.4262522"]}}, {"type": "Feature", "properties": {"identifier": "b607aa5b-eac3-4000-bf3c-8b384bb6889a", "name": "B\u00e4ren Hundwil \u2013 das Seminarhaus mit Stil", "description": "Das Seminarhaus liegt inmitten der wundersch\u00f6nen Appenzeller Landschaft. Die idyllische Lage sorgt f\u00fcr eine entspannte und inspirierende Atmosph\u00e4re. Dar\u00fcber hinaus bietet die Umgebung zahlreiche M\u00f6glichkeiten f\u00fcr Outdoor-Aktivit\u00e4ten und Erholung, die f\u00fcr ein abwechslungsreiches Rahmenprogramm sorgen k\u00f6nnen.\n\nDas historische Geb\u00e4ude wurde sorgf\u00e4ltig renoviert und mit zeitgem\u00e4sser Technologie ausgestattet, um den Bed\u00fcrfnissen moderner Seminare gerecht zu werden. Die Kombination aus traditionellem Charme und modernem Komfort wirkt einladend und strahlt Wertsch\u00e4tzung und Bewusstheit aus.\n\nSie w\u00e4hlen die f\u00fcr Sie passende Form der Gastronomie: \n\u2013 Bringen Sie den Caterer Ihrer Wahl mit oder wir empfehlen Ihnen einen Caterer.\n\u2013 Nutzen Sie die Gastrok\u00fcche f\u00fcr ein interaktives Teamkochen oder bringen Sie eine eigene Kochcrew mit.\n\u2013 Wechseln Sie \u00fcber die Mittagspause die vier W\u00e4nde und lassen Sie es sich in einem lokalen Wirtshaus gut gehen. \n\nGerne unterst\u00fctzen wir Sie dabei, die passende Verpflegung f\u00fcr Ihren Anlass zu finden. \nJe nachdem, welche R\u00e4ume Sie mieten, steht Ihnen unsere Profi-Gastro-Infrastruktur zur Verf\u00fcgung \u2013 von der leistungsf\u00e4higen Kolben-Kaffeemaschine \u00fcber die vollausgestattete K\u00fcche bis zu Bar und Weinkeller.\n\nKapazit\u00e4t: Je nach Raum und Art der Veranstaltung, f\u00fcnf bis 500 Personen.", "url": "https://baerenhundwil.ch/", "image": "https://alarpimtsoch.sos-ch-dk-2.exoscale-cdn.com/catalog/f/f/c/8/ffc84cf480f2c0338bcbf62c505d01eba2cabd2e_B__ren4.jpg", "openstreetmap_id": "way/192142262"}, "geometry": {"type": "Point", "coordinates": ["9.318851348465486", "47.3657193"]}}, {"type": "Feature", "properties": {"identifier": "b6860bb3-b9d4-4d76-9673-3b658da15903", "name": "Ladestation - St. Anton", "description": "Die Ladem\u00f6glichkeit ist ein Holzst\u00e4nder, welcher \u00fcber 2 Steckdosen verf\u00fcgt. Es ist ein Ladeger\u00e4t erforderlich. Der St\u00e4nder befindet sich unterhalb des Restaurants.", "image": "https://alarpimtsoch.sos-ch-dk-2.exoscale-cdn.com/catalog/0/8/d/4/08d42feac05db4225bb4c8c9e76ac9e71230345d__DSC0592.JPG", "openstreetmap_id": "10073851395"}, "geometry": {"type": "Point", "coordinates": ["9.539362192153932", "47.410830040410374"]}}, {"type": "Feature", "properties": {"identifier": "b6afaa76-99ae-4076-b146-723edec5f245", "name": "Ferienwohnung Haggen", "description": "<p>Geniessen Sie erholsame Tage im Gr&uuml;nen in der N&auml;he des bekannten Aussichtspunktes und beliebten Ausflugziel St. Anton in Oberegg. Am Tag oder auch abends kann eine herrliche Aussicht &uuml;ber das Rheintal bestaunt werden. Es gibt reichlich Wander- und Biketouren zu entdecken. Am Abend verbringen Sie gem&uuml;tliche Stunden vor dem Kachelofen. Auch kulinarisch ist man auf dem St.Anton und Umgebung gut versorgt. Zahlreiche Restaurant schm&uuml;cken den Berg und die Umgebung. Viele Bauern bieten Eigenproduktionen wie Fleisch, Eier oder Milch an, f&uuml;r die, die leidenschaftlich gerne Kochen. Der ca. 90 qm grosser Ferienhausteil ist per &Ouml;V und Auto erreichbar. F&uuml;r den Winter ist Allrad von Vorteil. Es stehen bis zu zwei Abstellpl&auml;tze zur Verf&uuml;gung und ein separater Raum f&uuml;r Ski, Bikes, etc. Die charmante zweist&ouml;ckige Wohnung hat unten einen gem&uuml;tlichen Wohn- Essbereich verbunden mit der K&uuml;che. Zudem ein Badezimmer. Im oberen Stock ein grosses Schlafzimmer mit einem Doppel- und einem Zusatzbett, sowie nebenan eine weitere Schlafm&ouml;glichkeit. Geheizt wird nur mit dem Kachelofen. Preise Winter CHF 100.00 pro Nacht inklusive Feuerholz Sommer CHF 100.00 pro Nacht exklusive Feuerholz Reinigungsgeb&uuml;hr CHF 100.00</p><p>Mindestaufenthalt: 2 N&auml;chte&nbsp;</p>", "image": "https://alarpimtsoch.sos-ch-dk-2.exoscale-cdn.com/catalog/0/7/7/2/07722219025ce53c3f72b867d5f963c4def95083_1bb7a36c5c44758ee1e24324f44ecf62_767x0.jpg", "openstreetmap_id": "way/196764008"}, "geometry": {"type": "Point", "coordinates": ["9.524130155498288", "47.4052902"]}}, {"type": "Feature", "properties": {"identifier": "b79a5913-f9e4-481f-bca2-eafbeb2e946d", "name": "Feuerstelle Eschen St. Anton", "image": "https://alarpimtsoch.sos-ch-dk-2.exoscale-cdn.com/catalog/d/d/7/f/dd7f79531195f4b6757b43ce1386bea6d1d17819_11_22_oberegg_st.anton_feuerstelle_sd.jpg", "openstreetmap_id": "node/424222468"}, "geometry": {"type": "Point", "coordinates": ["9.530006647109987", "47.40888637476102"]}}, {"type": "Feature", "properties": {"identifier": "b863108b-864b-4719-88b3-4587b8b8e2ad", "name": "Stellplatz \u00abRestaurant Station\u00bb", "description": "Der Stellplatz bietet ausreichend Platz f\u00fcr f\u00fcnf Camper mit Klappstuhlverhalten und liegt nahe an der Bergbahn Rorschach-Heiden. Der ruhig gelegene Platz ist 3 km von Einkaufsm\u00f6glichkeiten und Restaurants sowie dem Bahnhof, Postautohaltestellen, Schwimmbad, Kino, Spielplatz und der Abfalltrennstation entfernt.\n\nPreis: CHF 15.20 pro Nacht inkl. 1 Person, Bezahlung via Parkn Sleep (QR-Code vor Ort scannen oder Internetseite besuchen)\n\nW\u00e4hrend den \u00d6ffnungszeiten des Restaurants d\u00fcrfen die Toiletten benutzt werden:\nMontag, Donnerstag & Freitag jeweils ab 14:00 Uhr\nDienstag + Mittwoch geschlossen\nSamstag ab 10:00 Uhr\nSonntag ab 10:00 Uhr - 20:00 Uhr\n\nTipp: Buchungsbest\u00e4tigung im Restaurant Station zeigen und von einmaligen CHF 5.00 Rabatt auf ein Hauptmenu profitieren.\u00a0", "url": "https://www.kurvereinheiden.ch/stellpl%C3%A4tze-f%C3%BCr-camper", "image": "https://alarpimtsoch.sos-ch-dk-2.exoscale-cdn.com/catalog/9/2/c/3/92c33f7c398d6607b54a60a6a6c467de1f5ecea0_Station1.JPG", "openstreetmap_id": "node/727693480"}, "geometry": {"type": "Point", "coordinates": ["9.530752580960634", "47.4591834578196"]}}, {"type": "Feature", "properties": {"identifier": "b93371b9-9c82-427c-87c0-dea9903415ac", "name": "Gruppenunterkunft Alpstein", "description": "<p>Die Gruppenunterkunft Alpstein Teufen liegt mitten im Appenzellerland am Rande des Dorfzentrums Teufen, 7 km oberhalb St. Gallen und in 15 km Entfernung vom Bodensee. Sie ist ab St. Gallen mit &ouml;ffentlichen Verkehrsmitteln und in 8 - 10 Gehminuten vom Bahnhof Teufen erreichbar. Die Zufahrt bis zum Haus ist m&ouml;glich. Es stehen 5 Parkpl&auml;tze beim Haus zur Verf&uuml;gung. Ein gr&ouml;sserer Parkplatz gibt es in der N&auml;he (200m).Das Appenzellerland und die Region St. Gallen &ndash; Bodensee bieten als tolles Gebiet diverse M&ouml;glichkeiten f&uuml;r Gruppen.</p><p>Das Haus verf&uuml;gt &uuml;ber insgesamt 19 Zimmer (50 Betten), wovon eines rollstuhlg&auml;ngig ist. F&uuml;r die Betten stehen jeweils ein Molton, Kissen mit Bezug und ein Leintuch zur Verf&uuml;gung. Es hat 5 unterschiedlich grosse Aufenthaltsr&auml;ume und 1 Speisesaal f&uuml;r 50 Personen. Die Stockwerke sind mit einem Lift erschlossen. Die Gruppenunterkunft liegt auf einem 2000 m2 grossen Grundst&uuml;ck, mit Wiese ums Haus und einer wunderbaren Sicht auf das Alpsteingebiet. Die Sportanlagen, Kinderspielpl&auml;tze und das Freibad sind in 5 Gehminuten erreichbar. Verschiedene Einkaufs-und Verpflegungsm&ouml;glichkeiten sind im nahen Dorfzentrum vorhanden. Ein Hallenbad befindet sich in der Nachbargemeinde Speicher.</p><p>Die Gruppenunterkunft steht den G&auml;sten fr&uuml;hestens ab 15.00 Uhr des vereinbarten Anreisetages zur Verf&uuml;gung. Am Abreisetag ist die Gruppenunterkunft sp&auml;testens um 10.00 Uhr gereinigt und ger&auml;umt zur Verf&uuml;gung zu stellen.</p>", "url": "http://www.teufen.ch", "image": "https://alarpimtsoch.sos-ch-dk-2.exoscale-cdn.com/catalog/4/4/e/d/44ed7e75af195bf25fb3164de9225116d7fcc558_teufen_gruppenunterkunft_alpstein.jpg", "openstreetmap_id": "317690003"}, "geometry": {"type": "Point", "coordinates": ["9.395688999999999", "47.389219"]}}, {"type": "Feature", "properties": {"identifier": "b96a021d-1278-420f-ae6b-a77e186acebc", "name": "Feuerstelle Kuenzenegg", "url": "http://www.teufen.ch/xml_1/internet/de/intro.cfm", "image": "https://alarpimtsoch.sos-ch-dk-2.exoscale-cdn.com/catalog/3/f/d/f/3fdfdd07df26efed7f21bd9e564bc61abaf6a2b7_Feuerstelle.jpg", "openstreetmap_id": "8585034752"}, "geometry": {"type": "Point", "coordinates": ["9.4002511", "47.4008814"]}}, {"type": "Feature", "properties": {"identifier": "ba0e7fbf-24f4-4281-822e-8540095ec642", "name": "Goba Mineralquelle und Manufaktur - Laden Gontenbad", "description": "Hier hat in den 1930er Jahren alles begonnen. Hier fliesst unsere Quelle, hier schl\u00e4gt unser Herz.\nNehmen Sie an einer F\u00fchrungen teil und erfahren Sie mehr \u00fcber die Geschichte(n) von Mineralwasser, Flauder & Co. Oder besuchen Sie den Laden und entdecken unsere vielf\u00e4ltigen K\u00f6stlichkeiten wie Lik\u00f6r, Konfi, Sirup und Upcycling-Produkte. Das Goba-Team freut sich auf Sie!", "url": "https://goba-welt.ch/standorte-anfragen/gontenbad", "image": "https://alarpimtsoch.sos-ch-dk-2.exoscale-cdn.com/catalog/3/e/6/3/3e634bd36f1f6524317f604013c4e4cf34e1e6d1_Gontenbad_Gescha_____ftshaus_17.jpg", "openstreetmap_id": "243310938"}, "geometry": {"type": "Point", "coordinates": ["9.372748732566835", "47.332030970659"]}}, {"type": "Feature", "properties": {"identifier": "ba264974-8549-4dea-9405-23034a9f0eae", "name": "Lindenb\u00fchl Seminar- und Ferienhaus", "description": "Das geschichtstr\u00e4chtige 200-j\u00e4hrige Haus ist der ideale Ort f\u00fcr Seminare, Kurse, Retraiten oder Ferien in ruhiger, l\u00e4ndlicher Lage. Drei grossz\u00fcgige Gruppenr\u00e4ume, individuell und liebevoll eingerichtete G\u00e4stezimmer, erholsame Gartensitzpl\u00e4tze und unkomplizierte Gastfreundschaft. Die lustvolle Bio-Frischproduktek\u00fcche ist \u00abgo\u00fbt mieux\u00bb zertifiziert.", "url": "http://lindenbuehl-trogen.ch/", "image": "https://alarpimtsoch.sos-ch-dk-2.exoscale-cdn.com/catalog/0/8/9/8/0898508f520a4224b1c46af23d6f35e78643ec19_Lindenbuehl.jpg", "openstreetmap_id": "413013402"}, "geometry": {"type": "Point", "coordinates": ["9.470170800000002", "47.4023464"]}}, {"type": "Feature", "properties": {"identifier": "ba5a68fd-24f3-479f-89b1-b7db31de2faa", "name": "Kafi Platz Dr\u00fc", "description": "Herzlich Willkommen in unserem wunderbaren PLATZ DR\u00dc.\nIm gem\u00fctlichen Ambiente der Gaststube mit sch\u00f6nster Aussicht Richtung Alpstein k\u00f6nnen Sie bei uns Kaffee, Tee und vieles mehr geniessen. Wir legen Wert auf regionale und auserlesene Produkte und servieren diese mit viel Flair.\nGeniessen Sie eine Auszeit, und lassen Sie sich von den immer wieder wechselnden Dekorationen inspirieren.\nM\u00f6r freuid \u00fcs uf \u00fcber jeda B\u2018suach \nDie Gastgeberinnen \nKatja und Monika", "url": "https://platzdrue.ch", "image": "https://alarpimtsoch.sos-ch-dk-2.exoscale-cdn.com/catalog/f/2/1/d/f21d4b05c63e9fae395dd6017d30ec9401a7ed62_D96F4A94_197F_4F5A_9939_C2E4BD9FD18A.png", "openstreetmap_id": "node/10061976317"}, "geometry": {"type": "Point", "coordinates": ["9.4539813", "47.3621341"]}}, {"type": "Feature", "properties": {"identifier": "bbb29357-d738-4311-afa4-b41b4853de50", "name": "Eventk\u00fcche Urn\u00e4sch - Kochen und Grillieren", "description": "Die Eventk\u00fcche Urn\u00e4sch \u2013 ein Ort besonderer Art f\u00fcr Ihren Anlass. Selber kochen, mit einem Koch der Eventk\u00fcche oder unseren Catering Partnern. Kreieren Sie Ihr Menu selber oder lassen Sie sich inspirieren von den tollen Ideen unsere K\u00f6che. Sie haben die Wahl \u2013 damit Ihr Anlass zu einem unvergesslichen Ereignis wird. \nAuch Seminare, Workshops oder Weber's Grill Academy sind hier m\u00f6glich. Nicht nur Innen, auch im naturnahen Garten bietet die Eventk\u00fcche Besonderes.", "url": "http://www.eventkueche.ch", "image": "https://alarpimtsoch.sos-ch-dk-2.exoscale-cdn.com/catalog/3/b/8/6/3b8634223b3bc9a0977b34562b82cfd443c3ea90_urn__sch_eventk__che.jpg", "openstreetmap_id": "314852972"}, "geometry": {"type": "Point", "coordinates": ["9.2782799", "47.3104766"]}}, {"type": "Feature", "properties": {"identifier": "bbfc52a8-1e4a-4527-85fe-037d8f7f5af5", "name": "Feuerstelle G\u00e4brisseeli", "url": "https://www.gais.ch/portal-gemeinde-tourismus.html", "image": "https://alarpimtsoch.sos-ch-dk-2.exoscale-cdn.com/catalog/7/c/6/5/7c65b6d198b1b66b5db948cc256569f034ee09ed_08_2020_gais_g__brisseeli__3_.jpg", "openstreetmap_id": "290517289"}, "geometry": {"type": "Point", "coordinates": ["9.4783809", "47.3816652"]}}, {"type": "Feature", "properties": {"identifier": "beac9585-5bc1-43c5-9809-369dbfc7854e", "name": "Traditionelle Degustations-Tour", "description": "<p>Lassen Sie sich auf einem Rundgang entf&uuml;hren in luftige H&ouml;hen (Kirchturm) und versteckte Winkel im Biedermeierdorf Heiden. Dabei lernen Sie nicht nur das Dorf kennen, sondern d&uuml;rfen typische Appenzeller Spezialit&auml;ten schlemmen. Eine schmackhafte Angelegenheit f&uuml;r das ganze Gem&uuml;t. Dauer: 2 Stunden Teilnehmer: min. 10 / max. 25 Personen Kosten: CHF 38.00 pro Person</p>", "url": "https://appenzellerland.ch/de/", "image": "https://alarpimtsoch.sos-ch-dk-2.exoscale-cdn.com/catalog/7/4/3/e/743e41d335db849c190a005b363cbf002a663ca6_luft.jpg", "openstreetmap_id": "8364473311"}, "geometry": {"type": "Point", "coordinates": ["9.536593079583328", "47.446056806648365"]}}, {"type": "Feature", "properties": {"identifier": "bf46a4a9-7832-4beb-92f8-30305cb12610", "name": "Hoher Kasten Drehrestaurant und Seilbahn AG", "description": "<p>In nur acht Minuten bringt Sie die Seilbahn Hoher Kasten von Br&uuml;lisau direkt auf 1794 m &uuml;. M., vorbei an idyllischen H&uuml;gellandschaften und typischen Appenzeller Bauernh&auml;usern. Oben angekommen schweift Ihr Blick &uuml;ber sechs L&auml;nder (Deutschland, &Ouml;sterreich, Schweizer Alpen und Mittelland, Italien, Frankreich). Die grenzenlose 360&deg;-Aussicht erleben Sie zum einen auf dem Europa-Rundweg, der einmal um den Gipfel f&uuml;hrt. Zum anderen im einzigen Drehrestaurant der Ostschweiz, wo sich w&auml;hrend einer Stunde Ihr Ausblick immer wieder &auml;ndert. Neben einmaligen Ausblicken, bietet Ihnen das Drehrestaurant ein ausgezeichnete Gastronomie mit einheimischen und saisonale Speisen. Bleibende Eindr&uuml;cke hinterl&auml;sst auch der Alpengarten, das Pflanzenparadies auf dem Gipfel. &Uuml;ber 300 Pflanzenarten entfalten dort Ihre farbige Pracht. Der Hohe Kasten ist auch idealer Ausgangspunkt f&uuml;r diverse Wanderungen in alle Richtungen. Die Seilbahn und die Gastronomie ist ganzj&auml;hrig von April bis Februar ge&ouml;ffnet. Die Betriebszeiten finden Sie unter hoherkasten.ch/seilbahn Kinder bis und mit 15 Jahre fahren mit der Seilbahn Hoher Kasten gratis. Die Seilbahn Hoher Kasten und das Drehrestaurant ist komplett barrierefrei zug&auml;nglich.<br><br></p>", "url": "https://www.hoherkasten.ch/", "image": "https://alarpimtsoch.sos-ch-dk-2.exoscale-cdn.com/catalog/9/c/1/4/9c1427955917142b69c99ab749eece8c46f4ed00_Armando_Branchi_Alpstein.jpg", "openstreetmap_id": "210985230"}, "geometry": {"type": "Point", "coordinates": ["9.456739425659181", "47.296454615318034"]}}, {"type": "Feature", "properties": {"identifier": "bfb37a1d-79f9-4e4f-98fc-931fb582b1de", "name": "Feuerstelle Waldh\u00fctte", "image": "https://alarpimtsoch.sos-ch-dk-2.exoscale-cdn.com/catalog/d/f/e/1/dfe1ed80415bf996c8c1ff1ad33eb527a49cc746_08_2020_urn__sch_waldh__tte__2_.jpg", "openstreetmap_id": "4585134183"}, "geometry": {"type": "Point", "coordinates": ["9.2476328", "47.2899583"]}}, {"type": "Feature", "properties": {"identifier": "c04d6b55-75c8-4d6a-bcce-c878e3248fa6", "name": "Dorfhus Gupf", "description": "Wir setzen Zeichen in Sachen Schweizer Gastlichkeit, hochwertiger Kulinarik und d\u00f6rflicher Identit\u00e4t. Als gelebter Bestandteil einer Wirtshauskultur, die vielerorts zu verschwinden droht, bringen wir zusammen, was zusammen geh\u00f6rt. Unsere Bauern, regionale Produzenten, Appenzeller Lebensart und Menschen mit gutem Geschmack und gastrosophischem Anspruch. \n\nDas Dorfhus Gupf mit seinem Hotelbetrieb, den Gaststuben, einem Festsaal, sowie verschiedene Sitzungszimmer versteht sich als integrativer Bestandteil des d\u00f6rflichen Lebens und m\u00f6chte als Kraftort f\u00fcr Jung und Alt, aus nah und fern sein.\n\nUnsere heimische Wildrose, die Hagebutte \u2013 das \u00abT\u00e4gh\u00fcffeli\u00bb \u2013 haben wir als treue Begleiterin auserkoren, die uns auf diesem gemeinsamen und spannenden Wege in vielf\u00e4ltigster Art begleiten wird.", "url": "https://dorfhus-gupf.ch/", "image": "https://alarpimtsoch.sos-ch-dk-2.exoscale-cdn.com/catalog/2/a/1/b/2a1b60c7c6988a45600c8e51c94f747422424886_rehetobel_dorfhus_gupf.jpg", "openstreetmap_id": "8364526811.0"}, "geometry": {"type": "Point", "coordinates": ["9.482466", "47.426737"]}}, {"type": "Feature", "properties": {"identifier": "c1b23763-7762-4f1a-a5d6-6ee45f157399", "name": "Ladestation - Zubi Herisau", "description": "Die Ladestation beim Sportgesch\u00e4ft Zubi in Herisau befindet sich direkt neben dem Haupteingang auf der R\u00fcckseite des Geb\u00e4udes und bietet mehrere vorinstallierte Ladekabel.", "image": "https://alarpimtsoch.sos-ch-dk-2.exoscale-cdn.com/catalog/b/8/0/e/b80e67c9894daad40994a4159fcb02211b34ec89__DSC0643.JPG", "openstreetmap_id": "527367846"}, "geometry": {"type": "Point", "coordinates": ["9.283763766288759", "47.36860113351067"]}}, {"type": "Feature", "properties": {"identifier": "c1b45ce9-4e3a-4ba8-b585-a5c1d0e9508c", "name": "Ladestation - Schauk\u00e4serei Stein", "description": "Die Ladem\u00f6glichkeit ist ein Metallst\u00e4nder, welcher \u00fcber insgesamt 4 Steckdosen an zwei Steckpl\u00e4tzen verf\u00fcgt. Es ist ein Ladeger\u00e4t erforderlich. \n\nDer St\u00e4nder befindet sich direkt neben dem Eingang zum Shop/Restaurant. Am Empfang der Schauk\u00e4serei k\u00f6nnen Ladeger\u00e4te f\u00fcr die Marken Bosch und Panasonic ausgeliehen werden.", "image": "https://alarpimtsoch.sos-ch-dk-2.exoscale-cdn.com/catalog/6/5/c/e/65ce72608b11df4e3e7c23cfa8b886463eb5d287__DSC0637.JPG", "openstreetmap_id": "727985646"}, "geometry": {"type": "Point", "coordinates": ["9.344805479049684", "47.37315327462408"]}}, {"type": "Feature", "properties": {"identifier": "c2069062-19c9-4321-a9ad-d067aebc548e", "name": "Gast- und Ferienhaus Frohheim", "description": "<p>Die heimelige Gaststube mit Kachelofen und Schiefertischen sowie das angrenzende S&auml;&auml;li bieten Platz zum Verweilen. Zudem bietet das freundliche Sitzungszimmer Raum f&uuml;r Kreativit&auml;t. Ideal also f&uuml;r Ferien, Kurse, Seminare, Teamevents, Klassentreffen, Geburtstagsfeste und Hochzeiten. Die K&uuml;che ist zweckm&auml;ssig eingerichtet.</p><p>Preise:</p><ul><li>Montag - Freitag: CHF 500.&ndash; pro Nacht&nbsp;</li><li>Samstag, Sonntag: CHF 1000.&ndash; pro Nacht</li></ul><p>Zimmeraufteilung</p><ul><li>2 Zimmer mit 1 Bett</li><li>9 Zimmer mit 2 Betten</li><li>1 Zimmer mit 3 Betten</li><li>2 Zimmer mit 4 Betten</li><li>1 Zimmer mit 5 Betten</li><li>2 Zustellbetten</li></ul><p>Ausstattung</p><ul><li>1 Seminarraum f&uuml;r 8 Personen &agrave; 17 m&sup2;</li><li>1 Aufenthaltsraum f&uuml;r 20 Personen &agrave; 23 m&sup2;</li><li>1 Speisesaal f&uuml;r 25 Personen &agrave; 28 m&sup2;</li></ul><p>Verpflegungsart: Selbstversorgung, Halbpension, Vollpension</p><p>Vermietung: Das Haus wird immer nur an eine Gruppe gleichzeitig vermietet</p><p>Lage/Erreichbarkeit: Zwei Restaurants und ein Dorfladen in unmittelbarer N&auml;he. Viele Themen-, Wander- und Bikewege, Bachbadepl&auml;tze und Grillstellen in h&uuml;geliger Landschaft, Gel&auml;ndespielplatz, Tennisplatz, Baumgarten. Das Haus ist mit &ouml;ffentlichen Verkehrsmitteln erreichbar. Zufahrt bis vors Haus m&ouml;glich mit Auto und Car, 25 Parkpl&auml;tze f&uuml;r PW Umgebung&nbsp;</p>", "url": "https://www.frohheim.com", "image": "https://alarpimtsoch.sos-ch-dk-2.exoscale-cdn.com/catalog/0/c/4/a/0c4a3c32afec9e932d2b2cff128ae8ae9d27c06a_b__chli_fewo_frohheim.jpg", "openstreetmap_id": "177884755"}, "geometry": {"type": "Point", "coordinates": ["9.19636", "47.308508"]}}, {"type": "Feature", "properties": {"identifier": "c366bd22-a2d7-406e-9d9a-a30a6e2f36d6", "name": "Reka-Feriendorf Urn\u00e4sch", "description": "Im Reka-Feriendorf Urn\u00e4sch finden in den Minergieh\u00e4usern, die aus einheimischem Holz gebaut wurden, 50 Familien Platz (Wohnungen mit 2 1/2 bis 5 1/2 Zimmern mit Balkon oder Sitzplatz). In unserem Kleintierstall und Streichelzoo bekommen Kinder die M\u00f6glichkeit, mit den tierischen Bewohnern des Feriendorfs auf Tuchf\u00fchlung zu gehen. Die Kinder k\u00f6nnen mit verschiedenen Tieren in Ber\u00fchrung kommen, sie f\u00fcttern, streicheln und n\u00e4her kennenlernen. Hallenbad mit Kinderplantschbecken und Saunalandschaft, zahlreiche Gemeinschaftsr\u00e4ume sowie verschiedene Spiel- und Sportpl\u00e4tze im Freien, inkl. eines grossen Trampolins, bieten unendlich viele Vergn\u00fcgungsm\u00f6glichkeiten.", "url": "https://reka.ch/de/rekaferien/reka-feriendorf-urnaesch", "image": "https://alarpimtsoch.sos-ch-dk-2.exoscale-cdn.com/catalog/2/2/d/a/22da1cb5b9802fedf6e1623cf94b4ffb81fcc4cd_urn__sch_reka.jpg", "openstreetmap_id": "280446592"}, "geometry": {"type": "Point", "coordinates": ["9.2868187", "47.3176293"]}}, {"type": "Feature", "properties": {"identifier": "c48d77f1-ab25-46ac-b47b-ea849de6f818", "name": "Lama-Ziit GmbH", "description": "Wollen Sie sich vom Lama-Virus anstecken lassen? Spazierg\u00e4nge mit Lamas sind ein besonderes Erlebnis f\u00fcr Jung und Alt. Um ein Lama zu f\u00fchren, braucht es keine Vorkenntnisse. Mit wenigen zu beachtenden Regeln lassen sich die Tiere problemlos von Kindern und Erwachsenen am F\u00fchrstrick leiten. Ihre ruhige Art hilft, selber ruhig zu werden; der aufmerksame Blick lenkt den eigenen Blick auf die Sch\u00f6nheiten und Details in der Umgebung. \n\nDie Tiere sind in einem gem\u00e4chlichen Tempo unterwegs, was es auch Menschen mit leichter Gehbehinderung erm\u00f6glicht, sie zu f\u00fchren. Lamas sind \u00e4usserst vorsichtig im Umgang mit Menschen und eignen sich daher ausgezeichnet f\u00fcr Natur- und Tiererlebnisse.\n\nLernen Sie diese wunderbaren Tiere auf einer Feierabendtour kennen. Buchen Sie unser Angebot f\u00fcr einen speziellen Familienausflug, Teamanlass oder Kindergeburtstag und verbringen Sie mehrere Stunden mit den Tieren. Zum Beispiel auf einem Trekking mit einer Pause am Feuer f\u00fcr gem\u00fctliches Beisammensein.\n\nDie Teilnehmerzahl ist bei einer offenen Gruppe auf acht Personen beschr\u00e4nkt.\nBei einer geschlossenen Gruppe sind 20 Personen m\u00f6glich.", "url": "https://lama-ziit.ch/", "image": "https://alarpimtsoch.sos-ch-dk-2.exoscale-cdn.com/catalog/9/5/f/8/95f8fb7155f47484c90d7da2c369535e4264c6b1_3X7A7515_edited.jpg", "openstreetmap_id": "node/3885436527"}, "geometry": {"type": "Point", "coordinates": ["9.264172911643984", "47.39049440343878"]}}, {"type": "Feature", "properties": {"identifier": "c5499696-e62a-4ece-8657-f345aeec38ca", "name": "Feuerstelle Blattend\u00fcrren", "description": "<p>Die Feuerstelle l&auml;sst sich zu Fuss in 20 min vom Restaurant Blattend&uuml;rren oder in 1h 30 min vom Bahnhof Urn&auml;sch &uuml;bers Restaurant Osteregg erreichen und liegt auf der Potersalproute f&uuml;r Bikes von Appenzellerland Tourismus. Sie liegt sonnig auf 1200 m &uuml;. M. Und bietet eine fantastische Aussicht auf die Appenzeller H&uuml;gel.</p><p>Vorhanden ist:</p><ul><li>Feuerstelle mit Rost</li><li>Sitzb&auml;nke und Tisch</li><li>Brennholz</li><li>Abfallbeh&auml;lter</li></ul>", "image": "https://alarpimtsoch.sos-ch-dk-2.exoscale-cdn.com/catalog/d/4/8/0/d480c983b8d6ad8514b2e77b2244e1aace9a279b_Feuerstelle_Blattend__rre_2.jpg", "openstreetmap_id": "way/31901410"}, "geometry": {"type": "Point", "coordinates": ["9.305151682833623", "47.30003487549181"]}}, {"type": "Feature", "properties": {"identifier": "c6083530-6985-464e-b537-480f0da62264", "name": "Feuerstelle H\u00e4mmli", "url": "http://www.schoenengrund.ch/de/", "image": "https://alarpimtsoch.sos-ch-dk-2.exoscale-cdn.com/catalog/3/f/d/f/3fdfdd07df26efed7f21bd9e564bc61abaf6a2b7_Feuerstelle.jpg", "openstreetmap_id": "7755531474"}, "geometry": {"type": "Point", "coordinates": ["9.2357213", "47.3155224"]}}, {"type": "Feature", "properties": {"identifier": "c6c2d380-69ff-4501-9759-bb6f6d0fc985", "name": "Appenzeller Bier - Degustationen im Besucherzentrum Brauqu\u00f6ll", "description": "Auf Voranmeldung geniessen Sie eine gef\u00fchrte Degustation im Gnoss-St\u00f6bli und erleben, wie aus qu\u00f6llfrischem Wasser Appenzeller Bier und S\u00e4ntis Malt Whisky sowie aus dessen Nebenprodukten leckere neue Spezialit\u00e4ten wie Cr\u00e9aCeto Bier-Essig oder Treber-Tschipps entstehen.\n\nW\u00e4hlen Sie aus folgenden Degustationen:\n- Bier-Degustation\n- Alkoholfreie Bier-Degustation\n- Bier + Whisky Degustation\n- Blind-Degustation \n- S\u00e4ntis Malt Whisky-Degustation\n\nOrt: Besucherzentrum Brauqu\u00f6ll, Brauerei Locher AG Appenzell\nDauer: ab ca. 1 Stunde*\nTeilnehmer: 10 bis 25 Personen*\nMindestalter: 16 / 18 Jahren*\nSprache: Deutsch, weitere Sprachen auf Anfrage\nKosten: auf Anfrage*\n\n*Variiert je nach Degustationsart", "url": "https://appenzellerbier.ch/de/", "image": "https://alarpimtsoch.sos-ch-dk-2.exoscale-cdn.com/catalog/2/7/7/0/2770926dae494b480e04a76d3c23cf131dbe6059_Degustation_01.jpg", "openstreetmap_id": "4229854758"}, "geometry": {"type": "Point", "coordinates": ["9.41251", "47.33103"]}}, {"type": "Feature", "properties": {"identifier": "c9ae4405-18bd-483b-b1f5-62556ceef81c", "name": "S\u00e4ntis \u2013 das Hotel", "description": "Die Schw\u00e4galp bei Tag und bei Nacht.\nEinmalig einladend. Eingebettet in einer der sch\u00f6nsten Bergkulissen befindet sich das neue Hotel auf der Schw\u00e4galp. Die Gastgeber freuen sich, Sie als G\u00e4ste begr\u00fcssen zu d\u00fcrfen. Herzlich willkommen auf der Schw\u00e4galp!\n\nBergnatur pur.\nS\u00e4ntis \u2013 das Hotel ist der ideale Ausgangspunkt f\u00fcr viele Freizeitaktivit\u00e4ten wie Wandern, Klettern oder anspruchsvolle Touren. Sie k\u00f6nnen es aber auch gem\u00e4chlicher angehen und geniessen einen gem\u00fctlichen Spaziergang auf einem der nahen Wege durch die intakte Bergnatur oder den NaturErlebnispark oder Mieten Sie an der R\u00e9ception halbtags oder den ganzen Tag ein E-Bike. Verbringen Sie aktive Stunden bei uns auf der Schw\u00e4galp und Umgebung.\n\nEntspannung mit Genuss. \nIm Wellnessbereich mit Sauna, Bio-Sauna, Dampfbad, Erlebnisdusche und einem stillen Ruheraum mit Blick in die einmalige Natur, erholen Sie sich von Ihren Alltagssorgen oder der k\u00f6rperlichen Anstrengung nach Ihren Ausfl\u00fcgen.\nDass dabei der kulinarische Aspekt nicht zu kurz kommt, versteht sich von selbst: Im Restaurant mit der wunderbaren Sonnenterrasse werden Ihnen typische Gerichte serviert: Traditionen modern interpretiert und frisch.\n\nSanfte Tr\u00e4ume. \nAuf drei Etagen laden 68 komfortabel ausgestattete Zimmer und Junior-Suiten zu einer ruhigen und erholsamen Nacht ein. Ihr erster Blick am Morgen gilt dem steil aufragenden S\u00e4ntis oder dem vertr\u00e4umten Weidwald. Und wer weiss, vielleicht entdecken Sie noch vor dem Gang ans reichhaltige Fr\u00fchst\u00fccksbuffet einen Fuchs, ein Reh oder sogar einen Steinbock.", "url": "http://www.saentisbahn.ch/hotel", "image": "https://alarpimtsoch.sos-ch-dk-2.exoscale-cdn.com/catalog/2/8/6/8/286808875f605f3caeb66fc17cb147e009d8a3a5_S__ntis___Das_Hotel_3.jpg", "openstreetmap_id": "way/374699470"}, "geometry": {"type": "Point", "coordinates": ["9.318595133336622", "47.25655475000001"]}}, {"type": "Feature", "properties": {"identifier": "c9eb3331-5ef1-465b-a4fb-15a5f23fac2c", "name": "Ladestation - Hotel S\u00e4ntis Schw\u00e4galp", "description": "Diese Ladem\u00f6glichkeit befindet sich direkt vor dem Eingang zum Hotel S\u00e4ntis und kann gratis genutzt werden. Die Ladestation verf\u00fcgt \u00fcber insgesamt 5 Steckpl\u00e4tze. Ladekabel f\u00fcr verschiedene Hersteller sind in einer Box beim Eingang beziehbar.", "image": "https://alarpimtsoch.sos-ch-dk-2.exoscale-cdn.com/catalog/f/6/d/a/f6da59bbdfeecb83f776d152341dff8c1519a567_IMG_2285.jpeg", "openstreetmap_id": "6035271604"}, "geometry": {"type": "Point", "coordinates": ["9.318584203720095", "47.25639373138593"]}}, {"type": "Feature", "properties": {"identifier": "cb0a1147-ae30-49cd-b64c-f14234d612b9", "name": "Werkzeugstation - Gais Bahnhof", "description": "Die Werkzeugstation befindet sich am WC-H\u00e4uschen neben dem Bahnhofsgeb\u00e4ude.", "image": "https://alarpimtsoch.sos-ch-dk-2.exoscale-cdn.com/catalog/9/7/e/5/97e5de220f48a715e9dbeecad20c3b546f57f3b4__DSC0661.JPG", "openstreetmap_id": "4999169259"}, "geometry": {"type": "Point", "coordinates": ["9.450720548629763", "47.36084556403233"]}}, {"type": "Feature", "properties": {"identifier": "cc1c2219-38bf-4a10-b1cd-a4b38aad641b", "name": "Werkzeugstation - Heiden Bahnhof", "description": "Diese Werkzeugstation befindet sich direkt neben dem Bahnhofsgeb\u00e4ude Seite Rorschach.", "image": "https://alarpimtsoch.sos-ch-dk-2.exoscale-cdn.com/catalog/8/b/5/a/8b5a37f396a88c18028daee1f48bb529c87b7f73__DSC0610.JPG", "openstreetmap_id": "326268455"}, "geometry": {"type": "Point", "coordinates": ["9.536363482475283", "47.44612673393579"]}}, {"type": "Feature", "properties": {"identifier": "cc3ce9f6-0086-40c2-b401-9f4199e52f87", "name": "Gasthaus H\u00f6rnli Hundwil", "description": "Ein bisschen ausserhalb vom Dorf befindet sich unser Gasthaus an der Strasse Richtung Urn\u00e4sch, zu Fuss sind wir von der Posthaltestelle in etwa 15 min zu erreichen. In der gem\u00fctlichen Gastube hat es Platz f\u00fcr 60 Personen. Im oberen Stock hat es einen sch\u00f6nen Saal f\u00fcr 70 Personen und draussen finden auf unserer Terrasse nochmals 30 Personen Platz.\nAus unserer K\u00fcche kommen gutb\u00fcrgerliche Gerichte und Fleisch vom eigenen Bauernhof. Bei uns werden Br\u00e4uche gelebt und Feste gefeiert.", "url": "https://hoernli-hundwil.ch", "image": "https://alarpimtsoch.sos-ch-dk-2.exoscale-cdn.com/catalog/4/8/a/5/48a53019bc0539f2ea8ed3691b77f0572b421391_Bild_H__rnli.JPG", "openstreetmap_id": "194176574"}, "geometry": {"type": "Point", "coordinates": ["9.315037634764266", "47.35761495"]}}, {"type": "Feature", "properties": {"identifier": "cd96f603-c9de-4531-8eb4-b230e8fc5662", "name": "Hotel Idyll Gais", "description": "<p>Im &uuml;ber 300-j&auml;hrigen Appenzellerhaus tauchen Sie in eine entschleunigte Welt ein. In den lichtdurchfluteten Seminarr&auml;umen &ouml;ffnen Sie sich automatisch f&uuml;r Neues. F&uuml;r Ihr leibliches Wohl bieten wir Ihnen frische Gerichte mit lokalen Produkten an. Wanderwege und Langlaufloipe f&uuml;hren am Haus vorbei. Drinnen erwartet Sie ein kleines, eingespieltes Team.</p><p>S&ouml;nd willkomm!</p>", "url": "https://www.idyll-gais.ch/", "image": "https://alarpimtsoch.sos-ch-dk-2.exoscale-cdn.com/catalog/8/5/0/a/850a937e3f376c5490f75dff9ce497bb33228a1f_idyll_fruehling_064.jpg", "openstreetmap_id": "319128388"}, "geometry": {"type": "Point", "coordinates": ["9.454309199999999", "47.352810299999994"]}}, {"type": "Feature", "properties": {"identifier": "ce4fe92d-ba83-4e53-92c4-147870d3d88a", "name": "Wohnmobilstellplatz Schw\u00e4galp", "description": "Geniessen Sie w\u00e4hrend Ihres Aufenthalts eine sch\u00f6ne Sicht ins Gr\u00fcne und auf das S\u00e4ntismassiv. Vom Stellplatz aus sind Wanderwege, Bergbahn sowie Restaurants und \u00d6v Haltestellen schnell zu erreichen.\n\nDer Stellplatz bietet Platz f\u00fcr zw\u00f6lf Camper. \nDieser Stellplatz kostet CHF 20 / Nacht. Bezahlm\u00f6glichkeiten gibt es via der Park'n sleep App.", "url": "https://www.parknsleep.eu/ps/parkplatz-santis-schwebebahn", "image": "https://alarpimtsoch.sos-ch-dk-2.exoscale-cdn.com/catalog/b/9/6/2/b96212dd7b99a29d23b3ee5ef384a4bb8a9f910c_urn__sch_s__ntis__1_.jpg", "openstreetmap_id": "node/53719284"}, "geometry": {"type": "Point", "coordinates": ["9.3201563115154", "47.25700122126115"]}}, {"type": "Feature", "properties": {"identifier": "ce6c7f87-bbc4-4498-be9c-76319808e637", "name": "Fabrikantenhaus Schwellbrunn", "description": "<p>Das eindr\u00fcckliche Geb\u00e4ude an der Gerenstrasse erz\u00e4hlt die Geschichte der einst bl\u00fchenden Textilindustrie im Appenzellerland. Im 19. Jahrhundert im klassizistischen Stil der damaligen Fabrikantenh\u00e4user erbaut, zeugt es von der wirtschaftlichen Bedeutung der Region.&nbsp;</p><p>Auf Initiative einer Gruppe aus dem Dorf, wurde die Stiftung Fabrikantenhaus ins Leben gerufen. Dies mit dem Ziel, das Geb\u00e4ude zu sanieren und einer breiten \u00d6ffentlichkeit zug\u00e4nglich zu machen. Das Projekt konnte im Herbst 2024 abgeschlossen werden. Seither d\u00fcrfen Ferieng\u00e4ste die besondere Atmosph\u00e4re des Fabrikantenhauses fernab der Hektik geniessen. Die Ferienwohnungen werden \u00fcber die Buchungsplattform der Stiftung Ferien im Baudenkmal vermittelt.&nbsp;</p><p>Im Fabrikantenhaus Schwellbrunn stehen zudem flexibel nutzbare R\u00e4ume samt gut ausgestatteter Eventk\u00fcche zur Verf\u00fcgung, die sich perfekt f\u00fcr verschiedene Anl\u00e4sse f\u00fcr bis zu 50 Personen anpassen lassen - ob Meeting, Workshop oder festlicher Anlass.&nbsp;</p>", "url": "http://ferienimbaudenkmal.ch", "image": "https://alarpimtsoch.sos-ch-dk-2.exoscale-cdn.com/catalog/9/c/1/b/9c1bc244d98d7650589b858d0bde3451ee1a00df_AR_Schwellbrunn_Fabrikantenhaus3.jpg", "openstreetmap_id": "396672070"}, "geometry": {"type": "Point", "coordinates": ["9.250847778086401", "47.35357478141015"]}}, {"type": "Feature", "properties": {"identifier": "ce850ce6-ddd8-4dfe-b6d7-4aac7e23fd0d", "name": "Goba Flauderei", "description": "Die Flauderei ist Ausstellungsraum, Schatzkammer, Erlebnisort und Einkaufsladen in einem. Hier haben die Kr\u00e4uterspezialit\u00e4ten aus der Goba Manufaktur ihren grossen Auftritt: All die feinen Kr\u00e4uterteemischungen, Konfis, Lik\u00f6re und Bitter, innovative Upcycling-Produkte und weitere K\u00f6stlichkeiten in edler Verpackung. Dazu kleine Kunstwerke, handverlesene Mitbringsel und andere Sache-S\u00e4cheli, die das Leben sch\u00f6n machen. Es gibt immer Neues zu entdecken. Man kann probieren und degustieren, einen Tee oder Flauder Cocktail geniessen - es sich und seiner Seele einfach gut gehen lassen. Und die Kleinen vergn\u00fcgen sich unterdessen in der Kinderecke.\n\nMan muss es erlebt haben. Also nichts wie hin!", "url": "https://goba-welt.ch/unternehmen/ueber-uns/flauderei", "image": "https://alarpimtsoch.sos-ch-dk-2.exoscale-cdn.com/catalog/2/9/3/6/293611086e9fd182f8954773efd734b7649a1584_1A7A8248.jpg", "openstreetmap_id": "6767819185"}, "geometry": {"type": "Point", "coordinates": ["9.409264020520084", "47.330865219048"]}}, {"type": "Feature", "properties": {"identifier": "d28b2332-b09c-4e42-b4eb-4485ca5c8015", "name": "Pumptrack Urn\u00e4sch", "description": "\u200bEinen Pumptrack zu befahren, bedeutet vor allem auf einem endlos angelegten Track Spass und Freude an der Bewegung zu erfahren. Dabei gilt es, den Kurs mit seinen Wellen, Kurven und allenfalls Spr\u00fcngen, durch schwungvolle Auf- und Abbewegungen \u2013 dem sogenannten \u00abPumpen\u00bb \u2013 aktiv zu befahren und dabei Geschwindigkeit zu generieren ohne zu pedalen oder anzuschieben.", "url": "https://www.pumptrack-urnaesch.ch/", "image": "https://alarpimtsoch.sos-ch-dk-2.exoscale-cdn.com/catalog/7/6/c/6/76c62652cad62698b9683a70543482f92e10a5ba_Urn__sch_Pumptrack.jpg", "openstreetmap_id": "1138885251"}, "geometry": {"type": "Point", "coordinates": ["9.285464", "47.315164"]}}, {"type": "Feature", "properties": {"identifier": "d3733914-ea95-4656-b077-909967fbdad9", "name": "Ferienwohnung Hof Bommes", "description": "<p>Diese grosse, am Dorfrand gelegene, einfach Ferienwohnung ist ideal f&uuml;r Familien. Nebst dem Doppelzimmer bietet sie eine offene Galerie mit Betten f&uuml;r bis 4 Kinder. Ausserdem befindet sich im Haus ein grosser Hofladen mit Gem&uuml;se und grossem Bioangebot. Kinder d&uuml;rfen auch im Stall mithelfen. Die Badi Gais befindet sich in Gehdistanz. Sitzplatz mit Grill vor dem Haus.<br>Preis: CHF 655 / Woche&nbsp;&nbsp;<br>Vermietung: wochenweise</p><h4>Hier gilt die&nbsp;<a href=\"https://www.appenzell.ch/de/unterkunft/appenzeller-ferienkarte.html\">Appenzeller Ferienkarte</a></h4>", "url": "https://www.hofladen-gais.ch/", "image": "https://alarpimtsoch.sos-ch-dk-2.exoscale-cdn.com/catalog/1/5/e/4/15e4c4a4dffcf2195e5fe1baa6dd399d33d80a9e_gais_hof_bommes.png", "openstreetmap_id": "319847506"}, "geometry": {"type": "Point", "coordinates": ["9.460230699999999", "47.364070299999995"]}}, {"type": "Feature", "properties": {"identifier": "d581aecf-0947-4039-818c-9b771ad2aa18", "name": "Urwaldhaus - Wirtschaft zum B\u00e4ren", "description": "Die Wirtschaft zum B\u00e4ren, besser bekannt unter dem Namen Urwaldhaus, geh\u00f6rt zu den \u00e4ltesten Geb\u00e4uden Rehetobels. Seine Anf\u00e4nge gehen auf das 16. Jahrhundert zur\u00fcck. Seit 1805 wird im Haus eine Wirtschaft betrieben. Legend\u00e4r wurde das Haus in den 1950ern und 60ern durch die Wirtin Frieda F\u00e4ssler, von allen nur \u00abB\u00e4ren-Frieda\u00bb genannt. Sie verstand es, durch ihre Geschichten alle in den Bann dieses speziellen Ortes zu ziehen. Nach ihrem Tod 1966 kaufte die Gemeinde das kulturell wertvolle Denkmalschutzobjekt. Seither wurde es weiter als einfache Gastst\u00e4tte betrieben. Das Urwaldhaus bietet urchig-romantische Gaststuben f\u00fcr den geselligen Jass am Stammtisch, feines Essen, erlesene Getr\u00e4nke, Begegnungen, Gespr\u00e4che und kulturellen Austausch, R\u00e4ume f\u00fcr R\u00fcckzug, Anl\u00e4sse bis hin zu Seminaren.\n\nF\u00fcr die Restaurant-G\u00e4ste bietet der \u00abB\u00e4ren\u00bb drei heimelig, rustikale Zimmer zur \u00dcbernachtung an. Das Badezimmer mit Dusche befindet sich zur Einzelnutzung auf der Etage.", "url": "https://urwaldhaus.ch/", "image": "https://alarpimtsoch.sos-ch-dk-2.exoscale-cdn.com/catalog/e/6/b/4/e6b40c64160e354e75c8ae7c348218b30ad2d594_Hauptbild2.jpg", "openstreetmap_id": "12328943500"}, "geometry": {"type": "Point", "coordinates": ["9.467033", "47.4314479"]}}, {"type": "Feature", "properties": {"identifier": "d83886cb-8881-45b4-95ff-50c4bcb91032", "name": "Ferienbleibe Rosenweg \u2013 am Fusse des Alpsteins", "description": "In Urn\u00e4sch gibt es viel zu erleben. Direkt vor der Haust\u00fcre beginnen die sch\u00f6nsten Wanderrouten und Biketouren im Alpstein. Im Winter liegen der Dorfskilift und die Langlaufloipe 100 Schritte entfernt. Doch vor allem sind es die kleinen Dinge, die in Erinnerung bleiben. Sie sollen nicht nur ausserhalb der Ferienbleibe zum Staunen kommen. Deshalb haben sich die Gastgeber besonders viel M\u00fche gegeben und das Herzblut in die Einrichtung der Ferienbleibe gesteckt. Im ganzen Haus finden sich liebevolle Details, die von der Zeit erz\u00e4hlen als die Rose eine B\u00e4ckerei war. Die Vierzimmer-Wohnung verteilt sich \u00fcber drei St\u00f6cke. Insgesamt bieten zwei Schlafzimmer Platz f\u00fcr f\u00fcnf Personen. Das Spiel- und Leseversteck sowie das ger\u00e4umige Wohnzimmer sind Wohlf\u00fchlorte f\u00fcr Gross und Klein. Die Ferienbleibe liegt f\u00fcnf Minuten vom Dorfzentrum entfernt. Entspannt zu Fuss einkaufen ist genauso unkompliziert, wie die Anreise mit dem \u00f6ffentlichen Verkehr.", "url": "https://www.rosenweg.ch/die-ferienbleibe", "image": "https://alarpimtsoch.sos-ch-dk-2.exoscale-cdn.com/catalog/0/f/2/4/0f24c2a03f0a1b145383c373dd731b2c898ade54_91a70bc703901e7cd6c112fb4669a8ec_767x0.jpg", "openstreetmap_id": "way/505489264"}, "geometry": {"type": "Point", "coordinates": ["9.280174970626833", "47.314617366913"]}}, {"type": "Feature", "properties": {"identifier": "d89dfeb5-7e25-40f4-bfab-1e0d86fb889f", "name": "Werkzeugstation - Urn\u00e4sch Kronenparkplatz", "description": "Diese Werkzeugstation befindet sich beim Parkplatz oberhalb des Bahnhofs Urn\u00e4sch auf einer Mauer. (siehe Bild)", "image": "https://alarpimtsoch.sos-ch-dk-2.exoscale-cdn.com/catalog/0/9/4/8/0948cfd255bcc0a2a89732c807d7febcfb9f0b7c_Urn__sch_Werkzeugstation_1.jpg", "openstreetmap_id": "263598387"}, "geometry": {"type": "Point", "coordinates": ["9.284284114837648", "47.31761405650895"]}}, {"type": "Feature", "properties": {"identifier": "d8b8d894-f742-4347-afe4-3788a4f1c085", "name": "Feuerstelle Fr\u00f6lichsegg", "url": "http://www.teufen.ch/xml_1/internet/de/intro.cfm", "image": "https://alarpimtsoch.sos-ch-dk-2.exoscale-cdn.com/catalog/4/8/c/f/48cf25319dc7d3f51e3a6959ee5f6e0a524006eb_08_2020_teufen_fr__lichsegg__3_.jpg", "openstreetmap_id": "10790171037"}, "geometry": {"type": "Point", "coordinates": ["9.3785942", "47.3973088"]}}, {"type": "Feature", "properties": {"identifier": "d90f0e43-aaff-419b-9db0-6543666f3722", "name": "Seminar Hotel Restaurant Ch\u00e4seren", "description": "<p>Das Seminarhotel und Restaurant Ch\u00e4seren liegt in einer ruhigen Landschaft, 20 Kilometer von St. Gallen entfernt. Es bietet eine wundersch\u00f6ne Aussicht auf das Alpsteinmassiv mit dem S\u00e4ntis. Das Restaurant serviert Schweizer und internationale K\u00fcche sowie saisonale Gerichte.&nbsp;</p><p>Der charmante Appenzeller Landhausstil verleiht den R\u00e4umlichkeiten eine nat\u00fcrliche Eleganz und schafft drinnen wie draussen die perfekte Kulisse f\u00fcr individuelle W\u00fcnsche. Ob f\u00fcr Seminare, eine entspannende Auszeit oder aktive Abenteuer&nbsp;<span style=\"font-family: &quot;Times New Roman&quot;, serif; font-size: 16px;\">\u2013&nbsp;</span>im Seminarhotel und Restaurant Ch\u00e4seren finden Sie den idealen Ort.&nbsp;Die Zimmer des Hotels verf\u00fcgen \u00fcber Sat-TV, Safe und Badezimmer. Wanderwege, Mountainbike-Strecken und im Winter eine Langlaufloipe starten direkt vor der Haust\u00fcr.</p>", "url": "https://www.chaeseren.ch", "image": "https://alarpimtsoch.sos-ch-dk-2.exoscale-cdn.com/catalog/6/6/8/d/668d7afbe2834403a6206810583f6ea57ef9cfe7_Ch__seren.JPG", "openstreetmap_id": "node/9214979979"}, "geometry": {"type": "Point", "coordinates": ["9.202964901924135", "47.329915329608"]}}, {"type": "Feature", "properties": {"identifier": "da19fd1e-5795-438a-967b-5e44f5f96f8d", "name": "Ferienhaus Sennast\u00fcbli", "description": "Das kleine Chalet mit seiner optimal eingerichteten K\u00fcche, einem Badezimmer mit WC und Dusche, dem Schlafzimmer mit Doppelbett und dem kleinen herzigen St\u00fcbli mit Fernseh und Radio l\u00e4dt zum verweilen ein. Wir empfehlen jedoch das Panoramafernsehn zum Fenster raus.  Der grosse Garten und die Terrasse geben Platz um draussen die Natur zu geniessen und zu entspannen. Sie k\u00f6nnen wundersch\u00f6ne Sonnenauf und -unterg\u00e4nge mit Blick auf den Alpstein geniessen. Der atemberaubende Ausblick \u00fcber den Alpstein, H\u00fcgel und das Land l\u00e4dt zudem zum Wandern, Sporttreiben und spazieren ein. Das H\u00e4uschen ist perfekt gelegen f\u00fcr Wanderungen oder f\u00fcr Wintersportferien mit Schneeschuhlaufen, Langlaufen oder Schlitteln.\n\nVermietung wochenweise.", "url": "https://www.sennast\u00fcbli.ch/", "image": "https://alarpimtsoch.sos-ch-dk-2.exoscale-cdn.com/catalog/3/5/d/3/35d31433f0b0a73ee9e62c35c2472023b8afa1f2_683aee0fde8419abaad1020919f7f071_767x0.jpg", "openstreetmap_id": "way/775757924"}, "geometry": {"type": "Point", "coordinates": ["9.432449340820314", "47.3830960896874"]}}, {"type": "Feature", "properties": {"identifier": "daf85931-1fb0-49eb-9957-7a87c063902f", "name": "Appenzeller Alpenbitter - Gef\u00fchrter Rundgang und Degustation", "description": "Erleben Sie die Kr\u00e4uterwelt mit allen Sinnen und kommen Sie dem gut geh\u00fcteten Geheimnis n\u00e4her: dem Originalrezept des Appenzeller Alpenbitters mit 42 auserlesenen Kr\u00e4utern.\n\nAuf einem Rundgang erfahren Sie mehr \u00fcber die 42 Kr\u00e4uter, das Brennen von Spitzenprodukten und den Familienbetrieb.\nNachdem Sie viel Spannendes \u00fcber die Brenntradition und die Herstellung erfahren haben, ist es Zeit, den Appenzeller Alpenbitter und weitere Spezialit\u00e4ten bei einer Degustation kennenzulernen. S\u00e4mtliche Produkte k\u00f6nnen Sie im Laden kaufen.\n\nBuchbar ab 10 Personen (max. 60 Personen pro F\u00fchrung)\nWann: Auf Voranmeldung\nDauer: ca. 1.5 Stunden\nKosten: Kostenlos", "url": "https://www.appenzeller.com/", "image": "https://alarpimtsoch.sos-ch-dk-2.exoscale-cdn.com/catalog/b/d/e/d/bdedb979705cef6c90b4f02df953e3c6fc5f7b9d_App_kraeuterwelt_01.jpg", "openstreetmap_id": "way/239877619"}, "geometry": {"type": "Point", "coordinates": ["9.413917057033657", "47.32892515"]}}, {"type": "Feature", "properties": {"identifier": "dfa08afd-0eb6-4af5-ae08-9fae1edabab2", "name": "Feuerstelle Streichelfarm", "url": "https://www.gais.ch/portal-gemeinde-tourismus.html", "image": "https://alarpimtsoch.sos-ch-dk-2.exoscale-cdn.com/catalog/3/f/d/f/3fdfdd07df26efed7f21bd9e564bc61abaf6a2b7_Feuerstelle.jpg", "openstreetmap_id": "1106416770"}, "geometry": {"type": "Point", "coordinates": ["9.4544988", "47.3526032"]}}, {"type": "Feature", "properties": {"identifier": "dfdbbbc0-3619-4bed-a67d-177e2e0b4808", "name": "Feuerstelle Kaienspitz", "url": "http://www.rehetobel.ch/de/", "image": "https://alarpimtsoch.sos-ch-dk-2.exoscale-cdn.com/catalog/3/f/d/f/3fdfdd07df26efed7f21bd9e564bc61abaf6a2b7_Feuerstelle.jpg", "openstreetmap_id": "1149868401"}, "geometry": {"type": "Point", "coordinates": ["9.504075050354006", "47.43228956203512"]}}, {"type": "Feature", "properties": {"identifier": "e02faaf4-6ca7-420c-b98b-ee78c67b9249", "name": "Urn\u00e4scher Demeter Hof", "description": "<p>&bdquo;Schlof&auml;&auml; id&auml; Streuii&ldquo; &ndash; Auf dem biodynamischen Demeterhof in Urn&auml;sch.</p><p>&Uuml;bernachten Sie in unseren vier neuen, ganzj&auml;hrig ge&ouml;ffneten Heuzimmern mit Streubett und erleben Sie die Natur mit allen Sinnen.</p><p>&Uuml;bernachtungen ab 1 bis 16 Personen m&ouml;glich.</p><p><a href=\"https://urnaescher-demeterhof.ch/wp-content/uploads/2026/07/Demeter-Preisliste-UebernachtenPDF.pdf\" target=\"_blank\" rel=\"noopener\">Preisliste</a></p>", "url": "https://urnaescher-demeterhof.ch/", "image": "https://alarpimtsoch.sos-ch-dk-2.exoscale-cdn.com/catalog/d/a/f/0/daf07017ebdb0ef2ccb2a7f13d1f6d2da2950a90_Demeterhof_Hauptbild.JPG", "openstreetmap_id": "node/13328569562"}, "geometry": {"type": "Point", "coordinates": ["9.281639362859028", "47.31340629756989"]}}, {"type": "Feature", "properties": {"identifier": "e060d890-57dc-4344-990c-13a699f6b373", "name": "Feuerstelle Schlipf", "url": "http://www.teufen.ch/xml_1/internet/de/intro.cfm", "image": "https://alarpimtsoch.sos-ch-dk-2.exoscale-cdn.com/catalog/c/5/5/b/c55b94581a38aa9ace0e0acad391ed67c7798cb8_08_2020_teufen_schlipf__2_.jpg", "openstreetmap_id": "1331484207"}, "geometry": {"type": "Point", "coordinates": ["9.3749279", "47.396131"]}}, {"type": "Feature", "properties": {"identifier": "e285d961-3a3e-4026-bd40-9d567610f097", "name": "Ferienwohnung Windegg", "description": "<p>Ideal f\u00fcr Familien, Paare, Senioren, Ruhesuchende, Gesch\u00e4ftsleute, Naturfreunde usw. Abseits von L\u00e4rm und Hektik mit traumhafter Panorama-Sicht auf den Alpstein geniessen Sie hier Ihre Ferientage. Die Ferienwohnung mit separatem Eingang liegt auf 950 m. \u00fc. M. ausserhalb von Urn\u00e4sch. Die gem\u00fctliche Wohnung bietet eine moderne K\u00fcche, eine Stube und zwei Schlafzimmer. Ein grossz\u00fcgiger Garten mit viel Sonne, schattenspendenden Obstb\u00e4umen und herrlichem Weitblick l\u00e4dt zum Verweilen ein. Zahllose Wanderwege warten darauf, entdeckt zu werden. Im nahegelegenen Wald l\u00e4dt ein Tipi (inkl. Feuerstelle) auch Kinder zu Spass und Abenteuern ein. Falls sich jemand von den warmen Augen der Alpakas und Lamas ber\u00fchren lassen m\u00f6chte, wohnen diese zauberhaften Tiere nur ein paar Schritte von der Ferienwohnungst\u00fcr entfernt und k\u00f6nnen jederzeit beim Fressen, Summen und Geniessen beobachtet werden. Monika Egli heisst Sie herzlich willkommen! Preise (exkl. Kurtaxe) Ganze Wohnung CHF 850.-- pro Woche f\u00fcr 2 Personen, jede zus\u00e4tzliche Person CHF 200.--, pro Kind 2-12 J.: CHF 70.-- Bei k\u00fcrzerer Aufenthaltsdauer: 2 N\u00e4chte f\u00fcr 2 Personen CHF 80.--/Person/Nacht f\u00fcr jede zus\u00e4tzliche Person: CHF 80.--/Nacht Kinder 2-12 J.: CHF 35.--/Kind/Nacht Ab 3 N\u00e4chten f\u00fcr 2 Personen CHF 70.--/Person/Nacht Kinder 2-12 J.: CHF 25.--/Kind/Nacht Einzelbelegung ganze Wohnung ab 2 N\u00e4chten CHF 105.--/Person/Nacht Reinigung pauschal: CHF 140.--/Aufenthalt Im Preis inbegriffen sind Bett-, Bad- und K\u00fcchenw\u00e4sche. F\u00fcr die Kinder hat es zahlreiche Spielsachen zum Ben\u00fctzen und ganz viel Platz in der freien Natur. Ab zwei \u00dcbernachtungen kann von der OKSAR Ferienkarte profitiert werden. Gerne teilt Monika Egli Informationen dar\u00fcber mit.</p><p></p><p>Mindestaufenthalt: 2 N\u00e4chte </p><p></p>", "url": "https://tiererlebnishof.ch/ferienwohnung", "image": "https://alarpimtsoch.sos-ch-dk-2.exoscale-cdn.com/catalog/9/e/a/9/9ea9b646be0710e6d32a90c336c2c8bee68f32af_Haus_mit_Alpakas.jpg", "openstreetmap_id": "987366078"}, "geometry": {"type": "Point", "coordinates": ["9.278789999999999", "47.33515"]}}, {"type": "Feature", "properties": {"identifier": "e2d0378f-7b48-4e5a-828c-de3bd9962978", "name": "Ladestation - Landi Sch\u00f6nengrund", "description": "Die Ladestation befindet sich bei der Agrola Tankstelle in Wald-Sch\u00f6nengrund und kann gratis genutzt werden. Zu dem kann das Ladeger\u00e4t eingeschlossen werden.", "image": "https://alarpimtsoch.sos-ch-dk-2.exoscale-cdn.com/catalog/4/9/3/5/493579bd821ca27b92f2ca805b5321db0a0e70a1_Ladestation_Landi_Sch__nengrund_1.jpg", "openstreetmap_id": "1167512766"}, "geometry": {"type": "Point", "coordinates": ["9.221531152725222", "47.327809116904085"]}}, {"type": "Feature", "properties": {"identifier": "e39da60f-1814-4cc3-be75-9c3f86f6f876", "name": "B\u00e4ckerei Kast AG", "description": "Im Mittelpunkt unserer Backstube steht der direkt befeuerte Holzofen: Dort, wo das Feuer entfacht wird, backen die Brote in ruhiger Hitze zu voller Aromatik. Dieses urspr\u00fcngliche Backen pr\u00e4gt den Charakter jedes einzelnen Geb\u00e4cks.\nT\u00e4glich entstehen bei uns Brote, Kleinbrote und feines S\u00fcssgeb\u00e4ck, hergestellt aus besten biologischen Rohstoffen, mit handwerklicher Sorgfalt und viel Zeit f\u00fcr die Teigreife. Besonders stolz sind wir auf unser grosses Sauerteigbrotsortiment: vielf\u00e4ltig, aromatisch und gepr\u00e4gt von langer Fermentation, die Bek\u00f6mmlichkeit und Tiefe verleiht.\nSo verbinden wir ehrliches Handwerk, Geduld und die Kraft des Holzofens zu Backwaren mit unverwechselbarem Charakter, Tag f\u00fcr Tag frisch aus der Backstube.", "url": "https://www.baeckerei-kast.ch/index.php", "image": "https://alarpimtsoch.sos-ch-dk-2.exoscale-cdn.com/catalog/0/5/0/d/050d741b3d01a3501de23cea73f6bfae62dbd686_Baeckerei_Kast_Reute_08.jpg", "openstreetmap_id": "195423086"}, "geometry": {"type": "Point", "coordinates": ["9.578271934025699", "47.416344318153385"]}}, {"type": "Feature", "properties": {"identifier": "e3cd6f5d-1e4b-4015-91f3-15f9687d03a9", "name": "Brauchtumsmuseum - Naturjodelkurs und Talerschwingen", "description": "<p>Nach einem appenzellischen Willkommensgetr&auml;nk erhalten Sie unter fachkundiger F&uuml;hrung einen Einblick in die b&auml;uerliche Kultur des Appenzellerlandes und erlernen mit einem Appenzeller Jodler in den stimmungsvollen R&auml;umlichkeiten den Naturjodel und das Talerschwingen. Ein echtes Erlebnis!</p><p>Dauer: 2 bis 2.5 Stunden <br>Teilnehmer: bis 25 Personen <br>Kosten:</p><ul><li>Naturjodelkurs pro Gruppe CHF 300.- (bis max. 25 Pers.)</li><li>zzgl. Museumseintritt pro Person CHF 8.- (ab 10 Pers.)</li><li>zzgl. F&uuml;hrung pro Person CHF 8.- (ab 10 Pers.)&nbsp;</li><li>Schulklassen aus dem Kanton AR gratis</li></ul>", "url": "https://www.museum-urnaesch.ch", "image": "https://alarpimtsoch.sos-ch-dk-2.exoscale-cdn.com/catalog/b/b/e/a/bbeaf573039520c684c4e6920fbca9768e5f3e1e_IMG_3347.gif", "openstreetmap_id": "299122250"}, "geometry": {"type": "Point", "coordinates": ["9.2829", "47.31713"]}}, {"type": "Feature", "properties": {"identifier": "e496d6b4-8b05-425f-9e37-e6b3877d2eff", "name": "Ferienwohnig ufem Berg", "description": "<p>Um unser Haus herum hat es viel Platz zum spielen. Verschiedene Freizeitm&ouml;glichkeiten in Herisau sind schnell erreichbar: wie Sportzentrum, grosser Spielplatz, Appenzellerpark mit einem der gr&ouml;ssten Bagger der Welt, sowie Kinderpardies Sedel. S&auml;ntispark, Stausee, Walter Zoo, Schauk&auml;serei und Museen in den Nachbargemeinden. St. Gallen, Bodensee, Appenzell und Alpstein sind in max. 30. Automin. erreichbar. In der heimeligen Dachwohnung befindet sich eine gem&uuml;tliche Kochnische mit neuem Wohnzimmer, ein neues Doppelzimmer mit Kinderbett, ein Doppelzimmer mit Blick zum S&auml;ntis, ein Zimmer mit Etagebett, sowie Dusche/WC. Verschiedene Raumh&ouml;hen durch Dachschr&auml;gen ab 195 cm. Gute Zufahrtsstrasse, 5 Autom. zum Zentrum, 10 Fussmin. zum Bus. <br>Wir freuen uns auf Ihren Besuch!<br><br>Preis: ab CHF 800 / Woche&nbsp;</p>", "image": "https://alarpimtsoch.sos-ch-dk-2.exoscale-cdn.com/catalog/5/9/7/6/597612a775681f64b33f2a29c0edc669badcf1af_ufemberg.jpg", "openstreetmap_id": "392124528"}, "geometry": {"type": "Point", "coordinates": ["9.3130565", "47.391884999999995"]}}, {"type": "Feature", "properties": {"identifier": "e617d108-7121-4f50-a7d3-18cdbdd2c097", "name": "Appenzeller Heilbad", "description": "Mitten in der voralpinen H\u00fcgellandschaft zwischen Bodensee und S\u00e4ntis wird seit \u00fcber 300 Jahren Quellwasser mit wertvollen Mineralstoffen und Spurenelementen genutzt.\nHeute bietet das Appenzeller Heilbad eine vielf\u00e4ltige B\u00e4der- und Saunalandschaft mit Innen- und Aussenbecken, Massagen und Kosmetikbehandlungen, Physiotherapie und ein modernes Fitnesscenter. Geniessen\nSie erholsame Stunden mitten in der Natur!", "url": "https://www.heilbad.ch/", "image": "https://alarpimtsoch.sos-ch-dk-2.exoscale-cdn.com/catalog/1/3/0/1/1301a48012b1dbd62ea57208fefbb0550855657e_23022_2087_Aussenbad_Einlauf_kleiner.jpg", "openstreetmap_id": "199064816"}, "geometry": {"type": "Point", "coordinates": ["9.5160354", "47.4308669"]}}, {"type": "Feature", "properties": {"identifier": "e69f8a28-c1b9-4f66-a1ac-3aa186b659d5", "name": "H\u00e4ngebr\u00fccke Grub", "description": "Seit April 2019 sind die zwei D\u00f6rfer Grub AR und Grub SG durch eine attraktive, 180 Meter lange H\u00e4ngebr\u00fccke \u00fcber den Mattenbach wieder miteinander verbunden. Ein sehr beliebter  Wanderweg  \u00fcber  die  Kantonsgrenze  von  der Frauenr\u00fcti Grub AR zum Gebiet Gr\u00fcnau Grub SG ist somit wieder durchgehend erschlossen. \n\nDie Br\u00fccke ist nur f\u00fcr Schwindelfreie. Der h\u00f6chste Punkt der Br\u00fccke findet sich rund 40 Meter \u00fcber der Schlucht. \n\nVerbinden Sie die Besichtigung mit einer Wanderung!\nHier finden Sie Wandervorschl\u00e4ge: <a href=\"http://www.appenzellerland.ch/rundtourheiden/\" target=\"_blank\">Rundtour Heiden</a> oder <a href=\"https://www.appenzellerland.ch/rundwanderungheiden/\" target=\"_blank\">Rundwanderung Heiden</a> ", "image": "https://alarpimtsoch.sos-ch-dk-2.exoscale-cdn.com/catalog/d/e/c/1/dec15d25410f00741d0694b11188711873b4b9e7_20_08_16_2035.jpg", "openstreetmap_id": "736603116"}, "geometry": {"type": "Point", "coordinates": ["9.5187008", "47.4505188"]}}, {"type": "Feature", "properties": {"identifier": "e6d8cb3d-44bf-4001-b1e6-53cea5ae119e", "name": "Appenzeller Schauk\u00e4serei - Shop", "description": "Im Spezialit\u00e4tengesch\u00e4ft der Appenzeller Schauk\u00e4serei finden Sie \u00fcber 80 verschiedene K\u00e4sesorten an der offenen Theke. Lassen Sie sich von der Vielfalt inspirieren und entdecken Sie Ihren pers\u00f6nlichen Favoriten aus dem ganzen Appenzeller\u00ae Sortiment. Auch die perfekten Geschenke f\u00fcr Ihre Liebsten oder Ihre Gesch\u00e4ftspartner finden Sie in diesem Shop!", "url": "http://www.schaukaeserei.ch/", "image": "https://alarpimtsoch.sos-ch-dk-2.exoscale-cdn.com/catalog/5/2/e/5/52e5beb18d7f36a5ab280cc1cd12d627ced9be0f_20190819_ASK_76.jpg", "openstreetmap_id": "node/1436691275"}, "geometry": {"type": "Point", "coordinates": ["9.3447696", "47.373519"]}}, {"type": "Feature", "properties": {"identifier": "e979493b-9f3b-40fe-a984-b25bac698280", "name": "Kulturwerkstatt - Brauchtum, Zauren und Musik", "description": "Im grossz\u00fcgigen Werkstattgeb\u00e4ude von Werner Alder, Hackbrettbauer und Mitglied der bekannten Streichmusik Alder-Dynastie, werden unterhaltsame Vortr\u00e4ge und F\u00fchrungen angeboten. W\u00e4hrend diesen erhalten Sie Einblicke in die faszinierende Welt des Hackbrettbaus, ins hiesige Brauchtum und erleben die Klangwelt der einzigartigen Appenzeller Volksmusik. Neben der Musik k\u00f6nnen Sie auch das Jodeln und Talerschwingen hautnah erleben.\nAbgerundet wird die F\u00fchrung mit einem Werkstattrundgang. Tauchen Sie ein und erfahren Sie mit all Ihren Sinnen ein echtes St\u00fcck Brauchtumskultur!\n\nAngebote Gruppenf\u00fchrungen:\n\n- Vortrag Hackbrettbau\n- Vortrag Hackbrettbau und Appenzeller Brauchtum (mit zus\u00e4tzlichen Infos zum Brauchum, Musik und Talerschwingen)\n- Kurs Jodeln und Talerschwingen\n- kommentiertes Konzert \n   Appenzeller Musik \n\nAuf Wunsch verk\u00f6stigt das Team der Kulturwerkstatt Sie gerne mit Spezialit\u00e4ten aus der Region oder bietet einen Ap\u00e9ro an.\n\nDauer: 1 bis 1 1/2 Stunden\nTeilnehmer: ab 10 Personen\nKosten: ab CHF 350.00", "url": "http://www.kulturwerkstatt-appenzellerland.ch", "image": "https://alarpimtsoch.sos-ch-dk-2.exoscale-cdn.com/catalog/2/1/2/8/2128015a7939ef266ea079b32ea5f1ed37e9d599_herisau_kulturwerkstatt.jpg", "openstreetmap_id": "3244507235"}, "geometry": {"type": "Point", "coordinates": ["9.285102000000052", "47.3877396"]}}, {"type": "Feature", "properties": {"identifier": "eedf77d6-d3b8-4df8-bb7d-46a2d726b924", "name": "Stiftung Kinderdorf Pestalozzi", "description": "Entdecken Sie das Kinderdorf Pestalozzi in Trogen, wo sich Geschichte und Gegenwart auf faszinierende Weise begegnen. Starten Sie das Erlebnis mit einer interaktiven Ausstellung, die Sie zu den Urspr\u00fcngen der ZEWO-zertifizierten Stiftung zur\u00fcckf\u00fchrt. Verfolgen Sie die Entwicklung des Kinderdorfs von seiner Gr\u00fcndungsidee nach dem Zweiten Weltkrieg bis zur renommierten NGO von heute. \n\nDie Erlebniswelt im Kinderdorf Pestalozzi bietet f\u00fcr Gross und Klein viel Platz f\u00fcr Kreativit\u00e4t, spielerisches Lernen und Erholung. Die Welt setzt sich zusammen aus vielf\u00e4ltigen Spieltr\u00e4umen und R\u00fcckzugsorten, die erkundet werden k\u00f6nnen. Auch f\u00fcr Eltern und Begleitpersonen sorgen unsere Spieltr\u00e4ume f\u00fcr Unterhaltung und interessante Erkenntnisse. Der Krimi-Trail vermittelt spannende Fakten \u00fcber Kinderrechte, w\u00e4hrend die Riesenkugelbahn, der Balancierpfad oder die bunte Spinnerei (Kletternetz) die Geschicklichkeit testen. \n\nFalls Sie noch etwas Hunger oder Durst versp\u00fcren sollten, bietet die Cafeteria mit Terrasse eine Auswahl an erfrischenden Getr\u00e4nken und Snacks.\n\nDas Kinderdorf Pestalozzi liegt hoch \u00fcber dem Bodensee, umgeben von den sanften H\u00fcgeln des Appenzellerlands. Es befindet sich nur 20 Minuten von St. Gallen entfernt \u2013 abseits jeglicher Hektik, in gr\u00fcner Natur und bequem mit der Appenzeller Bahn erreichbar. Alle Freizeitaktivit\u00e4ten, ausgenommen der Ausstellung, sind kostenlos und das ganze Jahr hindurch zug\u00e4nglich.\n\n<a href=\"https://www.pestalozzi.ch/dorf \" target=\"_blank\">Weitere Informationen und Preisdetails finden Sie hier.</a>", "url": "https://dorf.pestalozzi.ch/", "image": "https://alarpimtsoch.sos-ch-dk-2.exoscale-cdn.com/catalog/a/b/3/9/ab39e3fbff091b8b181c2d6bcc8a2763c8496d46_rsf_skp_luft_03__2.jpg", "openstreetmap_id": "761032565"}, "geometry": {"type": "Point", "coordinates": ["9.46005", "47.4033"]}}, {"type": "Feature", "properties": {"identifier": "ef207fdc-14be-4cd2-8319-9e89a4eb4a48", "name": "Museum Gais", "description": "<p>Druckgrafiken und Aquarelle zeigen Ansichten des Dorfes zwischen 1750 und 1900, als in Gais das Molkenkurwesen bl\u00fchte. Viele der \u00fcber hundert Werke dienten zur Illustration von Reiseberichten und Geschichtsb\u00fcchern. Grossformatigere Arbeiten wurden vornehmlich an Kurg\u00e4ste verkauft. Heute legen sie beredtes Zeugnis der Dorfentwicklung ab.</p><p>Sonderausstellungen greifen unterschiedlichste Themen mit Bezug zu Gais auf.</p><p>Jeweils sonntags ge\u00f6ffnet. Der Eintritt ist frei. <br>F\u00fchrung f\u00fcr Gruppen auf Anfrage.\u00a0</p><p>Alle Museen im Appenzellerland finden Sie unter: www.museen-im-appenzellerland.ch</p>", "url": "https://www.gais.ch/kultur-freizeit/museum", "image": "https://alarpimtsoch.sos-ch-dk-2.exoscale-cdn.com/catalog/4/4/4/6/4446153bf77ceb72be044a10d8b67a99788a89c3_dorfplatz.jpg", "openstreetmap_id": "319847880"}, "geometry": {"type": "Point", "coordinates": ["9.4542223", "47.3621805"]}}, {"type": "Feature", "properties": {"identifier": "ef86a4ea-e88b-4990-a04c-1def72630346", "name": "Freewings | Gleitschirmausbildung, Reisen & Hike&Fly-Shop ", "description": "<p>Weit entfernt von Bergbahnen und &uuml;berlaufenen Startpl&auml;tzen beginnt f&uuml;r uns die wahre Freiheit des Hike&amp;Fly. Bei Freewings unterst&uuml;tzen wir angehende Pilot:innen auf dem Weg zur SHV-Lizenz ebenso wie erfahrene Vielflieger:innen bei der Verfeinerung ihrer Technik. Unsere Philosophie&nbsp;liegt in der individuellen Betreuung, der sportlichen Herausforderung und dem puren Fluggef&uuml;hl - wie eine Bergdohle.</p><p>Erlebe auf unseren Flugreisen einzigartige Abenteuer in ausgesuchten Gebieten abseits der Touristenstr&ouml;me &ndash; entspannt und unter professioneller Betreuung. Im hauseigenen Hike&amp;Fly-Shop findet man zudem nur Equipment, das wir selbst t&auml;glich testen und nutzen. Von der Ausbildung am &Uuml;bungshang bis zur weltweiten Entdeckungstour: Wir helfen dir, deine Fl&uuml;gel auszubreiten und neue Perspektiven zu gewinnen.&nbsp;</p>", "url": "https://www.freewings.ch/", "image": "https://alarpimtsoch.sos-ch-dk-2.exoscale-cdn.com/catalog/8/e/f/a/8efa0753a7f4230deadd974e412913d2f64e410f_Flugschule1.jpg", "openstreetmap_id": "320022440"}, "geometry": {"type": "Point", "coordinates": ["9.421333", "47.373194"]}}, {"type": "Feature", "properties": {"identifier": "efceda8d-daf6-4840-919c-d68443f0bbd3", "name": "TukTuk-Touren", "description": "Geniessen Sie das einmalige Strassenfeeling im TukTuk. Bei einer Freiluftfahrt erleben Sie das h\u00fcgelige Appenzellerland mit all seinen Sch\u00f6nheiten und Sehensw\u00fcrdigkeiten.\n\nEinst\u00fcndige Tour (1 - 2 Personen): CHF 75.00\nZweist\u00fcndige Tour (1 - 2 Personen): CHF 150.00\nHalbt\u00e4gige Tour (1 - 2 Personen): CHF 300.00", "url": "http://www.calessino.ch", "image": "https://alarpimtsoch.sos-ch-dk-2.exoscale-cdn.com/catalog/3/8/3/4/38349d11435cebf2473e6eb6f24e4191717e4a24_herisau_business_concierge.jpg", "openstreetmap_id": "way/1112456066"}, "geometry": {"type": "Point", "coordinates": ["9.295223251949373", "47.3913797"]}}, {"type": "Feature", "properties": {"identifier": "f15fd7fa-5857-421f-bfa4-e96387fd5a11", "name": "Feuerstelle Moos", "url": "http://www.teufen.ch/xml_1/internet/de/intro.cfm", "image": "https://alarpimtsoch.sos-ch-dk-2.exoscale-cdn.com/catalog/6/9/2/b/692b7005a3f9891119962485e0ba2115fe255457_Wetti1.jpg", "openstreetmap_id": "node/235421329"}, "geometry": {"type": "Point", "coordinates": ["9.422371881238885", "47.39823024372023"]}}, {"type": "Feature", "properties": {"identifier": "f16a6a6a-fb2b-4d3f-b778-52934972a4aa", "name": "Appenzeller Brauchtumsmuseum - Museums-Detektiv", "description": "Beweisen Sie Ihr K\u00f6nnen und l\u00f6sen Sie knifflige R\u00e4tsel und Aufgaben \u00fcber das Appenzeller Brauchtum. Am Schluss wartet die grosse Schatztruhe mit einer \u00dcberraschung f\u00fcr alle R\u00e4tselfreunde.\n\nDer R\u00e4tselspass ist f\u00fcr Familien/Einzelpersonen gratis zuz\u00fcglich Museums-Eintritt.", "url": "https://www.museum-urnaesch.ch/angebote/museums-detektiv", "image": "https://alarpimtsoch.sos-ch-dk-2.exoscale-cdn.com/catalog/8/c/d/4/8cd41bf79879b531d39175b51034c3023ea79896_urn__sch_brauchtumsmuseum_detektiv.jpg", "openstreetmap_id": "node/299122250"}, "geometry": {"type": "Point", "coordinates": ["9.282742", "47.3172728"]}}, {"type": "Feature", "properties": {"identifier": "f1d0d87f-dd80-440f-b3e5-f6d8cebda790", "name": "Feuerstelle Wetti", "url": "http://www.teufen.ch/xml_1/internet/de/intro.cfm", "image": "https://alarpimtsoch.sos-ch-dk-2.exoscale-cdn.com/catalog/3/f/d/f/3fdfdd07df26efed7f21bd9e564bc61abaf6a2b7_Feuerstelle.jpg", "openstreetmap_id": "235369736"}, "geometry": {"type": "Point", "coordinates": ["9.4190807", "47.3983782"]}}, {"type": "Feature", "properties": {"identifier": "f29dd0ff-d2b0-4431-acb1-4370b3f7c546", "name": "Ferienhaus \"B\u00f6mmeli\" -  im Alpsteingebiet", "description": "<p>Entdecken Sie unser idyllisch gelegenes Ferienhaus direkt am Weissbach, umgeben von der atemberaubenden Kulisse des Alpsteins und weiteren malerischen Wandergebieten wie dem Kronberg, Kronberg, Hoher Kasten, Schw&auml;galp und S&auml;ntis. Gelegen auf einer H&ouml;he von 850 Metern &uuml;ber dem Meer bietet dieses charmante Domizil die perfekte Mischung aus Abgeschiedenheit und N&auml;he zu attraktiven Ausflugszielen, nur jeweils 2 km von Urn&auml;sch und Jakobsbad entfernt. Eine kurze Distanz von ca. 1 km trennt Sie von der Bergbahn zum Kronberg, einer Rodelbahn, einem Seilpark und einem Skilift samt grossz&uuml;giger Gastwirtschaft.</p><p>Im Erdgeschoss des Hauses finden Sie ein komfortables, gem&uuml;tliches Wohnzimmer, ein grossz&uuml;giges Schlafzimmer mit Doppelbett sowie ein Badezimmer mit Dusche, WC und Waschtisch. Die kleine K&uuml;che ist ausgestattet mit K&uuml;hlschrank und Eisfach, Induktionsherd mit Dampfabzug sowie einem Backofen. Im Wohnzimmer l&auml;dt ein ausziehbarer Esstisch f&uuml;r bis zu acht Personen zum gemeinsamen Verweilen ein, erg&auml;nzt durch ein Bettsofa, ein Chemin&eacute;e und Bodenheizung. &Uuml;ber eine Holztreppe erreichen Sie zwei romantische Schlafzimmer im Obergeschoss, jedes ausgestattet mit einem Doppel- und einem Einzelbett.</p><p>Im Aussenbereich des Hauses befinden sich zwei Terrassen, eine vor und eine hinter dem Haus, sowie einem grossen Garten mit Aussenchemin&eacute;e. Direkt am Weissbach gelegen bietet ein gem&uuml;tlicher Sitzplatz die ideale Gelegenheit, die idyllische Ruhe zu geniessen.&nbsp;Weiterhin stehen zwei Parkpl&auml;tze und ein Tischtennistisch zur Verf&uuml;gung.</p><h4>Hier gilt die&nbsp;<a href=\"https://www.appenzell.ch/de/unterkunft/appenzeller-ferienkarte.html\">Appenzeller Ferienkarte</a></h4>", "url": "https://www.walterdietrich.ch/index.php/privat/ferienhaus-boemmeli-menu", "image": "https://alarpimtsoch.sos-ch-dk-2.exoscale-cdn.com/catalog/0/c/d/a/0cdacc987589e4c1d4c063bbb29ea14108d0d59b_00_Ferienhaus.jpg", "openstreetmap_id": "263777719"}, "geometry": {"type": "Point", "coordinates": ["9.307533", "47.321338"]}}, {"type": "Feature", "properties": {"identifier": "f2a68a9a-d6fb-4239-9df9-c9d236873720", "name": "Luftseilbahn Wasserauen-Ebenalp AG", "description": "Man sp\u00fcrt sie noch heute. Die Urkraft des Berges.\nAn der Felswand beim Aescher und im Innern der Wildkirchlih\u00f6hlen\n\nEs ist der Ort, an dem alles begann. Die Quelle des Alpsteintourismus. Dort, wo das Berggasthaus Aescher steht. Es geh\u00f6rt zu den \u00e4ltesten der Schweiz. Bereits um 1800 begannen Eremiten und Sennen auf der Alp Aescher G\u00e4ste zu verpflegen. Heute ist das Gasthaus weit bekannt. F\u00fcr seine Atmosph\u00e4re und seine Gastfreundschaft. Angeschmiegt an den Felsen, eins mit dem Berg und der imposanten Natur. Ein Bild, das um die Welt geht.\n\nNicht weniger gross ist die Anziehungskraft des nahegelegenen Wildkirchli. Pr\u00e4historische Funde machen die Wildkirchlih\u00f6hlen 1904 ber\u00fchmt. Die Ausgrabungen beweisen erstmals, dass Neandertaler auch im Alpenraum waren. Und dann w\u00e4ren da noch die Spuren der H\u00f6hlenb\u00e4ren.\n\nAber auch im Winter hat die Ebenalp, die Sonnenterrasse des Alpsteins, etwas zu bieten.\n\nRaus aus dem grauen Alltag, rein in das sonnige Vergn\u00fcgen.\nLeichtf\u00fcssig durch die schneegepuderte Landschaft, die Sonne im Gesicht und der Blick \u00fcber den Alpstein \u2013 so unbeschwert kann der Winter sein. Auf dem Panoramaweg und der Schneeschuhroute bleibt der Genuss gewiss nicht auf der Strecke.\nBeide Wanderungen f\u00fchren von der Bergstation Ebenalp vorbei am Berggasthaus. Sonnenhungrige sowie Erholungssuchende sind hier gut bedient.\n\nIm Skigebiet Ebenalp-Horn gleitet der Stresspegel ebenfalls talw\u00e4rts. Kurze Anfahrtswege, gen\u00fcgend Parkpl\u00e4tze und geringe Wartezeiten lassen aufatmen. Bei uns gilt: Herunterfahren und Entschleunigen. Genau das richtige f\u00fcr ein locker-flockiges Schneevergn\u00fcgen im Appenzellerland.\nUnser Naherholungs-Skigebiet trumpft mit abwechslungsreichen Abfahrten in allen Schwierigkeitsgraden f\u00fcr die ganze Familie.", "url": "https://www.ebenalp.ch", "image": "https://alarpimtsoch.sos-ch-dk-2.exoscale-cdn.com/catalog/9/c/6/4/9c64358a5e70beeba512003e47b2cb43f2af05cd_Aescher.jpg", "openstreetmap_id": "way/25204305"}, "geometry": {"type": "Point", "coordinates": ["9.428586959838869", "47.2866086580885"]}}, {"type": "Feature", "properties": {"identifier": "f4e7f084-b9fc-4c5b-8a4a-848ba2993329", "name": "S\u00e4ntis \u2013 der Berg", "description": "<p><strong>Hinweis: Die S&auml;ntis-Schwebebahn ist infolge Erneuerung der Bahn von 1. Mai bis Sp&auml;therbst 2026 eingestellt. Das Hotel und die Restaurationsbetriebe auf der Schw&auml;galp sind ge&ouml;ffnet.</strong></p><p>Vom 2'502 Meter hohen Gipfel reicht der Blick &uuml;ber 6 L&auml;nder. So grenzenlos wie die Rundsicht sind Ihre M&ouml;glichkeiten rund um S&auml;ntis und Schw&auml;galp. Erlebnisse in einer der sch&ouml;nsten Naturkulissen Europas &ndash; Veranstaltungen und Sonderfahrten das ganze Jahr &ndash; gelebtes Appenzeller Brauchtum und kulturelle H&ouml;hepunkte &ndash; Einblicke in die Erlebniswelten &ndash; dies, viel mehr und das passende kulinarische Angebot unserer Partnerbetriebe: das gem&uuml;tliche Gasthaus Passh&ouml;he, das 3*S&auml;ntis - das Hotel und die Panorama-Restaurants auf dem S&auml;ntisgipfel finden Sie bei uns.</p><p>&nbsp;</p>", "url": "http://www.saentisbahn.ch/", "image": "https://alarpimtsoch.sos-ch-dk-2.exoscale-cdn.com/catalog/1/a/8/6/1a86f006f6880243b8c5d7649ea84f0119b08328_urn__sch_s__ntis.jpg", "openstreetmap_id": "node/53719284"}, "geometry": {"type": "Point", "coordinates": ["9.3192548", "47.256134"]}}, {"type": "Feature", "properties": {"identifier": "f587a179-e12f-48b6-9e53-a54430d40aaf", "name": "Restaurant Schw\u00e4galp", "description": "Das Restaurant verf\u00fcgt \u00fcber ein Innenrestaurant, eine Terrasse und diverse R\u00e4umlichkeiten f\u00fcr Seminare, Bankette und Hochzeiten.  W\u00e4hrschaft, bodenst\u00e4ndig, mit regionalen und frischen Produkten: So pr\u00e4sentiert sich die K\u00fcche unserer drei Gastronomiebetriebe auf dem S\u00e4ntis und der Schw\u00e4galp. Gerne organisieren wir f\u00fcr Sie Ihren Anlass, sei es eine Hochzeit, ein Geburtstag oder ein Seminar.", "url": "https://saentisbahn.ch/gastronomie/restaurant-schwaegalp/", "image": "https://alarpimtsoch.sos-ch-dk-2.exoscale-cdn.com/catalog/c/4/8/6/c486b86fd7263827c561cc0951b24ece8aa9fc13_20160128_SCHWAEGALP_562.jpg", "openstreetmap_id": "374699470"}, "geometry": {"type": "Point", "coordinates": ["9.3188294", "47.2563886"]}}, {"type": "Feature", "properties": {"identifier": "f5ec4382-dc10-48f5-a254-36159a7c4f0f", "name": "Feuerstelle Hochhamm", "url": "http://www.schoenengrund.ch/de/", "image": "https://alarpimtsoch.sos-ch-dk-2.exoscale-cdn.com/catalog/4/3/8/d/438deb8e430062dd6a6d0f44116e1b07c00c2006_08_2020_sch__nengrund_hochhamm__2_.jpg", "openstreetmap_id": "7755531474"}, "geometry": {"type": "Point", "coordinates": ["9.2352925", "47.3154057"]}}, {"type": "Feature", "properties": {"identifier": "f69a3d2b-d622-449b-80db-1a3ae43bcea7", "name": "Hotel zur Linde", "description": "<p>Es ist die gelebte Gastfreundschaft wie auch die Vielseitigkeit des K&uuml;chenchefs, die von den G&auml;sten sehr gesch&auml;tzt werden. Kleine Gerichte, wie etwa Appenzeller Spezialit&auml;ten, sind ebenso gefragt wie die exzellente Gourmetk&uuml;che. In gediegenen R&auml;umen kann man sich hinsetzen und in der warmen Jahreszeit lockt der sch&ouml;ne Garten.</p><h4>Hier gilt die <a href=\"https://www.appenzell.ch/de/unterkunft/appenzeller-ferienkarte.html\">Appenzeller Ferienkarte</a></h4>", "url": "http://www.hotelzurlinde.ch/", "image": "https://alarpimtsoch.sos-ch-dk-2.exoscale-cdn.com/catalog/2/5/9/b/259ba9bd50359d8ba611700ae04632f106994807_Linde_Teufen_Blumen_und_S__dseite.gif", "openstreetmap_id": "199504848"}, "geometry": {"type": "Point", "coordinates": ["9.39305", "47.3868165"]}}, {"type": "Feature", "properties": {"identifier": "f7361e5c-8633-401d-9f27-eb553f41929d", "name": "Camping B\u00e4chli", "description": "<p>Folgende Annehmlichkeiten geniessen die G&auml;ste:</p><ul><li>Ganzjahres- und Saisonpl&auml;tze</li><li>Kabel-TV</li><li>WLAN kostenlos</li><li>Motorhome-Standpl&auml;tze</li><li>Grossz&uuml;giger Sitzplatz im Freien</li><li>Aufenthaltsraum</li><li>Solaranlage</li><li>Barrierefreise WC und Dusche</li><li>Waschmaschine / Tumbler</li><li>Babyraum</li><li>Spielpl&auml;tze</li></ul>", "url": "http://www.camping-baechli.ch", "image": "https://alarpimtsoch.sos-ch-dk-2.exoscale-cdn.com/catalog/1/a/0/4/1a042554b758ca64acdefe4d3ff2a44dcb99664d_Camping_B__chli.jpg", "openstreetmap_id": "26860577"}, "geometry": {"type": "Point", "coordinates": ["9.1948689", "47.3065564"]}}, {"type": "Feature", "properties": {"identifier": "f78ddc42-c8cf-44a7-8036-77e1c4e5ad2a", "name": "Appenzeller Schauk\u00e4serei - Rundgang Besucherzentrum", "description": "<p>Die Appenzeller Schauk\u00e4serei nimmt Sie mit auf eine Entdeckungsreise der besonderen Art: Von der Handwerkskunst des K\u00e4ses bis in die Weiten und Sch\u00f6nheiten des Appenzellerlands. Hier sp\u00fcrt man, dass Tradition und Brauchtum noch gelebt werden. Genau diese Verbundenheit mit Ihrer Heimat macht die Appenzeller Menschen so einzigartig. \n\nDas Schaufenster des weltbekannten Appenzeller K\u00e4ses liegt inmitten einer h\u00fcgeligen, idyllischen Landschaft. Finden Sie heraus, wieso der Appenzeller K\u00e4se der w\u00fcrzigste K\u00e4se \u00fcberhaupt ist. Sein Rezept der Kr\u00e4utersulz bleibt dennoch streng geheim. Es liegt etwas in der Luft, der Duft der Kr\u00e4uter. Erstellen Sie Ihre Kr\u00e4utermischung, die Sie nach Hause nehmen k\u00f6nnen. Lauschen Sie den typischen Kl\u00e4ngen aus dem Appenzellerland. Bestaunen Sie den imposanten K\u00e4sekeller, wo bis zu 12\u2018500 Laibe lagern und lassen Sie sich faszinieren durch den Blick in das K\u00e4sekessi. Schauen Sie in die Weite des Alpsteingebirges: Mit einem Fernglas erleben Sie einen virtuellen 360 Grad Rundblick.\n\nMit dem Audioguide k\u00f6nnen auch internationalen G\u00e4ste, welche mit der deutschen Sprache nicht vertraut sind, in die Welt des K\u00e4ses eintauchen. In Form einer App kann der Guide \u00fcber das kostenlose WLAN heruntergeladen werden und ist in 8 Sprachen verf\u00fcgbar: Englisch, Franz\u00f6sisch, Spanisch, Portugiesisch, Italienisch, Chinesisch, Japanisch und Koreanisch. \n\nKommen Sie vorbei, tauchen Sie ein in die Heimat, den Genuss und Geschmack.\n</p><p>\n</p><p>Eintrittspreise<br>Individuell Erwachsene: CHF 13.00<br>Individuell Kinder (bis 16 Jahre): CHF 8.00<br>Individuell Familie: CHF 32.00<br>Individuell Student / IV-Bez\u00fcger: CHF 12.00</p><p>Eintritt mit F\u00fchrungen (Voranmeldungen notwendig)<br>Kleingruppen bis 6 Personen pauschal: CHF 150.00<br>Kleingruppen von 7 bis 15 Personen pauschal: CHF 180.00</p>", "url": "http://www.schaukaeserei.ch/", "image": "https://alarpimtsoch.sos-ch-dk-2.exoscale-cdn.com/catalog/5/1/0/7/510727398f7613e7a536919bf450132c38d88267_20200721_Schauk__serei_1.jpg", "openstreetmap_id": "1436691275.0"}, "geometry": {"type": "Point", "coordinates": ["9.344712", "47.373415"]}}, {"type": "Feature", "properties": {"identifier": "f7d04cb4-73ae-418d-839d-5a36fb816be9", "name": "Feuerstelle Steinfluh", "description": "<p>Die Feuerstelle l&auml;sst sich zu Fuss in wenigen Minuten von der Postautohaltestelle Steinflue auf der Linie Urn&auml;sch-Schw&auml;galp erreichen und ist Teil des Lillywegs, mit einem Glockenspiel und kleiner Spielh&uuml;tte. Sie liegt am jungen Bach Urn&auml;sch auf 985 m &uuml;. M. mit M&ouml;glichkeit zum plantschen.</p><p>Vorhanden ist:</p><ul><li>Feuerstelle mit Rost und Sitzb&auml;nke</li><li>Brennholz</li><li>Spielh&uuml;ttchen &amp; Glockenspiel</li><li>Abfallbeh&auml;lter</li></ul>", "image": "https://alarpimtsoch.sos-ch-dk-2.exoscale-cdn.com/catalog/2/b/f/4/2bf4c9579043eb6af483a844ef58104452b89462_Urn__sch_Feuerstelle_Steinfluh.jpg", "openstreetmap_id": "5003504806"}, "geometry": {"type": "Point", "coordinates": ["9.289101362228395", "47.270792017307876"]}}, {"type": "Feature", "properties": {"identifier": "f7ea50d0-6257-4266-8de3-c716740b8d8c", "name": "Hotel Herisau | Restaurant Moo", "description": "Idealer Ausgangspunkt f\u00fcr Entdeckungsreisen durch das Appenzellerland oder ins nahe gelegene St. Gallen. Grosse moderne  Zimmer, marktfrische K\u00fcche im Restaurant \u00abMOO\u00bb und echte Appenzeller Gastfreundschaft erwarten den Gast hier am Tor zum Appenzellerland.", "url": "http://www.hotelherisau.ch/", "image": "https://alarpimtsoch.sos-ch-dk-2.exoscale-cdn.com/catalog/2/2/2/b/222b6af250f90c470ac79f59ed77f5b5e701f487_Terrasse_2020__2_.jpg", "openstreetmap_id": "117053639.0"}, "geometry": {"type": "Point", "coordinates": ["9.277973", "47.387159000000004"]}}, {"type": "Feature", "properties": {"identifier": "f809b9c6-e5e0-472a-91b0-69524608a4e5", "name": "Freewings Tandemfl\u00fcge Alpstein", "description": "<p>Der Gleitschirm ist die purste Form des Fliegens &ndash; ohne Motor, nur mit der Kraft der Natur. Bei Freewings starten wir direkt im Herzen des Alpsteins zu einem einzigartigen Abenteuer. Ob gem&uuml;tlich dahin schweben oder actionreiche&nbsp;Man&ouml;ver: unsere professionellen Tandempiloten gehen individuell auf deine W&uuml;nsche ein. Es sind keine Vorkenntnisse erforderlich - nach ein paar z&uuml;gigen Schritten heben wir bereits ab. Geniesse den Blick weit &uuml;ber das Appenzellerland hinaus, w&auml;hrend wir von der Thermik getragen von einem Berg zum n&auml;chsten gleiten.</p><p>Wir bieten verschiedene Erlebnisse, vom 10-20-min&uuml;tigen Gleitflug bis zum ausgedehnten 30-40-min&uuml;tigen Thermikflug. Auch als Firmen- oder Gruppenevent sind unsere Fl&uuml;ge buchbar. Starte zu neuen Perspektiven und sammle Erinnerungen, die bleiben.</p>", "url": "https://www.freewings.ch/", "image": "https://alarpimtsoch.sos-ch-dk-2.exoscale-cdn.com/catalog/f/9/3/e/f93ee9e05314e150518a2b471266043befa3c0ec_Tandem11.jpg", "openstreetmap_id": "6512336972"}, "geometry": {"type": "Point", "coordinates": ["9.410278", "47.284139"]}}, {"type": "Feature", "properties": {"identifier": "f85ff8eb-4308-4369-a1f9-a0cd351b5ef8", "name": "Ladestation - Gemeindehaus Urn\u00e4sch", "description": "Diese Ladestation auf dem Kirchplatz in Urn\u00e4sch verf\u00fcgt \u00fcber Kabel f\u00fcr alle m\u00f6glichen Typen von Herstellern und kann gratis verwendet werden.", "image": "https://alarpimtsoch.sos-ch-dk-2.exoscale-cdn.com/catalog/9/d/7/2/9d72db684ad88bfa953577e0ba6b25af24b88ad0__DSC0652.JPG", "openstreetmap_id": "10559161315"}, "geometry": {"type": "Point", "coordinates": ["9.283189773559572", "47.31697060507138"]}}, {"type": "Feature", "properties": {"identifier": "f92f1331-98da-4b26-a9f0-6febab1c7009", "name": "Kirchturm Heiden", "description": "<p>Der erste Kirchenbau in Heiden erfolgte im Jahre 1652, nach der Abl&ouml;sung von der Mutterkirche in Thal. Durch die Verdoppelung der Einwohnerzahl auf 2300 Seelen wurde 1836 der Ruf nach einer gr&ouml;sseren Kirche immer lauter. Am 8. Mai 1838 wurde mit dem Turmbau nordwestlich der alten Kirche begonnen. <br>Die Sicht vom Kirchturm in Heiden reicht &uuml;ber den Bodensee bis weit &uuml;bers deutsche und &ouml;sterreichische Ufer hinaus. Bei ganz guter Sicht sieht man bis Ulm.</p><p>Der Kirchturm Heiden ist von Mai - 1. November ge&ouml;ffnet.</p><p>Die evangelische Kirchgemeinde hat im Jahr 2024 zusammen mit Schulklassen aus Heiden eine grosse &laquo;Ch&uuml;gelibahn&raquo; gebaut. Sie kann zu den &uuml;blichen Turm&ouml;ffnungszeiten bespielt werden.</p>", "url": "https://www.heiden.ch/sehenswertes/5591", "image": "https://alarpimtsoch.sos-ch-dk-2.exoscale-cdn.com/catalog/e/3/9/1/e39187248341467f3398553eb51d602125db5d7e_evangelische_kirche_kirchturm_luftbild.jpg", "openstreetmap_id": "way/199215491"}, "geometry": {"type": "Point", "coordinates": ["9.534995751998174", "47.4450565"]}}, {"type": "Feature", "properties": {"identifier": "f9a285e6-e914-4c6c-8fd4-4a8fd08f35d5", "name": "Gruppenunterk\u00fcnfte im Kinderdorf Pestalozzi", "description": "<p>Ob Schulklasse, drei grosse Familien, Verein oder Unternehmen &ndash; im Kinderdorf Pestalozzi findet Ihre Gruppe den idealen Ort f&uuml;r eine unvergessliche &Uuml;bernachtung. Die Gruppenunterk&uuml;nfte in original Appenzeller H&auml;usern bieten komfortable Einzel oder Mehrbettzimmer, die mit modernen Annehmlichkeiten und einem Hauch lokaler Tradition ausgestattet sind. Die sanit&auml;ren Einrichtungen befinden sich in unmittelbarer N&auml;he zu den Zimmern und sind modern und funktional gestaltet. Jedes Haus ist zudem mit einem Aufenthaltsraum und einer Waschk&uuml;che ausgestattet. Der weitl&auml;ufige Umschwung rund um das Geb&auml;ude l&auml;dt zum Entspannen in der Natur ein, w&auml;hrend Freizeitpl&auml;tze und Grillstellen ideale Orte f&uuml;r gemeinsame Stunden bieten. Entdecken Sie die zahlreichen Wanderrouten direkt vor der Haust&uuml;r oder nehmen Sie mit Ihrer Gruppe an einem unserer Bildungsprojekte teil, die speziell darauf ausgelegt sind, Bildung zu f&ouml;rdern und pers&ouml;nliche Entwicklung sowie soziale Kompetenzen zu st&auml;rken. F&uuml;r die Verpflegung stehen verschiedene Optionen zur Verf&uuml;gung. In jedem Gruppenhaus gibt es eine gut ausgestattete K&uuml;che, die es Selbstversorgern erm&ouml;glicht, ihre Mahlzeiten selbst zuzubereiten. Es besteht jedoch auch die M&ouml;glichkeit, sich mit unserer Vollpension rundum verw&ouml;hnen zu lassen. Unser gastronomisches Konzept ist saisonal, vielseitig und auf alle Bed&uuml;rfnisse zugeschnitten.<br><br>Insgesamt 11 Gruppenh&auml;user &agrave; 27-35 Schlafpl&auml;tzen.</p>", "url": "https://www.pestalozzi.ch/de", "image": "https://alarpimtsoch.sos-ch-dk-2.exoscale-cdn.com/catalog/f/4/4/4/f444db7a0344a76e7eacd1c25da47dc4257e4416_Haus_8_9_Kinderdorf_Pestalozzi.jpg", "openstreetmap_id": "way/761032565"}, "geometry": {"type": "Point", "coordinates": ["9.459517029862655", "47.403535"]}}, {"type": "Feature", "properties": {"identifier": "fa1b02eb-a517-451a-bcb0-032764ce68c7", "name": "Krone Trogen", "description": "<p>Die vier Einzel- und sechs Doppelzimmer der Krone Trogen bieten eine gem\u00fctliche Atmosph\u00e4re und verbinden Altes mit Neuem. So sind die Geschichte des Hauses und der moderne Zeitgeist sp\u00fcrbar. Die Krone ist ein wunderbarer Ausgangspunkt f\u00fcr eine Wanderung in den Appenzeller H\u00fcgeln, einen Museumsbesuch mit dem \u00abTrogner B\u00e4hnli\u00bb nach St.Gallen oder ein Glas Wein im Krone Bistro. Wer mit Fahrrad oder Rucksack unterwegs ist oder mit der Appenzellerbahn anreist, erlebt im Krone Bistro den besonderen Charme von Trogen hautnah. Das Bistro wird von engagierten Trognerinnen und Trognern gef\u00fchrt, denen Gemeinschaft und lebendiger Austausch im Dorf ein Anliegen sind. Gegen den kleinen Hunger gibt es im Bistro su\u0308sse und salzige Kleinigkeiten, immer frisch und knusprig. Die Krone Trogen wurde 1727 erbaut und gilt als zweit\u00e4ltestes, am Platz erhaltenes Haus der Zellweger-Dynastie. Ab 1810 wurde das ehemalige Privathaus zum \u00abGasthaus Krone\u00bb. Die Krone ist Teil des Ortsbildes und steht unter Denkmalschutz von nationaler Bedeutung.</p>", "url": "https://www.krone-trogen.ch/", "image": "https://alarpimtsoch.sos-ch-dk-2.exoscale-cdn.com/catalog/5/2/f/9/52f9d215fcca3b2ad213883444ad82172d43a0fa_Gruppenfoto_Betriebsausflug_24.8.2024.jpg", "openstreetmap_id": "node/605080895"}, "geometry": {"type": "Point", "coordinates": ["9.4654187", "47.4079437"]}}, {"type": "Feature", "properties": {"identifier": "fa666890-e27f-4d04-8d15-47baab08fe83", "name": "Maja Take Away", "description": "Hungrige und Durstige verk\u00f6stigt Maja Maier beim Take-away-Stand auf dem Chistenpass im Wolfh\u00e4ldliger Weiler Sonder. Im Angebot sind erfrischende Getr\u00e4nke, selbst gemachter Kartoffelsalat, Schnitzelbrot, Pommes frites und W\u00fcrste vom Grill - eine ideale St\u00e4rkung, um den zweiten Teil des Witzwegs in Angriff zu nehmen. \nIn Absprache mit Maja Maier kann auch ein Gruppenap\u00e9ro vor Ort organisiert werden.\n", "image": "https://alarpimtsoch.sos-ch-dk-2.exoscale-cdn.com/catalog/e/7/3/2/e7320f2c89ba618e23ffb86ec9d0cd340e7235c5_230531_Imbissstand_Harmonie_Maier_Maja.jpg", "openstreetmap_id": "relation/1683968"}, "geometry": {"type": "Point", "coordinates": ["9.572825431823732", "47.44878374669434"]}}, {"type": "Feature", "properties": {"identifier": "ff12a426-f852-4ffb-aa28-067c91e1a8f5", "name": "Erlebnis Waldegg - Essen im Schnuggebock & Restaurant", "description": "Im Schnuggebock wurde die Zeit behutsam zur\u00fcckgestellt. In der w\u00e4hrschaften Appenzeller Kost pr\u00e4sentiert sich das Beste von Gestern. Einheimische \u00c4pfel statt exotische Orangen, K\u00e4se aus hauseigener Produktion, knuspriges Brot. Hier bei Grosi geht alles einen Tick langsamer, genussvoller. Lehnen Sie sich zur\u00fcck und erfahren Sie die echte Appenzeller Gastfreundschaft.\n\nIm Restaurant Waldegg erwartet Sie hingegen eine zeitgem\u00e4sse K\u00fcche, facettenreich aber bodenst\u00e4ndig, essentiell aber raffiniert, lokal aber weltoffen. Die Mission ist es, frische Produkte mit handwerklichen Verfahren so zuzubereiten, dass ihr urspr\u00fcnglicher Charakter erhalten bleibt und die puren, reinen Aromen zur Geltung kommen. Das Restaurant Waldegg verf\u00fcgt \u00fcber eine gem\u00fctliche Gaststube mit Kachelofen, einen festlichen Saal bis zu 50 Personen und einer grossen Gartenwirtschaft mit herrlichem Blick in den Alpstein.", "url": "http://www.waldegg.ch/", "image": "https://alarpimtsoch.sos-ch-dk-2.exoscale-cdn.com/catalog/0/c/2/9/0c29c0852eced7f63a8dc44fc9cd956149b20bc4_ErlebnisWaldegg_3.jpg", "openstreetmap_id": "423778138"}, "geometry": {"type": "Point", "coordinates": ["9.4106039", "47.4027945"]}}, {"type": "Feature", "properties": {"identifier": "ff310ad0-ae50-4da7-92fc-977b310ce2d2", "name": "Appenzeller Schauk\u00e4serei - Fondue-Kochkurs", "description": "Dann haben Sie in der Appenzeller Schauk\u00e4serei die grosse und freie Wahl! Sie stellen sich Ihre eigene Fondue-Mischung an der K\u00e4setheke zusammen, suchen die gew\u00fcnschten Zutaten aus und kochen unter Begleitung einer unserer fachkundigen Gastgeberinnen Ihr selbst zusammengestelltes Fondue direkt am Tisch.\n\nBuchbar ab 6 Personen\nWann: t\u00e4glich, Voranmeldung notwendig\nDauer: rund 45 Minuten (ohne Esssenszeit)\nKosten: ab CHF 36.00", "url": "http://www.schaukaeserei.ch/", "image": "https://alarpimtsoch.sos-ch-dk-2.exoscale-cdn.com/catalog/6/9/e/7/69e718be297e839a9a001d14ad9b27ac6976a4e3_Fondue_500x380.jpg", "openstreetmap_id": "1436691275"}, "geometry": {"type": "Point", "coordinates": ["9.344712", "47.373415"]}}, {"type": "Feature", "properties": {"identifier": "ff792e1a-e2f9-4590-b766-eb1cbbdd0d1a", "name": "NaturErlebnispark Schw\u00e4galp/S\u00e4ntis", "description": "Der NaturErlebnispark Schw\u00e4galp/S\u00e4ntis und seine Themenwege bringen Ihnen eine einzigartige Naturlandschaft n\u00e4her. Schreiten Sie durch die Geschichte geheimnisvoller Moore, holen Sie Luft in zauberhaften W\u00e4ldern und beobachten Sie seltene Tiere und Pflanzen von einer der sch\u00f6nsten Naturkulissen Europas. Schritt und Tritt erfahren Sie mehr \u00fcber das Leben und die Kultur auf den Alpen. Die Erdgeschichte, die \u00fcber 1000-j\u00e4hrige Tradition der Schw\u00e4galp als Weideland, der Tourismus, der Naturschutz und vieles mehr: auf reich bebilderten Tafeln thematisiert f\u00fcr kleine und grosse Entdecker.\nUmweltlehre, Forschung, Tourismus: Der NaturErlebnispark bringt die verschiedensten Interessen in Einklang. Er f\u00f6rdert die Auseinandersetzung mit der Natur und Kultur und macht Zusammenh\u00e4nge greifbar. Und er soll vor allem eins: Ihnen ganz pers\u00f6nliches Naturerlebnis erm\u00f6glichen. Geniessen Sie eine gef\u00fchrte Exkursion, wenn Sie noch mehr erleben und erfahren wollen, dann nehmen Sie an speziellen Erlebnistagen und Entdeckungsreisen teil. Zum NaturErlebnispark sind umfassende Dokumentationen erh\u00e4ltlich.", "url": "http://www.naturerlebnispark.ch/", "image": "https://alarpimtsoch.sos-ch-dk-2.exoscale-cdn.com/catalog/f/5/1/a/f51a537587de35f6e64cf4d635c05caaa5358b26_Computerformat_4_3_NaturErlebnispark.jpg", "openstreetmap_id": "1218076743"}, "geometry": {"type": "Point", "coordinates": ["9.3197302", "47.2561384"]}}]}