id;name;disambiguatingDescription;description;longitude;latitude;streetAddress;postalCode;addressLocality;telephone;email;url;image;dateModified01282b25-f32c-49ef-9f0e-54b3c3eafc24;BeDas Cafe GmbH;Gemütliches Café mit frischen, regionalen Bäckerei und Geschenkartikeln –alles auch in Laden «to go» erhältlich. ;Im BeDas Cafe sind Bäckereiartikel aller Art, Geschenke, selbstgemachte Patisserie und Gebäcke im Angebot. Im Café geniessen Sie die frischen Produkte vor Ort – und dazu den besten Kaffee im Herzen von Heiden. Es ist ein gemütlicher Treffpunkt für alle. Ob zum Zmorge, zum Znüni oder zum Dessert, bei uns sind Sie an der richtigen Adresse.
;9.53607805767112;47.44562202047335;Bahnhofstrasse 2;9410;Heiden;+41 71 571 26 26;info@bedas-cafe.ch;https://bedas-cafe.ch/;[{'@type': 'ImageObject', 'contentUrl': 'https://alarpimtsoch.sos-ch-dk-2.exoscale-cdn.com/catalog/1/6/1/7/16171387e2b66fc3b522a866f29716aa2b6a1037_20240308_131031.jpg'}];2026-07-10T08:26:02+02:00
014b5e18-b72d-477d-a162-48e25403b54a;Lillybeizli - Hotpot Alp Fischegg;Geniessen Sie in der freien Natur unter dem Sternenhimmel ein Bad im Hot-Pot mit Blick auf den Säntis.;Egal ob allein, zu zweit oder z.B. bei einem Junggesell(inn)enabschied oder einer Geburtstagsfeier: Lassen Sie den Tag / Abend zu etwas Besonderem werden.;9.2738364137497;47.28431670328028;Alp Fischegg;9107;Urnäsch;+41 78 677 13 81;familie.biser@gmx.ch;https://www.lillybeizli.ch/;[{'@type': 'ImageObject', 'contentUrl': 'https://alarpimtsoch.sos-ch-dk-2.exoscale-cdn.com/catalog/d/1/9/e/d19e9420c2c536021aed682e1aa044c46637befa_hotpot.jpg'}];2026-06-10T10:54:28+02:00
019f2a07-7aba-4900-8c92-c560af420c64;Restaurant Appenzeller Schaukäserei;Feinste Appenzeller Gerichte im Restaurant der Appenzeller Schaukäserei;Im Restaurant fühlt man sich sofort wohl und kann täglich durchgehend warm essen. Käse ist natürlich der Trumpf auf der Speisekarte. Zudem gibt es jeden Sonntagmorgen ein reichhaltiges Frühstücksbuffet. Und auch für jene, die gerne selber kochen, bietet das Höckli eine Attraktion: Im Käsekessi können die Besucherinnen und Besucher Käsehörnli zubereiten.;9.344723;47.373531;Dorf 711;9063;Stein AR;+41 71 368 50 70;info@schaukaeserei.ch;https://www.schaukaeserei.ch/restaurant;[{'@type': 'ImageObject', 'contentUrl': 'https://alarpimtsoch.sos-ch-dk-2.exoscale-cdn.com/catalog/d/2/4/f/d24f850c6a1781fc711ba38a48650d4f87cfa577_Restaurant_Schauk__serei_2.jpg'}];2026-07-10T08:26:02+02:00
01d8f2ea-48ed-4173-a16e-d5b7758714ec;FloatingOase GmbH;FLOATEN ist in einer Starksole aus Magnesiumsulfat liegen unter bestmöglicher Reduktion von Schall und Licht.;<p>Die FloatingOase in B&uuml;hler verf&uuml;gt &uuml;ber zwei einzelne Wannenb&auml;der (Breite 170 cm, L&auml;nge 230 cm, Tiefe 47 cm, Solestand ca. 30 cm), welche auf Voranmeldung alleine oder zu zweit belegt werden k&ouml;nnen. Jede Einheit verf&uuml;gt &uuml;ber einen kleinen Umkleideraum, WC, Dusche und nat&uuml;rlich &uuml;ber eine grosse Wanne zum Floaten. Die Wanne wird nach jedem Badegang entleert, die Sole durch eine mehrstufige Reinigungsanlage geleitet und der ganze Badebereich gereinigt. Durch die hohe Soledichte wird der K&ouml;rper beim Floaten an der Wasseroberfl&auml;che getragen, wie am Toten Meer. Muskeln, Gef&auml;sse, Organe und das Skelett sind von der Schwerkraft befreit und befinden sich in einer spannungsfreien Haltung ohne Verdrehungen und Druckpunkte. Die an der Hautoberfl&auml;che liegenden Nerven nehmen durch die konstante Wasser- und Umgebungstemperatur von ca. 35⁰C (thermoneutrales Bad) keinen Temperaturunterschied mehr wahr. In Kombination mit der aufgehobenen Schwerkraft, der druckfreien Lage des K&ouml;rpers, der fehlenden visuellen Einfl&uuml;sse und der Stille im Bad k&ouml;nnen sich K&ouml;rper und Geist optimal entspannen.<br><br></p>;9.419968;47.3717319;Bleichelistrasse 22;9055;Bühler;+41 71 793 92 92;info@floatingoase.ch;https://floatingoase.ch/;[{'@type': 'ImageObject', 'contentUrl': 'https://alarpimtsoch.sos-ch-dk-2.exoscale-cdn.com/catalog/6/0/f/6/60f624a09c73a7e5f75f734065a6a8ec3c78ebe5_20260313_FloatingOase_B__hler_8_.jpg'}];2026-06-10T10:54:28+02:00
02a8cc26-2113-4996-9cfa-f056b46c1893;B&B Niederer;Heimelige Unterkunft im Herzen des Appenzellerlandes.;<p>Das heimelige Dorf B&uuml;hler im Appenzeller Mittelland ist idealer Ausgangspunkt f&uuml;r Wanderungen in den sanften H&uuml;geln oder im Alpstein mit S&auml;ntis, Hohem Kasten, Ebenalp und Kronberg. In der N&auml;he liegen das malerische Dorf Appenzell, das Rheintal, oder die Bischofsstadt St.Gallen. Im heimeligen Weberhaus mit viel Charme k&ouml;nnen Sie der Gastgeberin beim Handweben &uuml;ber die Schultern sehen, und im Haus laden gem&uuml;tliche Zimmer zum Verweilen ein.</p><h4>Hier gilt die&nbsp;<a href="https://www.appenzell.ch/de/unterkunft/appenzeller-ferienkarte.html">Appenzeller Ferienkarte</a></h4><p>&nbsp;</p>;9.426122300000001;47.3737219;Oberdorf 9;9055;Bühler;+41 77 431 92 19;h.niederer@bluewin.ch;https://bnb.ch/de/bnb/1662;[{'@type': 'ImageObject', 'contentUrl': 'https://alarpimtsoch.sos-ch-dk-2.exoscale-cdn.com/catalog/b/6/3/0/b630256a1d413da98e9f298fc3ba6a20ae42a9a4_BnB_Niederer_3.jpg'}];2026-09-03T13:03:55+02:00
031a557b-144c-4ffb-91c6-04830475c6e0;Alte Mühle Wolfhalden ;Die Alte Mühle ist ein fünfgeschossiges Gebäude am Gstaldenbach mit Baujahr 1789, mit einzigartigen Malereien in der Stube – ein kunsthistorisch bedeutsames Baudenkmal!;<p>1789 liess Müllermeister H.H. Zürcher am Gstaldenbach in Wolfhalden ein stattliches, fünfgeschossiges Gebäude errichten. Im Gebäude befanden sich sowohl die Wohnung für die Familie als auch eine Mahlmühle, eine Bäckerei und eine Wirtschaft. Zürcher liess Wände und Decke in der Stube vollständig bemalen. Die Malereien sind gut erhalten und machen das Ensemble zu einem einzigartigen Schatz.</p><p>Die Alte Mühle liegt in der Gemeinde Wolfhalden, im Tobel, Hinterergeten, nahe der Grenze zu Heiden. Öffentliche Führungen finden jeweils am letzten Samstag in den Monaten Mai, Juni, Juli, August und September statt. Änderungen vorbehalten.&nbsp;</p><p>Start:&nbsp;14.00 Uhr<br>Die Alte Mühle Wolfhalden liegt circa 10 Gehminuten vom Bahnhof Heiden entfernt.</p><p>Kosten:&nbsp;Kollekte zugunsten des Vereins pro Alte Mühle Wolfhalden&nbsp;</p><p>Anmeldung:&nbsp;erforderlich</p><p>Gebuchte Führungen sind auf Anfrage möglich.<br>Teilnehmerzahl:&nbsp; max. 20 Personen</p><p>Kosten: CHF 110.00</p><div>Dauer: 45 bis 60 Minuten</div><p><br></p>;9.537875566539226;47.44479863545972;[{'@type': 'ImageObject', 'contentUrl': 'https://alarpimtsoch.sos-ch-dk-2.exoscale-cdn.com/catalog/9/1/3/2/9132d4e7fa66b2209ef46546ecf398b7bdde296d_M__hle.jpg'}];2026-06-10T10:54:28+02:00
039c361e-45c7-4377-ac31-7cdf81319920;Feuerstelle Begegnungsplatz Obergaden;9.500684738159181;47.41462121771943;Dorf 37;9044;Wald;+41 71 877 31 08;https://www.wald-ar.ch/;[{'@type': 'ImageObject', 'contentUrl': 'https://alarpimtsoch.sos-ch-dk-2.exoscale-cdn.com/catalog/f/5/c/7/f5c70ef53b10e6366f7d8f9153e5c2f805553248_IMG_20220227_115820.jpg'}];2026-06-10T10:54:28+02:00
03d54cc2-4085-46fa-b683-f6f2652b3c53;Pension Alpenheim;Eine renovierte und wunderschöne Pension mit prächtigem Garten und blühenden Blumen in Teufen.;Im Herzen von Teufen, 5 Gehminuten zum Bahnhof, steht das stilecht renovierte Holzhaus mit grossem Garten. Geniessen Sie die herrliche Aussicht auf die Berge. Nebst preiswerten Zimmern bieten wir unseren Gästen auch Zimmer mit Duschen/WC an. 

Die 1½-Zimmer Gartenwohnung sowie das Appartement im 3. Stock mit 2½-Zimmern sind Bijous für Geniesser. 
Herzlich willkommen!;9.3880767;47.3920145;Gremmstrasse 14;9053;Teufen;+41 79 669 25 40;kontakt@pension-alpenheim.ch;http://www.pension-alpenheim.ch/;[{'@type': 'ImageObject', 'contentUrl': 'https://alarpimtsoch.sos-ch-dk-2.exoscale-cdn.com/catalog/f/2/6/4/f26486f4862f6852121b41cea204c305926ec47e__Aussen_Totale_Hauptbild___Kopie.jpg'}];2026-09-01T00:19:40+02:00
044fc296-c57b-488b-9808-3fc6e3f7955d;Ferienwohnung Alpfahrt;Kleine, edle Ferienwohnung mitten in Schwellbrunn.;Gehobene, komplett renovierte Ferienwohnung im 300-jährigen Appenzellerland, mitten im schönsten Dorf der Schweiz. Ideal für Wanderungen, relaxen, geniessen. 

Die Wohnung verfügt über einen separaten Eingang. Das Schlafzimmer ist mit einem topmodernen Boxspring Bett ausgestattet und im Wohnzimmer steht ein Auszugssofa. Die Wohnung bietet Platz für maximal 4 Personen (Doppelbett plus Bettsofa).

Im Preis inbegriffen: Miete, NK, Tiefgaragenplatz, Kurtaxen, Bett-, Frottee- und Küchenwäsche, Kaffeekapseln, Benutzung Waschmaschine/Tumbler (in der Wohnung). Eigener Gartenbereich mit Kohlegrill.
Wir bieten die Oskar-Gästekarte an.

Mindestaufenthalt: ab 3 Nächte;9.249168;47.351193;Egg 99;9103;Schwellbrunn;+41 79 675 30 35;info@ferienschwellbrunn.ch;https://ferienschwellbrunn.com/;[{'@type': 'ImageObject', 'contentUrl': 'https://alarpimtsoch.sos-ch-dk-2.exoscale-cdn.com/catalog/6/5/1/7/65176114f0ce43e6b08af87786ff014b8f199942_PXL_20230707_142123309_2__2.jpg'}];2026-08-07T15:45:40+02:00
04529049-8690-4a7f-a1eb-4d96db6d397f;Feuerstelle Oberer Ast;Feuerstelle Oberer Ast;Feuerstelle Oberer Ast;9.4649953;47.3976981;Landsgemeindeplatz 1;9043;Trogen;+41 71 343 78 78;gemeinde@trogen.ar.ch;https://www.trogen.ch/;[{'@type': 'ImageObject', 'contentUrl': 'https://alarpimtsoch.sos-ch-dk-2.exoscale-cdn.com/catalog/2/7/9/4/27941f8fd038228b8e6fda4a81cf888d227b3e5b_12_2020_trogen_oberer_ast.jpg'}];2026-06-10T10:54:28+02:00
04fa6ff4-560f-41d4-bfdc-c4711f6a3090;Ferienwohnung Wartheim;Maisonette-Ferienwohnung mit Panorama – ruhig gelegen über dem Bodensee;Diese stilvoll eingerichtete Maisonette-Wohnung am Dorfrand von Heiden (700 m ü.M.) bietet Platz für bis zu 6 Personen – ideal für Familien oder kleine Gruppen, die Erholung in naturnaher Umgebung suchen.

Highlights: Ruhige Lage mit Weitblick über das Rheindelta, bis nach Bregenz, Lindau und den Pfänder Private Dachterrasse – perfekt zum Entspannen oder für Abendessen im Freien 3 gemütliche Schlafzimmer mit Verdunklungsmöglichkeit Voll ausgestattete Küche inkl. Fondue- und Raclette-Set Bad mit Badewanne, Dusche und Closomat Gratis Garage & Aussenparkplatz.

Lage & Umgebung: Wanderwege starten direkt vor der Tür, der Bodensee ist nur 5 km entfernt. In Heiden gibt es ein Freibad mit Sommerkino, das Appenzeller Heilbad liegt gleich in der Nähe. Coop, Migros und ein Volg mit langen Öffnungszeiten sorgen für gute Einkaufsmöglichkeiten.

Ausflugsziele: Perfekter Ausgangspunkt für Touren nach Appenzell, St.Gallen, Rorschach, Arbon, oder per Fähre nach Friedrichshafen. Der Aussichtspunkt „Fünfländerblick“ ist zu Fuss erreichbar. 

Wer höher hinaus will: Rundflüge ab dem Flugplatz Altenrhein sind möglich – Kontakte stellen wir gerne her.

Mindestaufenthalt: 2 Nächte;9.538214206695558;47.45410156826259;Thalerstrasse 49c;9410;Heiden;+41 78 600 00 38;thomas.streit@conseq.ch;[{'@type': 'ImageObject', 'contentUrl': 'https://alarpimtsoch.sos-ch-dk-2.exoscale-cdn.com/catalog/0/2/8/9/028931de33a8eb8efa2c8a9dd1fd565f9f04c3cf_IMG_2196.JPG', 'caption': {'de': 'Aussenansicht'}}];2026-06-10T10:54:28+02:00
05bc0646-9108-4123-92e9-e9a34f160bfa;Brauquöll Besucherzentrum der Brauerei Locher AG;Ein Familienunternehmen mit ausgezeichneter, innovativer Produktevielfalt.;Die Brauerei Locher AG wurde 1886 von der Familie Locher erworben und ist heute die einzige Brauerei im Appenzellerland. Das unabhängige Familienunternehmen braut schon in fünfter Generation für ihre Kundschaft und erlangt für seine Bierspezialitäten sowie ihre traditionellen Biere Anerkennung.

Die Biere werden noch handwerklich und nach überlieferten Verfahren hergestellt, wobei den Rohstoffen und der Nachhaltigkeit besondere Aufmerksamkeit gewidmet wird. Lassen Sie sich von der Faszination überlieferter Braukunst mitreissen! Entdecken Sie, wie aus quöllfrischem Wasser das Appenzeller Bier und der Säntis Malt Whisky entstehen. 
Verschiedene Degustationen bringen Ihnen die unvergleichlich frischen Biere und den gehaltvollen Säntis Malt nahe. 

Jeweils am Donnerstag um 10:15 Uhr (ausgenommen Feiertage) wird eine Appenzeller Bier-Degustation für Einzelbesucher angeboten. Sie können ohne Voranmeldung teilnehmen. 
Dauer: ca. 60 Minuten
Mindestalter: 16 Jahre
Sprache: Deutsch
Kosten: CHF 14.00 pro Person 


Für Gruppen können verschiedene Degustationen auf Anfrage organisiert werden. Pro Führung max. 25 Personen möglich.;9.4124588;47.3309868;Brauereiplatz 1;9050;Appenzell;+41 71 788 01 76;besucher@appenzellerbier.ch;http://www.brauquöll.ch;[{'@type': 'ImageObject', 'contentUrl': 'https://alarpimtsoch.sos-ch-dk-2.exoscale-cdn.com/catalog/7/9/d/a/79dae4102ad3ccb9dcf8b24b62fab9bac26b78ea_Brauquoell_1440x600_e0212dba.jpg'}];2026-07-10T15:35:26+02:00
06cb32a5-4012-4130-ba22-9892e7182f2b;Blumer Fensterwerke AG - Einblick in die Produktion;Neugierig, wie unsere Fenster entstehen?

Dann komm vorbei! Bei einer Führung zeigen wir Dir gerne unsere Werke, unsere Leidenschaft und wie aus Handwerk Qualität wird.;Blick hinter die Kulissen

Erlebe bei einer rund 1 bis 1 ½-stündigen Führung, wie bei uns Kunststoff-/Kunststoff-Metall- sowie Holz- und Holz-Metall-Fenster entstehen – vom einzelnen Profil bis zum fertigen Rahmen.

Du erhältst spannende Einblicke in unsere Produktion und lernst auch unser Pfosten-Riegel-Fassadensystem in Holz kennen.

Sieh live zu, wie unsere Conturex blitzschnell Fensterkanteln zu präzisen Rahmen- und Flügelteilen verarbeitet. Erfahre, wie viel Handarbeit und Fachwissen in einem Holzfenster steckt. Und lass Dich von der automatisierten Verarbeitung der Kunststoff-Profile bis hin zum fertigen Flügel begeistern.

Unsere Räumlichkeiten:
Unsere beiden Dachräume – jeweils mit eigener Aussichtsterrasse – bieten den idealen Rahmen für Sitzungen, Versammlungen oder Kundenevents. Gerne organisieren wir für Dich einen Apéro, ein Frühstück oder einen kulinarischen Höhepunkt nach Wunsch.

Organisatorisches:
Dauer der Führung: ca. 1 – 1 ½ Stunden
Teilnehmende pro Führung: bis 30 Personen
Grössere Gruppen: zwei aufeinanderfolgende Führungen
Kosten: CHF 11.– pro Person


Wichtig:
Am Wochenende sind Führungen ebenfalls möglich – jedoch ohne laufende Produktion.;9.27812;47.35433;Schönengrundstrasse 1;9104;Waldstatt;+41 71 353 08 06;katja.signer@blumer.ch;http://www.blumer.ch;[{'@type': 'ImageObject', 'contentUrl': 'https://alarpimtsoch.sos-ch-dk-2.exoscale-cdn.com/catalog/7/b/0/c/7b0cfe191be6ee127426643e5d8f409af23f3a93_2024_1062.jpg'}];2026-06-10T10:54:28+02:00
07bad375-69a4-4b04-b7a7-77dd0ddccf0b;Walderlebnisraum Gais;Erfahren Sie viel Spannendes rund um Wald und Riet;Der Walderlebnisraum Gais ist eingebettet in vielfältige Wälder und blühende Streuwiesen. Das Ziel ist, Erwachsenen und Schulklassen diese Lebensräume mit ihren Pflanzen und Tieren, ihren Funktionen, der Bewirtschaftung und Entwicklung mit viel Praxisbezug näher zu bringen. Der Walderlebnisraum kann zwischen Mai und Oktober und abends bis 21:00 Uhr genutzt werden.

Ideal für Schulen, Familien, Vereine oder Firmen - es steht ein breites Angebot zur Verfügung: 
1. Waldhaus mit Tischen und Bänken, Toilette, Feuer- und Wasserstelle, Kochutensilien, Unterrichtsmaterialien, Spiele
2. Führungen von rund einer Stunde durch Waldpädagoginnen / Fachpersonen zu einem ausgewählten Naturthema wie Bäume, Sträucher, Waldtiere, Vögel, Insekten, nachhaltige Waldbewirtschaftung, Funktionen des Waldes 
3. «Naturpfad der Sinne» mit 50 Tafeln und Objekten, Barfussweg, Waldxylophon
4. «Barfussweg» als Erlebnis mit zahlreichen Anreizen, unter Einbezug verschiedenster natürlicher Materialien, die der Wald hergibt

Für Schulen und Jugendorganisationen aus Appenzell Ausserrhoden übernimmt die Bertold-Suhner-Stiftung die Kosten für Miete Waldhaus, Führung sowie An- und Rückreise mit ÖV.  Für Schulen und Jugendorganisationen der Kantone Appenzell Innerrhoden und St. Gallen trägt die Steinegg Stiftung die Kosten für Miete Waldhaus und Führung.  

Dauer Führung: ca. 1 Stunde
Teilnehmer: 10 bis 25 Personen
Kosten Miete Waldhaus: Halbtag CHF 100.00 / ganzer Tag CHF 150.00 (Mitglieder CHF 50.00 / CHF 100.00)
Kosten Führungen: pauschal CHF 80.00;9.49963;47.35453;Rotenwies 25;9056;Gais;+41 79 717 79 86;info@walderlebnisraum.ch;https://www.walderlebnisraum.ch;[{'@type': 'ImageObject', 'contentUrl': 'https://alarpimtsoch.sos-ch-dk-2.exoscale-cdn.com/catalog/2/a/4/9/2a49d54cf9ef10ea72ffeee16907a9d3648cd9c1_WER_Waldhaus_mit_Brunnen_und_Feuerstelle_Hansj__rg_H__rler_180630_4121__2_.JPG'}];2026-06-10T10:54:28+02:00
0876b2fa-3062-465f-896f-d1fa6b43f8e2;Feuerstelle Zittäfeli;9.4899777;47.4276629;St. Gallerstrasse 9;9038;Rehetobel;gemeinde@rehetobel.ar.ch;http://www.rehetobel.ch/de/;[{'@type': 'ImageObject', 'contentUrl': 'https://alarpimtsoch.sos-ch-dk-2.exoscale-cdn.com/catalog/d/4/1/2/d4125d8d09a73cfa66253c1c8a5ec33a1c32623e_08_2020_rehetobel_zitt__feli.jpg'}];2026-07-10T08:31:39+02:00
08d9be42-9fc4-4c77-ab31-7620a4c11a9a;Feuerstelle Schochenberg;Gedeckte Feuerstelle mit Feuerholz.;9.272621870040895;47.3966896547258;Poststrasse 6;9102;Herisau;+41 71 354 54 54;http://www.herisau.ch/de/;[{'@type': 'ImageObject', 'contentUrl': 'https://alarpimtsoch.sos-ch-dk-2.exoscale-cdn.com/catalog/9/c/6/b/9c6bcaa2397524f1cd9e8ce8d32cd91654625ab5_PXL_20231103_130030083.jpg'}];2026-07-17T09:18:51+02:00
0a7830ae-cdbe-494e-9d1f-2169e7d427d2;Feuerstelle Bisersweid;9.3353104;47.3725286;Schachen 42;9063;Stein;+41 71 367 11 13;http://www.stein-ar.ch/de/;[{'@type': 'ImageObject', 'contentUrl': 'https://alarpimtsoch.sos-ch-dk-2.exoscale-cdn.com/catalog/3/2/6/8/326896069f2fc5eefa92b92fa1bbad636d0b43bc_Feuerstelle.jpg'}];2026-06-10T10:54:28+02:00
0c160685-cca2-4b29-b42b-b54788e05876;Werkzeugstation - Schaukäserei Stein;Praktische Werkzeugstation mit verschiedenen Schraubenziehern und Schlüsseln.;Die Werkzeugstation befindet sich strassenseitig am Gebäude der Schaukäserei beim kleinen Park.;9.344558715820314;47.373316446432895;Dorf 711;9063;Stein;[{'@type': 'ImageObject', 'contentUrl': 'https://alarpimtsoch.sos-ch-dk-2.exoscale-cdn.com/catalog/4/2/2/2/4222b83cb9e72ec2644894b055015fbc6bbe6c99__DSC0636.JPG'}];2025-05-16T06:17:34+02:00
0d9fbeeb-3f6b-479f-b410-1a3e8effa30d;Feuerstelle EWU-Hüsli;<p>Direkt am Bach, der Urn&auml;sch, von hohen B&auml;umen umgeben ist die Feuerstelle H&uuml;sli. Die Feuerstelle ist die letzte Station des Lillywegs. Die Urn&auml;sch nebenan l&auml;dt an warmen Tagen zum Baden oder planschen ein. Erreichbar ist sie bequem zu Fuss von der Postautohaltestelle H&uuml;sli oder &uuml;ber den Lilliyweg.</p><p>Vorhanden ist: </p><ul><li>Feuerstelle mit Rost und Sitzb&auml;nke</li><li>Brennholz</li><li>Abfallbeh&auml;lter</li><li>mobiles WC auf der anderen Bachseite</li></ul>;9.27725672721863;47.28699842653004;Mittler-Rossfall;9107;Urnäsch;+41 71 364 26 40 ;praesident_verkehrsvereinurnaesch@protonmail.com;[{'@type': 'ImageObject', 'contentUrl': 'https://alarpimtsoch.sos-ch-dk-2.exoscale-cdn.com/catalog/2/e/d/3/2ed351b414f06af413c40fcebd7c054c99483365_08_2020_urn__sch_ewuh__sli__2_.jpg'}];2026-07-31T13:35:27+02:00
0eb7c87f-373f-470a-906e-e758959751f5;Hotel Restaurant Krone Urnäsch;Das traditionelle und sympathische Hotel Restaurant Krone liegt mitten in Urnäsch in unmittelbarer Nähe zum Bahnhof der Appenzeller Bahnen.;<p>Im Restaurant/Pizzeria Krone in Urn&auml;sch finden Sie eine grosse Auswahl an Pizzas sowie eine Speisekarte mit regionalem und saisonalem Angebot. Dank des grossz&uuml;gigen Wintergartens geniessen G&auml;ste das Gef&uuml;hl von Offenheit und Licht &ndash; bei jedem Wetter. T&auml;glich von 11:30 bis 14:00 Uhr sowie von 17:30 bis 21:00 Uhr verkehrt der charmante Pizza-Zug durch das Restaurant und serviert die frisch zubereiteten Gerichte direkt an den Tisch. Ein besonderes Highlight, das nicht nur die j&uuml;ngsten G&auml;ste begeistert.</p><p>Bei sch&ouml;nem Wetter bietet zus&auml;tzlich die sonnige Terrasse Platz zum Verweilen im Freien &ndash; mit herrlichem Blick und entspannter Stimmung. Das Speiserestaurant im ersten Obergeschoss wird f&uuml;r das Fr&uuml;hst&uuml;ck der Hotelg&auml;ste genutzt und steht Gruppen f&uuml;r Anl&auml;sse zur Verf&uuml;gung.</p><p>Es gilt die <a href="https://www.appenzell.ch/de/unterkunft/appenzeller-ferienkarte.html" target="_blank" rel="noopener">Appenzeller Ferienkarte</a></p>;9.283836205004587;47.317241800000005;Appenzellerstrasse 2;9107;Urnäsch;+41 71 365 64 00;info@krone-urnaesch.ch;http://www.krone-urnaesch.ch/;[{'@type': 'ImageObject', 'contentUrl': 'https://alarpimtsoch.sos-ch-dk-2.exoscale-cdn.com/catalog/e/e/2/b/ee2b73561f5565f0e1f4253137154ec790168347_24018_1184.jpg'}];2026-08-31T23:15:20+02:00
100fcc79-3d2e-4f46-8c73-424a95248cfd;Appenzeller Brauchtumsmuseum;Im heimeligen Museum erleben Sie die vielfältige Kultur und das traditionsreiche Brauchtum des Appenzellerlandes.;Im Mittelpunkt stehen Silvesterchläuse, Alpfahrt, Sennenleben, Bauernmalerei und Streichmusik. Probieren Sie Chlausen mit Rollenträgern, Talerschwingen und Hackbrett oder Zither spielen - ein echtes Erlebnis! Regelmässige Sonderausstellungen verleihen dem Museum einen zeitgenössischen Glanz. Buchen Sie einen Naturjodelkurs, einen Workshop für Schulklassen oder eine mehrsprachige Führung im Museum.

Alle Museen im Appenzellerland finden Sie unter: www.museen-im-appenzellerland.ch;9.2827771;47.3172338;Dorfplatz 6;9107;Urnäsch;+41 71 364 23 22;info@museum-urnaesch.ch;http://www.museum-urnaesch.ch/;[{'@type': 'ImageObject', 'contentUrl': 'https://alarpimtsoch.sos-ch-dk-2.exoscale-cdn.com/catalog/f/6/2/6/f6264d8ad88469167621839aaa4ba100f0abdd12_16108_1060_komprimiert__2.jpg'}];2026-07-10T08:26:02+02:00
121ec096-4e96-43bb-9e6e-bd8d0a5920f0;Feuerstelle Unterhalb Mitledi;9.310875535011293;47.3569958542085;9064;Hundwil;079 444 36 06;praesident@verkehrsvereinhundwil.ch;https://verkehrsvereinhundwil.ch/;[{'@type': 'ImageObject', 'contentUrl': 'https://alarpimtsoch.sos-ch-dk-2.exoscale-cdn.com/catalog/3/f/d/f/3fdfdd07df26efed7f21bd9e564bc61abaf6a2b7_Feuerstelle.jpg'}];2026-06-10T10:54:28+02:00
12b158c5-11e1-44f4-adec-66cdfd2ea29f;Figurentheater-Museum & Figurentheater;Eintauchen in die bunte Welt des Figurentheaters;<p class="MsoNormal"><span style="mso-bidi-font-size: 11.0pt; line-height: 115%;">Im Dorfkern von Herisau, in einem typischen alten Appenzellerhaus l&auml;sst das Figurentheatermuseum Besucherinnen und Besucher eintauchen in die fantasievolle, bunte Welt des Figurentheaters. Auf insgesamt drei Stockwerken gibt es verschiedene Marionetten, Handpuppen und andere Figuren zu entdecken und allerlei Spannendes zu erfahren. Jedes Jahr wird eine andere spannende Schweizer B&uuml;hne portr&auml;tiert. Die Jahresausstellung wird jeweils durch thematische Pr&auml;sentationen aus der hauseigenen Sammlung erg&auml;nzt &ndash; so lassen sich immer wieder neue Facetten des Figurenspiels entdecken und beleuchten.&nbsp;</span></p><p class="MsoNormal"><span style="mso-bidi-font-size: 11.0pt; line-height: 115%;">Das Museum kann auf Anfrage exklusiv reserviert werden; zudem sind F&uuml;hrungen f&uuml;r Gruppen mit oder ohne Ap&eacute;ro buchbar.</span></p><p class="MsoNormal"><strong><span style="mso-bidi-font-size: 11.0pt; line-height: 115%;">Strolchi erwartet die kleinen Besucherinnen und Besucher</span></strong><span style="mso-bidi-font-size: 11.0pt; line-height: 115%;"><br>Die Katze Strolchi begleitet Kinder auf einem liebevoll gestalteten Spiel- und Erlebnisweg mit interaktiven Stationen durch das Haus und l&auml;sst sie selbst zu Puppenspielerinnen und Puppenspielern werden.</span></p><p class="MsoNormal"><span style="mso-bidi-font-size: 11.0pt; line-height: 115%;">Die Ausstellungen sind auch auf Franz&ouml;sisch und Englisch zug&auml;nglich.<br><strong>Eintrittspreise: </strong>Erwachsene CHF 8.00, Kinder CHF 5.00, Familien CHF 20.00<br>F&uuml;r Kinder aus den Kantonen AR und SG ist der Eintritt gratis.</span></p><p class="MsoNormal"><span style="mso-bidi-font-size: 11.0pt; line-height: 115%;">Die Theatersaison dauert jeweils von Oktober bis Mai, Auff&uuml;hrungen finden immer am Sonntag um 11 Uhr statt.</span></p><p><span style="font-size: 11.0pt; line-height: 115%; font-family: 'Arial',sans-serif; mso-fareast-font-family: Aptos; mso-fareast-theme-font: minor-latin; mso-ansi-language: DE-CH; mso-fareast-language: EN-US; mso-bidi-language: AR-SA;">Spielplan: <a href="http://www.figurentheatermuseum.ch">www.figurentheatermuseum.ch</a></span></p>;9.27979840461888;47.3851375;Oberdorfstrasse 18;9100;Herisau;+41 76 520 79 09;info@figurentheatermuseum.ch;https://www.figurentheatermuseum.ch/;[{'@type': 'ImageObject', 'contentUrl': 'https://alarpimtsoch.sos-ch-dk-2.exoscale-cdn.com/catalog/d/9/1/b/d91b7c27db55b5598b9d5d3176643853ed7575ec_appenzellerhaus_figurentheater__3.jpg'}];2026-06-10T10:54:28+02:00
12d96258-248f-4309-bad6-f2b6161a3ad8;Haus zur Stickerei – Feste feiern mit Herz;Wir verwöhnen Sie und Ihre Gäste und verzaubern Ihr privates und geschäftliches Fest in unvergessliche Momente.;<p>Das Sticklokal bietet Platz f&uuml;r bis zu 55 Personen. <br>Unsere K&uuml;che ist regional, schweizerisch und wir kochen mit Freude.</p><p>Jeden letzten Donnerstag im Monat ist die Stobe + Bar ab 17.00 Uhr ge&ouml;ffnet (Juli/August Sommerpause). <br>Es finden ebenfalls &ouml;ffentliche kulturelle Veranstaltungen statt.</p><p>Aktuelles finden Sie immer unter www.hauszurstickerei.ch</p>;9.520428;47.4343377;Unterrechstein 8;9410;Heiden;+41 76 741 24 76;info@hauszurstickerei.ch;http://www.hauszurstickerei.ch/;[{'@type': 'ImageObject', 'contentUrl': 'https://alarpimtsoch.sos-ch-dk-2.exoscale-cdn.com/catalog/b/3/e/7/b3e7c1600530d709ce12a75de479b6573733e96a__DSC3089_kl__2.jpg'}];2026-07-10T08:26:02+02:00
12f39112-3482-4bf7-8afb-1ae98bab9539;Appenzeller Park;Der Appenzeller Park in Herisau ist das wetterunabhängige Erlebnisziel für Familien, Jugendliche und Gruppen: Indoor-Spielplatz, Clip ’n Climb, der Rutschenpark und eine Kletterhalle mit Innen- und Aussenbereich, die für Sportkletterer ein echtes Paradies ist. Ein weiteres Highlight: der Heavy Metal Garden mit dem gigantischen Komatsu PC-8000.;Im Appenzeller Park in Herisau erwartet Sie ein vielseitiger Freizeitpark mit Erlebnissen für jedes Alter, ideal als Familienausflug, Schlechtwetterprogramm, Geburtstag oder Gruppenevent. Familien lieben den grossen Indoor-Spielplatz zum Toben und Entdecken. Wer Action sucht, findet sie beim Kletterparcours Clip’n Climb (fürs Klettern ohne Vorkenntnisse)  und im Rutschenpark.
Ein besonderes Herzstück ist die Kletterhalle: Mit ihrem Innen- und Aussenbereich ist sie für Sportkletterer ein Paradies. Ob ambitioniertes Klettern, regelmässiges Training oder ein aktiver Nachmittag: Hier kommen Kletterfans voll auf ihre Kosten.
Ein weiteres Highlight ist der Heavy Metal Garden: Hier bestaunen Sie den Komatsu PC-8000, einen der weltweit grössten Hydraulikbagger, nur weltweit einmal zu besichtigen - im Appenzeller Park. Ein eindrucksvoller Fotospot und ein Erlebnis, das man nicht alle Tage sieht. Für Pausen und Genuss stehen zwei Bistros mit ingesamt 330 Sitzplätzen bereit, auch Gruppen und Firmen finden attraktive Angebote und passende Rahmenbedingungen.;9.269369224573303;47.389611450000004;Hölzlistrasse 10;9100;Herisau;+41 71 544 99 66;info@appenzellerpark.ch;http://www.appenzellerpark.ch/;[{'@type': 'ImageObject', 'contentUrl': 'https://alarpimtsoch.sos-ch-dk-2.exoscale-cdn.com/catalog/8/a/8/a/8a8af13cc49cc41b3782c28a0000da0e7ae62703_Burg_mit_Junge_stehend.jpg'}];2026-06-10T10:54:28+02:00
130034e1-ce89-4bf8-901e-a6c2a2b1410a;Tiererlebnishof - Alpaka- und Lama-Trekking;Alpaka- und Lama-Trekking auf dem Tiererlebnishof im Appenzellerland mit wunderschönem Panorama und Blick zum Alpstein;<p>Auf dem Tiererlebnishof in Urnäsch leben Alpakas, Lamas, Kaninchen, Hühner, Truthähne und Katzen sowie die Hündin Colline.
Als ausgebildete Bäuerin mit Fachausweis und Wildnis- und Tiergestützte Pädagogin (WIP &amp; Tier) bietet Monika Egli eine Vielzahl von Angeboten auf ihrem Hof an. Besonders beliebt sind Trekkingtouren mit den Alpakas und Lamas. Trekking eignet sich für Paare, welche einen privaten, gemütlichen Spaziergang mit den kuscheligen Tieren geniessen möchten, für Teamausflüge, um sich im Team von einer anderen Seite kennen zu lernen oder das Familienfest, das in einem etwas aussergewöhnlichen Rahmen erlebt werden möchte, sowie für einen gemütlichen Tag unter Freunden. Bevor sich die Gruppe auf den Weg macht, erfahren die Gäste etwas über die Tiere, das Trekking und den Hof und werden mit einem kleinen Apéro verwöhnt. Nach der Einführung folgt der Spaziergang über Wiesen und durch Wälder (ca. die Hälfte der Zeit des gebuchten Trekkings). Zum Schluss können die Tiere als Dankeschön für den Spaziergang gefüttert werden. Jedes Trekking kann an der idyllisch gelegenen Feuerstelle beim Indianertipi im Wald seinen Ausklang finden. Es kann auch ein Grill- oder Fondueplausch dazu gebucht werden.

Wenn Sie mit Ihrem Team, Ihren Kindern oder Freunden bei Spiel und Spass einen ganzen Tag auf dem Tiererlebnishof erleben möchten, haben Sie die Möglichkeit die Tiererlebnishof-Olympiade  dazu zu buchen.

Bedingungen
Da Lamas und Alpakas Angst vor fremden Hunden haben, dürfen diese nicht zum Trekking mitgenommen werden.
Die Verantwortung für die Kinder liegt bei den Eltern und die Versicherung ist Sache der Teilnehmer.
Dem Wetter entsprechende Kleidung und Trekking- oder Wanderschuhe.

Trekkingpreise
Dauer: 1 Stunde (Schnuppertour, exkl. Apéro)
4 - 10 Personen: CHF 33.00 pro Person
11 - 30 Personen: CHF 30.00 pro Person

Dauer: 2 Stunden mit Apero oder Kaffee und Kuchen
4 - 10 Personen: CHF 48.00 pro Person
11 - 30 Personen: CHF 45.00 pro Person

Dauer: 3 Stunden mit Apero oder Kaffee und Kuchen
4 - 10 Personen: CHF 68.00 pro Person
11 - 30 Personen: CHF 65.00 pro Person

Fondue- oder Grill-Plausch:
CHF 25.00 pro Person zusätzlich zum gebuchten Trekking</p><p><br></p>;9.2801804;47.3368808;Windegg 930;9107;Urnäsch;+41 78 827 44 33;monikaegli@tiererlebnishof.ch;http://www.tiererlebnishof.ch;[{'@type': 'ImageObject', 'contentUrl': 'https://alarpimtsoch.sos-ch-dk-2.exoscale-cdn.com/catalog/e/7/b/4/e7b43b095a0df1cdd67dab1a1da2c18908fe54ed_Moni_und_Leana.JPG'}];2026-07-10T15:25:00+02:00
13743f73-60cd-49d7-91e5-03932f8f53c3;Ferienwohnung Edelweiss;Ferienwohnung Edelweiss mit Blick auf den Bodensee im schönen Appenzellerland;<p>“Willkommen in der zauberhaften “Edelweiss”-Ferienwohnung in Wolfhalden. Diese frisch renovierte Unterkunft für 2-4 Personen verspricht nicht nur einen erholsamen Aufenthalt, sondern auch ein unvergleichliches Erlebnis. Die Wohnung bietet einen atemberaubenden Panoramablick auf den Bodensee, der Sie jeden Morgen und Abend mit seiner Schönheit verzaubern wird. Neben der bezaubernden Seesicht verfügen wir über gratis WLAN und Swisscom TV, damit Sie stets in Verbindung bleiben können. Der eigene Garten ist der ideale Ort, um sich zu entspannen und die frische Luft zu genießen. Das angrenzende Partyhaus lädt zu unterhaltsamen Abenden ein und der Grillbereich sowie das Cheminée ermöglichen es Ihnen, kulinarische Köstlichkeiten zuzubereiten und den Abend in gemütlicher Atmosphäre ausklingen zu lassen. Für Ihren Komfort stehen ausreichend Parkplätze zur Verfügung. Um die Region zu erkunden, bieten sich Busverbindungen an, die Sie zu den zahlreichen Attraktionen und regionalen Hofläden führen. Dort können Sie lokale Produkte probieren und ein Stück Appenzeller Gastfreundschaft erleben. Die “Edelweiss”-Ferienwohnung verspricht nicht nur ein Zuhause auf Zeit, sondern auch unvergessliche Momente in einer malerischen Umgebung. Willkommen zu einem Urlaub voller Entspannung, Abenteuer und einer herrlichen Panorama-Seesicht, die Ihre Sinne verzaubern wird.</p><p>Mindestaufenthalt: 3 Nächte</p>;9.5494744;47.4553123;Alte Landstrasse 240;9427;Wolfhalden;+41 79 884 08 44;info@frickart.ch;[{'@type': 'ImageObject', 'contentUrl': 'https://alarpimtsoch.sos-ch-dk-2.exoscale-cdn.com/catalog/2/5/9/1/25910bab896cf41a6a7afe8a6b2e5b4e0f17dfd3_39d10fc9_a751_4d5b_a211_c2f60bb4dcc3__2.jpeg'}];2026-08-07T15:45:40+02:00
14664214-7470-43e3-9bf7-d7db7bf4a54e;B&B Frischknecht;Urtümliches B&B für Naturliebhaber und Ruhesuchende;<p>Fernab von jeglichem Verkehr, mit Blick zur S&auml;ntiskette und inmitten der gr&uuml;nen H&uuml;gellandschaft vom Appenzellerland - hier liegt das Bauernhaus der Familie Frischknecht. Das Ehepaar Lina und Ernst ist pensioniert und legt Wert darauf, bezahlbare Unterk&uuml;nfte f&uuml;r G&auml;ste aus aller Welt anbieten zu k&ouml;nnen. Sie m&ouml;gen Menschen und pflegen einen famili&auml;ren Umgang mit ihren G&auml;sten. Das typische Appenzeller Haus verf&uuml;gt &uuml;ber f&uuml;nf einfache, aber gem&uuml;tliche Zimmer mit Etagendusche. F&uuml;r beste Laune sorgt das reichhaltige Bauernfr&uuml;hst&uuml;ck in der hauseigenen K&uuml;che. Lina Frischknecht liebt es, die G&auml;ste mit Selbstgemachtem und allerlei feinen Produkten aus der Region zu verw&ouml;hnen. F&uuml;r die Verpflegung am Mittag oder Abend laden verschiedene gutb&uuml;rgerliche Restaurants in der Umgebung ein. Es ist kein Mindestaufenthalt erforderlich. Achtung: Bei schneebedeckter Strasse ist f&uuml;r das letzte kurze Steilst&uuml;ck ein Allradfahrzeug erforderlich. Mindestaufenthalt: 1 Nacht</p><h4>Hier gilt die&nbsp;<a href="https://www.appenzell.ch/de/unterkunft/appenzeller-ferienkarte.html">Appenzeller Ferienkarte</a></h4>;9.281087800000002;47.34667279999999;Oberwaldstatt 9;9104;Waldstatt;+41 71 352 11 05;frischknecht.ow@bluewin.ch;http://www.bnbfrischknecht.ch;[{'@type': 'ImageObject', 'contentUrl': 'https://alarpimtsoch.sos-ch-dk-2.exoscale-cdn.com/catalog/e/7/c/f/e7cfc240a23726cc7ae6025cba62f6a10adc7769_frischknecht_waldstatt.jpg'}];2026-09-03T13:03:34+02:00
14ff6ebc-b219-4085-9102-32f4d64b9be2;Feuerstelle Wehrlinshöhe;9.256499;47.3489055;Dorf 50;9103;Schwellbrunn;+41 71 353 38 00;gemeinde@schwellbrunn.ar.ch;https://www.schwellbrunn.ch/;[{'@type': 'ImageObject', 'contentUrl': 'https://alarpimtsoch.sos-ch-dk-2.exoscale-cdn.com/catalog/3/f/d/f/3fdfdd07df26efed7f21bd9e564bc61abaf6a2b7_Feuerstelle.jpg'}];2026-06-10T10:54:28+02:00
15ec0f94-2d56-4091-bd2f-6bec8d61eb0e;Feuerstelle und Spielplatz St. Peterzell Dorf ;Grillstelle mit tollem Spielplatz;Brennholz, Rost und Sitzgelegenheiten sind vorhanden. 
Der grosszügige Spielplatz bietet Rutschbahnen, Piratenschiff, Trampolin, Tischtennistisch, Sandkasten, Seilbahn und diverse Klettermöglichkeiten.;9.176341295242311;47.317905273031656;9127;St. Peterzell;+41 71 375 62 62;gemeinde@neckertal.ch;[{'@type': 'ImageObject', 'contentUrl': 'https://alarpimtsoch.sos-ch-dk-2.exoscale-cdn.com/catalog/8/a/4/e/8a4e99f0fa5f33da8ab9f722572785cf70daa017_10_2022_st.peterzell_dorf_feuerstelle__1_.JPEG'}];2026-06-10T14:46:01+02:00
17b4955f-a254-4c2f-9ac7-222c9009290c;Denkmalgeschütztes Appenzellerhaus;Grosszügiges, heimeliges Appenzellerhaus in der Landwirtschaftszone von Stein AR.;<p>G&ouml;nnen Sie sich einen 5*-Urlaub in einem &uuml;ber 200-j&auml;hrigen, vollst&auml;ndig renovierten Appenzellerhaus. Treten Sie ein in die einzigartige Atmosph&auml;re dieser denkmal-gesch&uuml;tzten Liegenschaft, welche f&uuml;r 7 Erwachsene und 4 Kinder Platz bietet. Es verf&uuml;gt &uuml;ber eine Wohnstube, zwei Nebenstuben, eine grosse neue Wohnk&uuml;che, f&uuml;nf Schlafzimmer, ein grosses Kinderzimmer sowie zwei Nasszellen mit Bad/Dusche/WC resp. Dusche/WC. Die Liegenschaft befindet sich unterhalb des Dorfkerns von Stein, ist ruhig und sonnig gelegen und bietet einen traumhaften Ausblick ins Appenzellerland mit der Gebirgskette des Hohen Kastens im Hintergrund. Gerne empfangen wir Sie in unseren heimeligen R&auml;umen f&uuml;r unvergessliche und abwechslungsreiche Ferientage.<br>Mindestaufenthalt: 4 N&auml;chte</p>;9.352842800000001;47.3733259;Niderstein 113;9063;Stein;079 419 50 04;kontakt@ferienhaus-appenzell.com;http://www.ferienhaus-appenzell.com;[{'@type': 'ImageObject', 'contentUrl': 'https://alarpimtsoch.sos-ch-dk-2.exoscale-cdn.com/catalog/6/0/a/9/60a97d4df6fea98a867a892b3bbb17c7bfe4c851_2f844cc2_5387_4cea_a647_2da25704b8d1__2.jpg'}];2026-08-12T09:27:21+02:00
17ea1a71-cefd-4ab1-a4e4-366e64988e02;Hirschen Wald - Gasthaus und Bäckerei;«Ä chli vo allem», das ist der Leitgedanke der Familie Mettler, die seit 1899 das charakterstarke und geschichtsträchtige Gasthaus mit Bäckerei führt.;<p>Der Hirschen Wald verf&uuml;gt &uuml;ber sechs frisch renovierte ger&auml;umige und komfortable Zimmer, die neues und altes verbinden; eine kleine B&auml;ckerei mit einem mehr als hundertj&auml;hrigen Backofen, aus dem es nach Brot, Zopf und zahlreichen Spezialit&auml;ten duftet; zwei heimelige Stuben mit einem 270-j&auml;hrigen Wandbuffet, in denen eine gutb&uuml;rgerliche und regionale K&uuml;che gepflegt wird; und einen Saal f&uuml;r bis zu 60 Personen mit Blick auf den Alpstein und die H&uuml;gel des Appenzellerlands. Der Familienbetrieb liegt ausserhalb des Dorfes Wald, umgeben von Wiesen und W&auml;ldern auf 1050 m &uuml;. M. Wer Ruhe und Entschleunigung sucht, ist hier richtig aufgehoben. In famili&auml;rem Ambiente kann man hier das Appenzellerland auf authentische und unpr&auml;tenti&ouml;se Art erleben und geniessen.&nbsp;</p><h4>Hier gilt die&nbsp;<a href="https://www.appenzell.ch/de/unterkunft/appenzeller-ferienkarte.html">Appenzeller Ferienkarte</a></h4>;9.5046876;47.4190749;Büel 123;9044;Wald;+41 71 877 11 46;info@hirschenwald.ch;http://www.hirschenwald.ch/;[{'@type': 'ImageObject', 'contentUrl': 'https://alarpimtsoch.sos-ch-dk-2.exoscale-cdn.com/catalog/7/2/2/0/7220010a178090f31a28d4cfd640c7cdfd46b6bf_hirschen_wald.jpg'}];2026-09-03T14:05:46+02:00
1a336517-b4aa-4d3b-9d08-d6bf125e55ae;Textildorf - Führung durch Rehetobel;Rehetobel - Ein ehemaliges Textildorf erleben.;Rehetobel war um 1900 ein Zentrum der textilen Heimindustrie. Hier wurde für die bekannten Handels- und Textilhäuser in St. Gallen und Speicher anfänglich gewoben und später gestickt und auch eigener Handel betrieben. Auf einer textilhistorischen Führung erfahren Sie über das Leben der Weber und Sticker sowie die lokale Wirtschafts-, Bau- und Sozialgeschichte als ein Teil der Ostschweizer textilen Vergangenheit.

Auf Wunsch können Sie im Anschluss an die Führung eine Besichtigung bei der Stickereifirma Walter Sonderegger AG reservieren. Die Firma ist auf hochwertige Stickereien für Lingerie und Damen Oberbekleidung spezialisiert. Der Betrieb liegt ausserhalb des Dorfes, weshalb Fahrzeuge benötigt werden.

Dauer: ca. 1 1/2 Stunden Dorfführung, 45 Minuten Stickereibesichtigung
Teilnehmer: 5 - 12 Personen
Kosten: CHF 10.00 pro Person;9.482944607734682;47.42699850914466;St.Gallerstrasse/Dorf;9038;Rehetobel;+41 71 877 21 42;h.m.meier@bluewin.ch;https://textildorf.ch/;[{'@type': 'ImageObject', 'contentUrl': 'https://alarpimtsoch.sos-ch-dk-2.exoscale-cdn.com/catalog/1/3/1/8/1318ad8453154e7a65f9606baadc6b545f27d33d_Bildschirmfoto_2021_01_27_um_14.23.49__3.png'}];2026-06-10T10:54:29+02:00
1a5474ab-b140-4899-b307-9f029ad43f50;Feuerstelle Gäbris / Jubihütte;9.4652898;47.3807878;Schulhausstrasse 1;9056;Gais;+41 71 791 80 81;gemeinde@gais.ar.ch;https://www.gais.ch/;[{'@type': 'ImageObject', 'contentUrl': 'https://alarpimtsoch.sos-ch-dk-2.exoscale-cdn.com/catalog/6/0/b/d/60bd6c5b90499320eca0a398ce9a9ece78b949ec_08_2020_gais_jubih__tte.jpg'}];2026-07-10T08:31:39+02:00
1a5afb5b-7b54-4805-9d99-15861dba4ee3;Stellplatz «Parkplatz Risi»;Herzlich Willkommen in Schwellbrunn - ein traumhafter Aufenthalt ist in einem der «schönsten Dörfer der Schweiz» garantiert!;<p>Der einfache Stellplatz inmitten der Appenzeller Hügellandschaft mit Blick auf den Alpstein befindet sich auf dem Parkplatz Risi. Es stehen 2 Stellplätze für maximal 2 Nächte zur Verfügung. Erkunden Sie direkt vom Stellplatz aus die herrlichen Appenzeller Wanderwege (z.B. Rätselweg), spannende Biketouren oder geniessen Sie einfach die traumhafte Aussicht. Eine Überblickt der Wanderwege, Feuerstellen, Einkaufsmöglichkeiten und Restaurants ist auf dem folgenden Situationsplan zu finden. <a href="https://www.schwellbrunn.ch/_docn/3091967/Situationsplan.pdf" rel="noopener noreferrer" target="_blank">Zum Lageplan</a></p><p></p><p>Es handelt sich um einen öffentlichen Parkplatz, eine Reservation ist daher nicht möglich. Die Übernachtung ist kostenlos.</p><p></p>;9.2360522;47.3462884;9103;Schwellbrunn;[{'@type': 'ImageObject', 'contentUrl': 'https://alarpimtsoch.sos-ch-dk-2.exoscale-cdn.com/catalog/4/b/6/a/4b6a33c67295e2f90f39063a280b2f1f1a1a18a1_schwellbrunn_dorf.jpg'}];2026-06-10T10:54:29+02:00
1b41c5db-37b4-48df-98ca-d1e3bacfb968;Feuerstelle Löchli;9.540499448776247;47.433755001345006;[{'@type': 'ImageObject', 'contentUrl': 'https://alarpimtsoch.sos-ch-dk-2.exoscale-cdn.com/catalog/0/8/9/4/0894d4e44de3d2ced0dbf1c25b88f45e63290553_Feuerstelle_Chindlisteinweg.jpg'}];2026-07-10T08:31:39+02:00
1ebef503-51f6-4b73-9fcb-03ac2c3fd748;Kräuterzauber - Kräuterwelt Appenzeller Alpenbitter;Dem Geheimnis auf der Spur - Wildkräuterwanderung mit anschliessendem Rundgang in der neuen Kräuterwelt des Appenzeller Alpenbitters.;<p>Die Appenzeller sind bekannt f&uuml;r ihre Geheimnisse, sowohl bei K&auml;se wie auch beim Appenzeller Alpenbitter. Martina Rocco, dipl. Kr&auml;uterfachfrau zeigt ihnen auf einem rund 2-st&uuml;ndigen Kr&auml;uterspaziergang die Wildkr&auml;uter rund um Appenzell. Einige davon sind auch im ber&uuml;hmten Appenzeller Alpenbitter zu finden. Im Anschluss an den Spaziergang besichtigen Sie die &laquo;Kr&auml;uterwelt&raquo;. Der neue Betriebsrundgang kombiniert auf gelungene Art und Weise Wissensvermittlung rund um die 42 Kr&auml;uter und die Appenzeller Brenntradition mit Erlebnis, Spannung und Unterhaltung.</p><p>F&uuml;r Gruppen: 10 Personen &ndash; max. 20 Personen (bei mehr Personen muss eine 2. Kr&auml;uterfrau mitlaufen -&gt; Preis auf Anfrage)&nbsp;<br>Kosten pro Person: CHF 45.- inkl. Kr&auml;uterwanderung und Besichtigung Appenzeller Alpenbitter <br>Buchbar: Mai bis September, t&auml;glich auf Anfrage <br>Dauer: 4 Stunden (Vormittag 10 - 14 Uhr oder Nachmittag 15 - 18 Uhr) <br>Treffpunkt: Brauerei-Parkplatz</p>;9.4099556;47.3299558;Brauerei Parkplatz;9050;Appenzell;+41 79 824 08 99;info@kraeuterzauber.ch;https://www.kraeuterzauber.ch/;[{'@type': 'ImageObject', 'contentUrl': 'https://alarpimtsoch.sos-ch-dk-2.exoscale-cdn.com/catalog/d/0/d/e/d0de86c42b0e33076ebcd5973400e9363997dfd6_Appenzeller_Kraeuterwelt.jpg'}];2026-06-10T10:54:29+02:00
2105e501-6406-42c2-860a-d583cc16e223;Feuerstelle Gstell Brenden;9.5796965;47.4613362;Gitzbüchel 192;9426;Lutzenberg;+41 71 886 70 80;info@lutzenberg.ch;http://www.lutzenberg.ch/de/verwaltung/;[{'@type': 'ImageObject', 'contentUrl': 'https://alarpimtsoch.sos-ch-dk-2.exoscale-cdn.com/catalog/3/f/d/f/3fdfdd07df26efed7f21bd9e564bc61abaf6a2b7_Feuerstelle.jpg'}];2026-06-10T10:54:29+02:00
23991049-e1cf-4a85-bcf4-b7f76544b425;Feuerstelle Chozeren;9.508737;47.405638;Chozeren / Hau;9044;Wald;[{'@type': 'ImageObject', 'contentUrl': 'https://alarpimtsoch.sos-ch-dk-2.exoscale-cdn.com/catalog/e/1/c/2/e1c2ea33de4d6631ec6d086800541a48056468c1_04_2021_wald_chozeren__3_.JPEG'}];2026-07-10T08:31:40+02:00
240ee99c-dc49-4a17-96fa-53a4a40637fd;Feuerstelle Fischegg;<p>Die Feuerstelle befindet sich auf dem Lillyweg kurz vor dem Lillybeizli am Kletterfels. Sie l&auml;dt durch die halbschattige Lage zu einer Rast.</p><p>Vorhanden ist: </p><ul><li>Feuerstelle mit Rost und Sitzb&auml;nke</li><li>Brennholz</li><li>Abfallbeh&auml;lter</li></ul>;9.27485346567382;47.28272993897171;Fischegg;9107;Urnäsch;+41 71 364 26 40;praesident_verkehrsvereinurnaesch@protonmail.com;[{'@type': 'ImageObject', 'contentUrl': 'https://alarpimtsoch.sos-ch-dk-2.exoscale-cdn.com/catalog/f/0/7/2/f07257eff805ce32a34131495fc6b08f7226b74d_Fischegg.JPG'}];2026-07-31T14:40:33+02:00
24748c3a-5642-490b-a48d-276e5a1bf358;Bäckerei-Konditorei Meyerhans;Bäckerei, Konditorei, Café und Restaurant in einem!;In unserer Bäckerei stellen wir täglich frisch die verschiedensten Brotsorten unter dem Reinheitsgebot des Naturel Labels  her.
In unserer Konditorei finden Sie alles was süsse Herzen höher schlagen lässt.
Unsere Produkte werden alle nach strengen Produktionsrichtlinien und gesunden Zutaten produziert. Von Torten über Patisserie bis zum Dessertbuffet für Ihr Fest.
Ebenfalls in der Konditorei hergestellt werden unsere feinen Appenzeller-Biber, die schon mehrere Preise gewonnen haben.;9.6017416;47.4514749;Dorf 51;9428;Walzenhausen;+41 71 888 14 80;info@beckmeyerhans.ch;http://www.beckmeyerhans.ch/;[{'@type': 'ImageObject', 'contentUrl': 'https://alarpimtsoch.sos-ch-dk-2.exoscale-cdn.com/catalog/e/4/3/a/e43a495d3f8ad3531def2b21a1f6bf5186f4e3c7_B__ckerei_Konditorei_Meyerhans__Walzenhausen.jpg'}];2026-07-10T08:31:40+02:00
26da371d-f459-40f7-9561-e07e22bc6e09;Ferienwohnung Hilty (Ferienwohnung mit Seeblick);Gemütliche und moderne Ferienwohnung in Heiden mit traumhaftem Blick auf den Bodensee und die Appenzeller Hügellandschaft. Ruhige Lage oberhalb von Heiden, nur wenige Minuten vom Dorfzentrum und ÖV entfernt.;<p class="MsoNormal">Herzlich willkommen in der Ferienwohnung Hilty. Ihre perfekte Auszeit mit einzigartigem Seeblick und dem Hauch reiner Natur, die nur auf Sie wartet. G&ouml;nnen Sie sich erholsame Tage in einer Umgebung, die Ruhe und Entspannung verspricht. Gelegen oberhalb des idyllischen Heidens, bietet unsere liebevoll eingerichtete Ferienwohnung eine traumhafte Lage mit unverbautem Blick auf den Bodensee, das charmante Biedermeierdorf und die sanften H&uuml;gellandschaften des Appenzellerlandes.</p><p class="MsoNormal">Innen l&auml;dt die modern und komfortabel ausgestattete 40 m&sup2; grosse Wohnung zu einem angenehmen Aufenthalt ein. Sie ist mit einer voll ausgestatteten K&uuml;che und einem gem&uuml;tlichen Wohnbereich mit einem Ecksofa, das bei Bedarf auch als Bett genutzt werden kann, sowie einem HD-TV ausger&uuml;stet. Der Schlafbereich mit zwei einladenden Einzelbetten verspricht ruhige N&auml;chte. Der separate Eingang und die optimale Raumaufteilung bieten Privatsph&auml;re und Komfort f&uuml;r bis zu drei Personen.</p><p class="MsoNormal">Draussen erwartet Sie ein exklusives Erlebnis der Entspannung und des Wohlbefindens. Beginnen Sie Ihren Tag mit der Morgensonne auf dem gem&uuml;tlichen Sitzplatz und geniessen Sie die Ruhe im privaten Gartenbereich mit Liegewiese, Biotop und Gartengrill. Es ist der ideale Ort, um nach einem erlebnisreichen Tag die Seele baumeln zu lassen.&nbsp;</p><p class="MsoNormal">Die Umgebung ist ein Eldorado f&uuml;r Aktive und Naturliebhaber. Leicht erh&ouml;ht gelegen, erreichen Sie das Dorfzentrum nach einem kurzen Spaziergang. Von der nahegelegenen Postautohaltestelle "Rosengarten", nur drei Gehminuten entfernt, sind Sie bestens angebunden. Heiden dient als perfekter Ausgangspunkt f&uuml;r Wanderungen, Radtouren und Ausfl&uuml;ge in die Region. Die N&auml;he zum Bodensee, zur Stadt St. Gallen oder zum Alpstein bietet vielf&auml;ltige Erkundungsm&ouml;glichkeiten, w&auml;hrend die gute Anbindung an &ouml;ffentliche Verkehrsmittel auch eine flexible Reise ohne Auto erm&ouml;glicht.&nbsp;</p><p class="MsoNormal">Erleben Sie unvergessliche Tage in der Ferienwohnung Hilty, wo Sie nicht nur eine atemberaubende Aussicht, sondern auch komfortables Wohnen und eine ideale Lage f&uuml;r Ihre Ausfl&uuml;ge in die Natur und Kultur der Region geniessen k&ouml;nnen.</p><p>Miete 90.- pro Tag / Minimum 5 Tage Inklusive</p><p>Leistungen:</p><ul><li>Appenzeller Ferienkarte mit vielen Verg&uuml;nstigungen</li><li>s&auml;mtliche Nebenkosten</li><li>WLAN</li></ul><p>Zus&auml;tzliche Kosten:</p><ul><li>Bettw&auml;sche und Frottierw&auml;sche 15.- pro Person/Woche (Kann auch selbst mitgebracht werden)</li><li>Kurtaxen 2.20 pro Tag/Person ab 12 Jahren</li><li>Endreinigung 90.-</li><li>Zus&auml;tzliche dritte Person 20.- pro Tag</li></ul><h4>Hier gilt die&nbsp;<a href="https://www.appenzell.ch/de/unterkunft/appenzeller-ferienkarte.html">Appenzeller Ferienkarte</a></h4>;9.528164;47.439356;Seeblickstrasse 7;9410;Heiden;+41 71 535 70 08;ferienwohnung-hilty@gmx.ch;[{'@type': 'ImageObject', 'contentUrl': 'https://alarpimtsoch.sos-ch-dk-2.exoscale-cdn.com/catalog/6/7/d/0/67d07d52c4d0159bce9a5fbbcd1975c188d8784f_20260616_082648_1_.jpg'}];2026-09-03T13:10:27+02:00
276d4b36-cc74-4a91-a5c6-577cc5c477e4;Brocki Gais;Warum neu, wenn’s besser geht?;<p>Das legend&auml;re, charmante Brocki ist in Gais seit 1977 ein nachhaltiges Kaufhaus im nebelfreien Appenzellerland auf verwinkelten 450 Quadratmetern mit allerhand Lustigem, Sch&ouml;nem und Sinnvollem aus garantiert zweiter Hand. Hier findest du fast alles f&uuml;r dein Leben: einen Augenschmaus an Wohn- und Haushaltsobjekten, fr&ouml;hliche Atmosph&auml;re inklusive.</p>;9.44528081440038;47.36019356960496;Grüt 12;9056;Gais;+41 76 26 25 001;kontakt@brocki-gais.ch;https://www.brocki-gais.ch/;[{'@type': 'ImageObject', 'contentUrl': 'https://alarpimtsoch.sos-ch-dk-2.exoscale-cdn.com/catalog/a/6/3/6/a636fd606334224c0066a16413beb2bc5e189da8_Brocki_4.jpg'}];2026-07-10T15:34:19+02:00
2895c282-1ecf-4021-a168-79c2ec4a2fe7;Feuerstelle bei Hochsitz;9.274853467941286;47.280233981431586;[{'@type': 'ImageObject', 'contentUrl': 'https://alarpimtsoch.sos-ch-dk-2.exoscale-cdn.com/catalog/8/7/b/b/87bb55d4b2b1c68a760d147419e4cdc640c99a71_Urn__sch_Feuerstelle_Hochsitz.jpg'}];2026-07-10T08:31:40+02:00
28aed697-f6ef-4eb0-a8d9-98753284d04b;Ferienwohnung Studio Sunehus;Luftiges Studio in ikonischem Bio-Holz-Haus;<p>Verbringen Sie Zeit in unserem Studio in einem modernen ikonischem Holzhaus in ruhiger Umgebung. Per Bahn oder Bus dauert es weniger als eine Stunde ins Zentrum von St. Gallen und etwas über eine Stunde nach Zürich. Eindrücklicher Wohnort mit toller Aussicht in die Berge. Frisch umgebaut inklusive kleiner Kochnische und komfortablem Interieur, um sich erholen zu können.</p><p>Mindestaufenthalt: 3 Nächte</p>;9.35565233230591;47.39662806281125;Lindenstrasse 9;9062;Lustmühle;+41 76 523 26 61;stephen@zeitreisen.ch;http://www.sunehus.ch;[{'@type': 'ImageObject', 'contentUrl': 'https://alarpimtsoch.sos-ch-dk-2.exoscale-cdn.com/catalog/0/b/8/b/0b8bd49b3a4e9ec46ca0e498bd6860466821703b_Sunehus_Aussenansicht.webp'}];2026-08-07T15:45:40+02:00
28b8e0ab-fc8e-4f5a-842d-d812633576ab;Ferienwohnung Sonnegg;Schöne 3-Zimmer-Wohnung im Herzen von Gais.;<p>Helle, sonnige Wohnung mit Wohnk&uuml;che, gut eingerichtet in einem typischen Appenzeller Haus. Herrliche Fernsicht, ruhig und zentral gelegen.</p><p>2 Schlafzimmer (1 Doppelbett, 1 Einzelbett), kleine Stube, separater Eingang, Gartenterrasse zur Mitben&uuml;tzung. (Auf Anfrage ist im Estrich ein Zimmer mit zwei zus&auml;tzlichen Betten verf&uuml;gbar)</p><ul><li>Preis pro Tag f&uuml;r 2 Personen: CHF 100.- inkl. Bett-/K&uuml;chen-/Frotteew&auml;sche und Apppenzeller Ferienkarte</li><li>Preis pro Tag f&uuml;r 3 Personen: CHF 110.-&nbsp;</li><li>Exkl. Endreinigung CHF 80.- sowie Kur- und Beherbergungstaxe pro Tag und Person CHF 2.10</li></ul><p>In n&auml;chster N&auml;he finden Sie Einkaufsm&ouml;glichkeiten und Restaurants. In 8 Minuten sind Sie auf dem Bahnhof der Gaiser Bahn mit Verbindungen nach Appenzell, Altst&auml;tten und St. Gallen.</p><h4>Hier gilt die&nbsp;<a href="https://www.appenzell.ch/de/unterkunft/appenzeller-ferienkarte.html">Appenzeller Ferienkarte</a></h4>;9.456182;47.363091;Hinterdorf 18;9056;Gais;+41 71 288 46 76;helen@tannheimer.com;[{'@type': 'ImageObject', 'contentUrl': 'https://alarpimtsoch.sos-ch-dk-2.exoscale-cdn.com/catalog/c/b/2/a/cb2a7eb4bb4b09dae65caa154a47cd668d986574_gais_sonnegg_tannheimer.jpg'}];2026-09-03T13:14:26+02:00
2a0e3b1b-9f3b-44e7-a4f1-dbc66c900fbe;Feuerstelle Nieschberg;Lauschige Feuerstelle mit Brennholz;<ul><li>Brennholz vorhanden</li><li>Rost vorhanden</li><li>1 Tisch mit 12 Sitzpl&auml;tzen</li><li>1 Feuerstelle</li><li>17 sonstige Sitzpl&auml;tze</li><li>Abfallentsorgung vorhanden</li><li>F&uuml;r Gruppe geeignet</li><li>Feuerstelle kann nicht reserviert werden</li></ul>;9.275030493736269;47.371802373995806;Poststrasse 6;9102;Herisau;[{'@type': 'ImageObject', 'contentUrl': 'https://alarpimtsoch.sos-ch-dk-2.exoscale-cdn.com/catalog/4/9/3/b/493b2c40acfb001c6d170cffd5356283b3e57423_20260623_084007735_iOS.jpg'}];2026-07-17T14:33:27+02:00
2a222a76-58f6-4eb0-94c5-9d8a8d71409e;Appenzeller Friedens-Stationen;Humanitären Lebenswerken bedeutender Persönlichkeiten auf der Spur;Die Appenzeller Friedens-Stationen laden herzlich zu einer Entdeckungsreise im Appenzeller Vorderland ein. Sie zeigen die humanitären Lebenswerke von bedeutenden Schweizerinnen und Schweizern: Jakob Künzler, Carl Lutz, Margrit Besmer und Willi Kobe, Paul Vogt, Gertrud Kurz, Catharina Sturzenegger, Theodosius Florentini, Carl «Bö» Böckli und Henry Dunant. Jede Station ist dem Leben und Werk einer Persönlichkeit gewidmet. 
Die Wanderung zu den Appenzeller Friedens-Stationen zwischen Heiden und Walzenhausen ist auch für Familien gut geeignet. Dabei geht es über Höger und durch Tobel mit Steigungen, die aber nie sehr lang sind. Der Weg ist bei jedem Wetter gut machbar - auch im Winter.;9.549802;47.453412;Wüschbach 152;9427;Wolfhalden;+41 71 891 21 08;info@friedens-stationen.ch;https://friedens-stationen.ch/;[{'@type': 'ImageObject', 'contentUrl': 'https://alarpimtsoch.sos-ch-dk-2.exoscale-cdn.com/catalog/7/c/6/7/7c67907ac0f3a4a6ee2f8c8c7cac7b8e3ed12233_Computerformat_4_3_heiden_dorfplatz.jpg', 'caption': {'de': 'Friedens-Station beim Dorfplatz Heiden'}}];2026-06-10T10:54:32+02:00
2a5aea94-a623-4aa0-845b-23f9552797b9;Säntis - Alpschaukäserei Schwägalp;Die Alpschaukäserei Schwägalp steht am Fusse des Säntismassivs auf der Schwägalp bei der Talstation Säntisbahn 1300 m ü. M.;Die Käserei wurde im Jahr 1996 von den Landwirten, die ihr Vieh während des Sommers auf die Alp bringen, gebaut. Im Jahr 1997 wurde auf der Schwägalp das erste Mal Alpkäse hergestellt . All diese Landwirte haben sich am Bau beteiligt daher ist es ein Genossenschaftsbetrieb. Im Jahr 2012 wurde die Käserei erweitert um, mehr Milchmengen zu verarbeiten. Zurzeit liefern etwa 52 Landwirte Alpmilch während den Sommermonaten Mai bis September in die Käserei. Die meiste Milch wird zu feinem Schwägalpkäse verarbeitet. Aber auch Raclettkäse, Butter, Mutschli und Ziegenkäse werden hergestellt. Der Grossteil des Käses geht an die Grossisten. Der Rest wird über den Laden auf der Schwägalp verkauft, der in den Monaten Mai bis Oktober jeden Tag seine Türen offen hat. Kommen Sie doch vorbei und geniessen Sie die herrlichen Produkte, die in unserer Käserei hergestellt werden -– das Verkaufsteam freut sich auf ihren Besuch. Tragen wir doch viel zum Slogan des Culinarium Labels bei «Genuss aus der Region».

;9.3184;47.25581;9107;Urnäsch - Schwägalp;+41 79 256 77 39;info@alpschaukaeserei.ch;https://www.alpschaukaeserei.ch/;[{'@type': 'ImageObject', 'contentUrl': 'https://alarpimtsoch.sos-ch-dk-2.exoscale-cdn.com/catalog/f/5/e/a/f5eacc899e1d4ccc9aebaa39cd4972cc05e9c6d2_S__ntis___der_Berg__Alpschauk__serei.jpg'}];2026-07-10T15:24:22+02:00
2d327171-28f9-466b-bfe4-7db4c2bcc8c7;Feuerstelle Wasserfall;9.2239816;47.3176871;Unterdorf 5;9105;Schönengrund;+41 71 361 18 18;http://www.schoenengrund.ch/de/;[{'@type': 'ImageObject', 'contentUrl': 'https://alarpimtsoch.sos-ch-dk-2.exoscale-cdn.com/catalog/6/4/4/6/64464eb7380f1a1828fc27394f7cc2334b932e70_01_2021_sch__nengrund_wasserfall_af__1_.JPEG'}];2026-06-10T10:54:32+02:00
2f4e8743-3226-4340-a37b-01c1b79b6e94;Bleichehof;Wein, Obstbau und Pferdepension – garantiert nachhaltig. Bei traumhafter Aussicht über Reben und Bodensee kann der Wein degustiert werden.;<p>An traumhafter Lage mit fantastischem Panoramablick auf den gegen&uuml;berliegenden Weinberg und den Bodensee befindet sich unterhalb des Dorfs Wolfhalden der Bauernhof Bleichehof. Wir versuchen aus dem Boden, den unsere Vorfahren uns anvertraut haben, mit der Hilfe von Sonne, Regen, Wind und Wetter und mit einer naturnahen Bewirtschaftung nachhaltige Produkte hervorzubringen. Schon seit mehreren Generationen werden in der Familie Tobler Reben angebaut und Weine produziert. Die Rebfl&auml;che konnte in den letzten Jahren vergr&ouml;ssert werden. Auch die Sortenvielfalt wurde kontinuierlich erweitert, und so reifen nebst dem traditionellen Blauburgunder auch weitere, interessante Sorten. Auf dem Hof erwartet Sie ein Besuch des Wein-Lagerkellers, ein Gang durch den Freilauf- und Pferdestall, gefolgt von einer Degustation diverser Weinsorten. Zum Knabbern gibt&rsquo;s K&auml;se und Geissenpantli. Dauer: 60 bis 90 Minuten Teilnehmende: 10 bis 60 Personen Kosten: CHF 20.00 pro Person<br><br></p>;9.5501749;47.4569957;Bleichestrasse 271;9427;Wolfhalden;+41 79 465 53 94;mattobler@bluewin.ch;http://www.bleichehof.ch;[{'@type': 'ImageObject', 'contentUrl': 'https://alarpimtsoch.sos-ch-dk-2.exoscale-cdn.com/catalog/a/e/5/6/ae56b72b8877bb2af58e8ae23604a83391ad16a1_Bleichehof_Haupt.jpg'}];2026-07-10T15:24:47+02:00
2fe98728-e934-4b6f-bdc3-234568881508;Lillybeizli / Alp Fischegg;Auf der Alp Fischegg bei der Familie Biser gibt es viel zu entdecken;Erleben Sie das Älplerleben und den Appenzeller Brauchtum hautnah. Schnuppern Sie Bergluft und geniessen Sie die prachtvolle Aussicht zwischen Urnäsch und der Schwägalp.

Bergluft macht hungrig - geniessen Sie im gemütlichen Lillybeizli Originale Appenzeller Käsespezialitäten wie Raclette, Käsefondue oder Älplermaccaronen. 
Geniessen Sie in der freien Natur unter dem Sternenhimmel ein Bad in unserem Hot-Pot mit Blick auf den Säntis.

Erkunden Sie das Appenzellerland bei einer Kutschenfahrt mit Ruedi Biser.
Und dann fallen Sie müde, glücklich und zufrieden ins Strohbett - mit dem würzigen Heuduft in der Nase wiegt Sie leises Kuhglockengebimmel in den Schlaf.

Am nächsten Morgen stärken Sie sich beim Älplerfrühstück mit frischer Alpenbutter, aromatischer Bergmilch und frisch gebackenem Brot und Zopf für einen neuen erlebnisreichen Tag auf der Alp. ;9.273770304491192;47.28434237698904;Alp Fischegg;9107;Urnäsch;+41 78 677 13 81;familie.biser@gmx.ch;https://www.lillybeizli.ch/;[{'@type': 'ImageObject', 'contentUrl': 'https://alarpimtsoch.sos-ch-dk-2.exoscale-cdn.com/catalog/0/7/a/2/07a28120f7f2a684ffaf17431a4763ec133970d3_Architektur_8__2.jpg'}];2026-06-10T10:54:32+02:00
318dea22-ad7b-470b-9626-4de8df1d724c;Ferienwohnung GLORIOS;Kleine gemütliche 2 Zimmer Ferienwohnung an ruhiger sonniger und zentraler Lage. ;<p>Im Zentrum in lieblicher H&uuml;gellandschaft gelegenem Biedermeier Haus begr&uuml;ssen wir Sie im Kurort Heiden oberhalb des Bodensees. Die stilistisch neu renovierte heimelige Wohnung l&auml;dt zur Erholung und zum gem&uuml;tlichen Verweilen ein. 5 Minuten Fussweg zu den Postautoverbindungen und 10 Minuten Fussweg zum Bahnhof Heiden sind attraktive alternativen zum Auto und tragen somit zu einem umweltbewussten Umgang bei.<br>Vermietung: wochenweise</p>;9.53499549881651;47.44340475;Schmittenbühl 12;9410;Heiden;+41 71 891 53 86;fam.majamaier@outlook.com;[{'@type': 'ImageObject', 'contentUrl': 'https://alarpimtsoch.sos-ch-dk-2.exoscale-cdn.com/catalog/6/3/3/1/6331b4a602288749853518c87e9f2bbdee8f5978_heiden_ferienwohnung_glorios_aussenansicht.jpg', 'caption': {'de': 'Aussenansicht Ferienwohnung Glorios'}}];2026-08-07T15:45:40+02:00
31b41438-de6d-4ec5-92d6-55eadff21f15;Gruppenhaus Müllersberg;Auf erhöhter Lage über dem Dorf Heiden eröffnet das Gruppenhaus Müllersberg ein phantastischer Blick vom Bodensee bis zum Alpstein.;<p>Das Haus ist umfassend renoviert und kann ganzjährig gemietet werden. Geeignet für Klassenlager, Musik- und Sportlager, Wandergruppen, Seminare und Familienfeste. Besonders bietet sich das Haus auch für Menschen mit einer Beeinträchtigung an. Es ist vollständig rollstuhlgängig, verfügt über 34 Betten, verteilt auf 18 Zimmer und ist erweiterbar auf bis zu 50 Schlafplätze. Es ist eine grosse neuwertige Küche mit Steamer, Waschstrasse etc. vorhanden. Seit kurzem ist das Haus Müllersberg auch ein Kunsthaus, denn es sind 80 Kunstwerke von Menschen mit körperlicher und geistiger Behinderung aus der Sammlung von Verena und Hansruedi Fricker ausgestellt.</p><p></p>;9.536526;47.434803;Bischofsberg 408;9410;Heiden;+41 71 898 89 02;gruppenunterkunft@heiden.ar.ch;https://www.heiden.ch/raumreservation/detail/11710;[{'@type': 'ImageObject', 'contentUrl': 'https://alarpimtsoch.sos-ch-dk-2.exoscale-cdn.com/catalog/6/a/f/c/6afc3b88cf9a63015106290d0dc83d60cfb4b3bc_01_Aussenansicht_Richtung_Bodensee.jpg'}];2026-06-10T10:54:32+02:00
3255b724-1d67-436b-aae6-d3e9c0d0989b;B&B chez Lise;Das B&B chez Lise glänzt mit seiner einmaligen Lage, dem schönen Garten und der Pergola. Jedes der drei Zimmer hat seinen eigenen Charme.;<p>Die Inhaberin, Lise Frischknecht, zaubert f&uuml;r ihre G&auml;ste k&ouml;stliche Gerichte und macht den Aufenthalt zu einem echt authentischen Erlebnis. Auf Anfrage erhaspeln Sie sogar einen Einblick in den beachtlichen Weinkeller Die unmittelbare Lage zum Zentrums erm&ouml;glicht Ausflugstipps diverser Art wie Wandern, Museumsbesuche, Langlaufen, Schneeschuhwandern, Schwimmen im Freibad und viele mehr. Erleben Sie nachhaltigen Komfort im BnB Chez Lise, wo Solaranlage, Luftw&auml;rmepumpe und konsequente Abfalltrennung f&uuml;r eine umweltfreundliche Auszeit sorgen. Auf Anfrage k&ouml;nnen Kochkurse und Weindegustationen gebucht werden.</p><h4>Hier gilt die&nbsp;<a href="https://www.appenzell.ch/de/unterkunft/appenzeller-ferienkarte.html">Appenzeller Ferienkarte</a></h4>;9.2813184;47.3140021;Hinteregg 1474;9107;Urnäsch;+41 77 411 00 54;lise.frischknecht@gmail.com;http://chezlise.ch/;[{'@type': 'ImageObject', 'contentUrl': 'https://alarpimtsoch.sos-ch-dk-2.exoscale-cdn.com/catalog/4/c/d/5/4cd5192590bc183ce93dd3a4ea47ff829799e682_3de21968_8498_4f25_8c87_b04a231d019b.jpeg'}];2026-09-03T13:02:46+02:00
32bc5a4d-2bad-40e0-9e63-566756cebd22;Feuerstelle Steigbüchel;Feuerstelle Steigbüchel;9.5987797;47.442163;Dorf 84;9428;Walzenhausen;+41 71 886 49 80;gemeindekanzlei@walzenhausen.ar.ch;http://www.walzenhausen.ch/home.htm;[{'@type': 'ImageObject', 'contentUrl': 'https://alarpimtsoch.sos-ch-dk-2.exoscale-cdn.com/catalog/2/5/2/6/25267d41e94c0e32bc648519343846258a195b12_08_2020_walzenhausen_steigb__chel__2_.jpg'}];2026-06-10T10:54:32+02:00
32fd5998-781a-461a-96f4-732931c63de1;Ferienwohnung und B&B Rätia;Willkommen in der Ferienwohnung Rätia und im Bed & Breakfast Rätia mit der traumhaften Sicht auf den Bodensee.;Wie wäre es mit ein paar Tagen auf dem Land und trotzdem in Stadtnähe? Wolfhalden liegt im wunderschönen Appenzellerland fernab vom Stress und doch ist alles ganz schnell erreichbar. Sie wollen das Land geniessen? Kein Problem! Wander-, Fahrrad- und Bike-Möglichkeiten warten vor der Haustüre. Wer es gemütlicher mag, sonnt sich in einem der Freibäder oder am Bodensee oder lässt sich im Heilbad verwöhnen. Und wer sich dann doch einmal nach der Stadt sehnt, ist in 45min mit dem Postauto oder in 20min mit dem Auto in der Kulturstadt St. Gallen, wo Shopping, Restaurants, Bars und Clubs warten.

Die totalsanierte Ferienwohnung Rätia befindet sich in einer ehemaligen Pension über dem Bodensee. Sie ist vollständig ausgestattet mit Küchenutensilien, Gewürzen, Geschirr, Badetücher, Bettwäsche etc.. Die Zimmer sind liebevoll eingerichtet mit reichlich Ablageflächen und Stauraum. Ein kleiner Balkon lädt zum Frühstück mit Blick auf den Sonnenaufgang über dem Pfänder ein. Im Wohnzimmer finden Sie einen Fernseher und verschiedene Spiele für Gross und Klein. Internetzugang mit Wireless und Parkplätze sind ebenfalls vorhanden. Im Eingangsbereich laden Prospekte und Lektüren zu Aktivitäten im und ums Appenzellerland zum Schmökern ein. Die Familie Keller freut sich auf Ihren Aufenthalt.

Das Haus Rätia bietet aber auch Zimmer mit Frühstück. Die zwei hellen Zimmer sind liebevoll eingerichtet und abschliessbar. Das Badezimmer und das separate WC wird von den maximal vier Gästen gemeinsam genutzt. Der 1. Stock besitzt eine sehr grosse Terrasse mit einer phänomenalen Aussicht auf den Bodensee. Im Frühstücksraum befindet sich ein Kühlschrank, eine Kaffeemaschine und ein Wasserkocher. Das Frühstück wird jeden Morgen frisch bereitgestellt und ist zur Selbstbedienung vorbereitet.

Ferienwohnung:
Preis: pro Nacht für 2 Personen CHF 130.00, jede weitere Person CHF 30.00
Wochenrabatt: 10% ab 7 Nächten
Endreinigung: CHF 100.00
Kaution: CHF 100.00;9.5539319;47.4543323;Vorderdorf 60;9427;Wolfhalden;+41 71 891 13 48;info@raetiawolfhalden.ch;http://www.raetiawolfhalden.ch;[{'@type': 'ImageObject', 'contentUrl': 'https://alarpimtsoch.sos-ch-dk-2.exoscale-cdn.com/catalog/9/7/b/1/97b15dc8bd343c6f5356a48e540584d630678159_wolfhalden_r__tia.jpeg'}];2026-08-07T15:45:40+02:00
33741721-55e5-4770-9722-b3565e2eb019;Landgasthaus Bären, Grub;«Willkommen bei Freunden» – Mit diesem Motto werden Sie in unserem gemütlichen Landgasthaus empfangen.;<p>Die sch&ouml;ne Aussicht auf den Bodensee, die am Haus vorbeif&uuml;hrende Wanderroute, der nahegelegene Skilift oder das Heilbad Unterrechstein k&ouml;nnen Highlights Ihrer Freizeitgestaltung bei uns werden. Kulinarisch verw&ouml;hnen wir Sie mit einer gepflegten regionalen 2 Hauben-K&uuml;che. Speziell: &laquo;Alltag-Raus Pauschale&raquo; mit &Uuml;bernachtung, Aperitif und einem 5-Gang-Schlemmermen&uuml; CHF 162.50! Der B&auml;ren geh&ouml;rt seit Jahren zu den Klassikern im Appenzellerland, und G&auml;ste erstaunt es nicht, dass das Haus Jahr f&uuml;r Jahr den Weg in die Gourmet-Bibel von GaultMillau findet. Aber man kommt nicht nur der exquisiten K&uuml;che wegen ins Haus. &Uuml;brigens: Wer es einfach liebt, ist mit w&uuml;rzigen &Auml;lpler-Makkaroni gut bedient. Das heimelige Gourmet-St&uuml;bli l&auml;dt genauso zur Einkehr ein wie die vor Jahresfrist renovierte Bodenseestube, die sich heute mit Lounge- und Apero- Bar modern und elegant pr&auml;sentiert.</p><h4>Hier gilt die&nbsp;<a href="https://www.appenzell.ch/de/unterkunft/appenzeller-ferienkarte.html">Appenzeller Ferienkarte</a></h4><p>&nbsp;</p>;9.497401714324953;47.44284815915329;Halten 112;9035;Grub;+41718911355;info@baeren-grub.ch;http://www.baeren-grub.ch/;[{'@type': 'ImageObject', 'contentUrl': 'https://alarpimtsoch.sos-ch-dk-2.exoscale-cdn.com/catalog/7/2/c/7/72c7040518c989492cad68f04e8f173fe355798b_Restaurant_B__ren.jpg'}];2026-09-04T12:13:19+02:00
34fdc8a4-cc4c-48d0-b726-f9d18ada58dd;Linde Heiden;Ein Kaffee in einer der Gaststuben? Ein Schöppchen draussen auf der Terrasse? Oder etwas Herzhaftes auf den Teller?;<p>In der Heidler &laquo;Linde&raquo; finden Sie alles, wonach Ihnen der Sinn stehen k&ouml;nnte. Nebst der Auswahl auf der Karte werden auch sehr preiswerte Tagesmen&uuml;s auf Fleisch- oder Vegibasis angeboten. Wer in der &laquo;Linde&raquo; einkehrt, sollte unbedingt einen Blick in den wunderbaren Saal werfen, eine R&auml;umlichkeit, die so schnell nicht ihresgleichen hat.</p><h4>Hier gilt die&nbsp;<a href="https://www.appenzell.ch/de/unterkunft/appenzeller-ferienkarte.html">Appenzeller Ferienkarte</a></h4>;9.535390099999999;47.444038799999994;Poststrasse 11;9410;Heiden;+41 71 898 34 00;info@lindeheiden.ch;http://www.lindeheiden.ch/;[{'@type': 'ImageObject', 'contentUrl': 'https://alarpimtsoch.sos-ch-dk-2.exoscale-cdn.com/catalog/4/6/a/b/46ab409c8f88d2313340161b3a9a46ba54119689_heiden_linde_sd.jpeg'}];2026-09-03T14:11:22+02:00
35461a08-8ceb-4851-bad1-66cb74dc30d5;Feuerstelle Schönauwald;9.2508625;47.3076501;Dorfplatz 1;9107;Urnäsch;+41 71 365 60 60;gemeinde@urnaesch.ar.ch;http://www.urnaesch.ch/de/;[{'@type': 'ImageObject', 'contentUrl': 'https://alarpimtsoch.sos-ch-dk-2.exoscale-cdn.com/catalog/7/3/1/d/731da9a0a6f990bd6e3491cf8418501e3d9f9d4f_08_2020_urn__sch_sch__nauwald__2_.jpg'}];2026-07-10T08:31:40+02:00
356a08c2-9bb3-486d-84b0-3daa4775f64b;Feuerstelle Winkfeld;9.270733594894411;47.3476340739074;[{'@type': 'ImageObject', 'contentUrl': 'https://alarpimtsoch.sos-ch-dk-2.exoscale-cdn.com/catalog/d/2/6/d/d26dea4ae4ed4a0822c1610d9e9dec54d8a9a6f0_15_10_waldstatt_winkfeld.jpg'}];2026-06-10T10:54:33+02:00
370931b2-c407-4851-88ae-af3147e62d8a;Von Frauen, Frieden und Heiden;Geschichte auf einer interaktiven Dorfführung in Heiden erleben;Lassen Sie sich auf einer interaktiven Dorfführung durch Heiden geschichtlich verwöhnen.

Interaktive Führung durch das historische Dorf Heiden. Wir besprechen die Zusammenhänge zwischen Henry Dunant, Heiden, Frieden und Frauen. Eine Tour, die bestimmt auch die Männerwelt interessiert.

Dauer: 2 Stunden
Teilnehmer: max. 25 Personen
Kosten: CHF 190.00;9.53495;47.44492;Bahnhofplatz 1;9410;Heiden;+41 71 898 33 01;heiden@appenzellerland.ch;https://appenzellerland.ch/de/;[{'@type': 'ImageObject', 'contentUrl': 'https://alarpimtsoch.sos-ch-dk-2.exoscale-cdn.com/catalog/1/c/b/d/1cbdc274dd1a46149ce53fb28621b687a3480ab1_dorfplatz_luftbild.jpg'}];2026-06-10T10:54:33+02:00
376e74cf-13e9-484c-83b0-0b33f6d61faa;Ferienwohnung im Dorf Urnäsch;Geniessen Sie die neu renovierte Ferienwohnung und die vielfältigen Möglichkeiten des schönen Appenzellerlands.;<p>Es erwartet Sie ein stilvolles Erlebnis in der zentral gelegenen 2 &frac12;-Zimmerwohnung in Urn&auml;sch im sch&ouml;nen Appenzellerland. Die moderne Wohnung hat ein Schlafzimmer, ein Badezimmer, eine komplett ausgestattete K&uuml;che und ein helles Wohnzimmer. Zudem verf&uuml;gt die Wohnung &uuml;ber einen Sitzplatz im Garten. &Ouml;ffentliche Gratisparkpl&auml;tze befinden sich direkt gegen&uuml;ber vom Haus.</p><p>Mindestaufenthalt: 3 N&auml;chte</p><h4>Hier gilt die&nbsp;<a href="https://www.appenzell.ch/de/unterkunft/appenzeller-ferienkarte.html">Appenzeller Ferienkarte</a></h4>;9.28374767303467;47.31774136491166;Herisauerstrasse 3;9107;Urnäsch;+41 79 245 62 94;gaetzi.e@bluewin.ch;https://www.ferienwohnungimdorfurnaesch.ch/;[{'@type': 'ImageObject', 'contentUrl': 'https://alarpimtsoch.sos-ch-dk-2.exoscale-cdn.com/catalog/5/7/9/e/579ee5f528078afc922265630afbca9dac748d70_1__1_.jpg'}];2026-09-03T13:11:05+02:00
38d43aa6-d935-4ec6-80af-800810fe468f;Werkzeugstation - Trogen Bahnhof;Praktische Werkzeugstation mit verschiedenen Schraubenziehern und Schlüsseln.;Diese Werkzeugstation befindet sich auf der Rückseite des Bahnhofs Trogen auf der Seite der Postauto-Haltestelle.;9.46147084236145;47.40717865002858;Speicherstrasse 13;9043;Trogen;[{'@type': 'ImageObject', 'contentUrl': 'https://alarpimtsoch.sos-ch-dk-2.exoscale-cdn.com/catalog/b/e/7/c/be7c2699ad5095a836a84dd068778ede1d513bca__DSC0605.JPG'}];2025-05-16T05:53:33+02:00
393e3acd-cd7d-4f58-b6f2-6901820acbf3;Feuerstelle Hauteten;9.3454972;47.3987218;Dorf 9;9053;Teufen;+41 71 335 00 11;gemeinde@teufen.ar.ch;http://www.teufen.ch/xml_1/internet/de/intro.cfm;[{'@type': 'ImageObject', 'contentUrl': 'https://alarpimtsoch.sos-ch-dk-2.exoscale-cdn.com/catalog/b/0/c/a/b0ca8cb9b84d17cd3517e094ce705213c773655c_2019_09_17.jpg'}];2026-06-10T10:54:33+02:00
3a15b067-e781-4415-af3e-ea0e6db142a6;FoodTrail «Appenzellerland zu Fuss»;Spass, Bewegung, Kultur und Kulinarik;<p>Auf die Plätze, fertig, Schnitzeljagd! Mal spazieren, mal rätseln, mal wandern, mal staunen, mal geniessen - und immer wieder den Bodensee und den Alpstein zu Füssen. Sind Sie bereit, wenn&#39;s heisst: einmal Zahnradbahn und Abenteuer, bitte! Durch das Lösen von Rätseln lernen Sie die Höhepunkte der Region kennen und finden zu 6 Genuss-Stationen. Dort werden Sie mit Köstlichkeiten und regionalen Spezialitäten belohnt. Ein spannender Erkundungsrundgang mit hohem Spassfaktor erwartet Sie. Mit FoodTrail erleben Sie das Appenzellerland einmal anders, haben gegessen und getrunken und erfahren nebenbei viel Interessantes.</p><ul><li>Dauer: ca. 5 -6 Stunden, reine Wanderzeit 3 Stunden. Sie sind frei in der zeitlichen Gestaltung. Wegstrecke ca. 8.8 km, Höhenmeter auf / ab: 270 m / 400 m.</li><li>Kosten: CHF 69.00 pro Erwachsene, CHF 40.00 pro Kind 8 - 16 Jahre (Kinder nur in Begleitung Erwachsener)</li><li>Saison: 1. Mai bis 31. Oktober</li><li>Startpunkt: Tourist Information Bahnhof Heiden. Anreise: bereits die Anreise mit der im Preis inbegriffenen Zahnradbahn ab Rorschach (im Sommer mit offenen, nostalgischen Wagen) ist ein echtes Erlebnis.</li></ul><p>Weitere Informationen finden Sie unter <a href="https://www.foodtrail.ch/trails/appenzellerland-zu-fuss" rel="noopener noreferrer" target="_blank">foodtrail.ch</a></p><p>Möchten Sie das Appenzellerland lieber per E-Bike erkunden? Hier geht&#39;s zum <a href="https://appenzellerland.ch/de/erleben/erlebniskarte/detail-gruppenerlebnisse/foodtrail-appenzellerland-per-e-bike-9a338e29-9ff6-44a0-a46d-1348ebbf505d.html" rel="noopener noreferrer" target="_blank">Foodtrail per E-Bike</a></p>;9.536517786519653;47.4461314262863;Bahnhofplatz 1;9410;Heiden;+41 71 898 33 01;https://www.foodtrail.ch/trails/appenzellerland-zu-fuss;[{'@type': 'ImageObject', 'contentUrl': 'https://alarpimtsoch.sos-ch-dk-2.exoscale-cdn.com/catalog/d/5/1/7/d5176d7d2059063fc89b7734f7bc64b9c4570af7_rehetobel_kaienspitz_foodtrail.jpg'}];2026-06-10T10:54:33+02:00
3a5acb52-0593-4869-8dbc-a8423ac5f1df;Feuerstelle Ghöregg;Schöne Feuerstelle im Wald;9.225339;47.349879;Dorf 50;9103;Schwellbrunn;+41 71 353 38 00;gemeinde@schwellbrunn.ar.ch;https://www.schwellbrunn.ch/;[{'@type': 'ImageObject', 'contentUrl': 'https://alarpimtsoch.sos-ch-dk-2.exoscale-cdn.com/catalog/1/f/b/6/1fb61a323277ff63c9280bd234772b83953764e0_schwellbrunn_gh__regg_feuerstelle.jpg'}];2026-06-10T10:54:33+02:00
3bcfe4f4-37e9-47de-a12f-de343f5fcbac;Breitenmoser Appenzeller Fleischspezialitäten;Die führende Metzgerei für Spezialitäten in der Region – Appenzeller Fleischspezialitäten vom Feinsten!;<p>Die Breitenmoser Appenzeller Fleischspezialitäten AG steht für Tradition, höchste Qualität und Innovation seit 1896.  Für die Produktion von Fleisch- und Wurstwaren wird ausschliesslich Schweizer Fleisch verwendet. Schwein und Poulet kommt ausschliesslich aus der Ostschweiz. Das Unternehmen setzt sich dabei höchste Qualitätsstandards und produziert unter anderem geschützte und prämierte Spezialitäten. 

In den vier Fachgeschäfte, Teufen, Gais, Appenzell und Rorschacherberg, werden die Gäste von ausgebildeten Fachkräften persönlich und individuell beraten. </p><p>Zusätzlich zu den Fachgeschäften gibt es die Breitenmoser GenussEcke an der Hauptgasse in Appenzell. Einem 16/7 Shop mit Self-Checkout und bedienten Zeiten mit Delikatessen, Geschenkvariationen und hauseigenen Fleisch- und Wurstspezialitäten sowie einer Käsetheke und der Möglichkeit zur Degustation.</p><p>Standorte:</p><p>Teufen<br>Im Anker<br>Dorf 10<br>9053 Teufen&nbsp;<br>+41 71 333 27 55<br>teufen@breitenmoser-metzgerei.ch<br><br>Gais<br>Dorfplatz 14<br>9056 Gais<br>+41 71 790 04 26<br>gais@breitenmoser-metzgerei.ch<br><br>Appenzell<br>Spar Frischmarkt<br>Unteres Ziel<br>9050 Appenzell<br>+41 71 780 08 01<br>appenzell@breitenmoser-metzgerei.ch<br><br>GenussEcke (ab 1. Mai)<br>Hauptgasse 13<br>9050 Appenzell<br>+41 71 788 09 70<br>genussecke@breitenmoser-metzgerei.ch<br><br>Rorschacherberg<br>Rosenegg<br>Goldacherstrasse 105<br>9404 Rorschacherberg<br>+41 71 855 31 11<br>rorschacherberg@breitenmoser-metzgerei.ch</p>;9.4281642;47.3203495;Sägehüslistrasse 13;9050;Appenzell Steinegg;+41 71 788 09 80;info@breitenmoser-metzgerei.ch;http://www.breitenmoser-metzgerei.ch/;[{'@type': 'ImageObject', 'contentUrl': 'https://alarpimtsoch.sos-ch-dk-2.exoscale-cdn.com/catalog/3/1/9/e/319e8be36282a26ad03e73b37fc7d891f5b9095d_teufen_breitenmoser.jpg'}];2026-07-10T08:31:40+02:00
3d0613f4-b361-48e5-8efc-9b2cf64c942b;Feuerstelle WeinWerk Wienacht, Kapf;Bitte beachten Sie, dass die Feuerstelle im Moment nicht benützt werden kann. Es herrscht Lebensgefahr durch morsche Eschen. (Stand 26.06.2025);<p>- Brennholz vorhanden<br>- Rost vorhanden<br>- 2 Tische mit 12 Sitzpl&auml;tzen<br>- 1 Feuerstelle mit 8 Sitzpl&auml;tzen<br>- Auf Holz- und Steinb&auml;nken kann man sich um die Feuerstelle setzen<br>- Abfallentsorgung vorhanden</p>
<p>Erreichbarkeit: <br>- mit Velo<br>- &Ouml;V Haltestelle Wienacht-Tobel Bahnhof<br>- Parkplatz in der N&auml;he: 6 Pl&auml;tze</p>
<p>&nbsp;</p>;9.535397;47.4661548;9405;Wienacht;+41 71 855 82 45;cturecek@bluewin.ch;https://www.lutzenberg.ch/vereinsliste/5120;[{'@type': 'ImageObject', 'contentUrl': 'https://alarpimtsoch.sos-ch-dk-2.exoscale-cdn.com/catalog/8/5/2/7/85271b74199afd78e1672f1877ac333aa008d51c_08_2020_wienacht_kapf__2_.jpg'}];2026-06-10T10:54:33+02:00
3d2671d0-c8e7-41f5-bacd-5607604a7d00;Kleines Loft Gais;Zentral, aber ruhig gelegene Ferienwohnung – modern und komfortabel eingerichtet;<p class="MsoNormal">Das kleine Loft befindet sich im Erdgeschoss eines herrschaftlichen Hauses und ist sehr ruhig gelegen. Es ist komfortabel und modern eingerichtet: edles Bad in Schwarz und Messing, weisse Kalkputzw&auml;nde, geheizter Design-Betonboden, gut ausgestattete K&uuml;chenkombination. Der grosse Raum ist unterteilt in Bereiche f&uuml;r Kochen, Essen und Schlafen. WLAN und Waschmaschine sind vorhanden. Dank der vielen Fenster ist das Loft von Licht durchflutet. Ein direkter Zugang zum Garten f&uuml;hrt zu einem Sitzplatz. Die Aussichten auf H&uuml;gel und Berge machen Lust auf Wandern und Biken. Bahnhof und Dorfplatz mit Restaurants und einem Einkaufsladen sind nur wenige Schritte entfernt.</p><p class="MsoNormal">Die Wohnung eignet sich f&uuml;r eine bis zwei Personen und kann ab drei N&auml;chte gemietet werden. Ein Parkplatz befindet sich direkt vor dem Haus.</p><h4>Hier gilt die&nbsp;<a href="https://www.appenzell.ch/de/unterkunft/appenzeller-ferienkarte.html">Appenzeller Ferienkarte</a></h4>;9.4508676;47.3624104;Riesern 9;9056 ;Gais;+41 71 793 37 41;vera.haelg@bluewin.ch;[{'@type': 'ImageObject', 'contentUrl': 'https://alarpimtsoch.sos-ch-dk-2.exoscale-cdn.com/catalog/4/6/7/9/467937027249229b840bf347b1db49e91bb5da77_2_Blick_auf_Sofa_u_Ku__che.jpg'}];2026-09-03T14:09:27+02:00
3db71977-2c0c-400f-954d-e77995acf955;Feuerstelle Wolfsstein;9.4250399;47.4028483;Dorf 9;9053;Teufen;+41 71 335 00 11;gemeinde@teufen.ar.ch;http://www.teufen.ch/xml_1/internet/de/intro.cfm;[{'@type': 'ImageObject', 'contentUrl': 'https://alarpimtsoch.sos-ch-dk-2.exoscale-cdn.com/catalog/3/f/d/f/3fdfdd07df26efed7f21bd9e564bc61abaf6a2b7_Feuerstelle.jpg'}];2026-06-10T10:54:33+02:00
3ef311ff-c78e-461c-a77b-acc152cdfb8d;Gasthaus Hoher Hirschberg;Das Ausflugsziel im Appenzellerland auf 1167 m ü. M. an aussichtsreicher Lage;<p>Das Berggasthaus Hoher Hirschberg ist für Wanderer, Biker oder mit dem Auto sehr gut erreichbar. Auf der Hügelspitze werden Sie mit einer herrlichen Aussicht auf den Alpstein und das St.Galler Rheintal belohnt. Das Ausflugsrestaurant ist bekannt für die hausgemachten Desserts und die saisonalen Speisen. Auf dem Hohen Hirschberg übernachten ist ein einmaliges Erlebnis. Haben Sie etwas zu feiern? Dann sind Sie bei uns genau richtig.</p><p>Eine Auszeit mitten in der Natur? Das Berggasthaus Hoher Hirschberg bietet auch Übernachtungsmöglichkeiten. Von einer Übernachtung  im Matratzenlager bis zum Arvenzimmer mit wunderschönem Blick in den Alpstein, da kommt jeder auf seine Kosten. Reservationsanfragen sind telefonisch oder online möglich. </p><p> </p>;9.469854384160104;47.3429752;Hohe Hirschbergstrasse 58;9050;Appenzell;+41 71 787 14 67;info@hoherhirschberg.ch;https://www.hoherhirschberg.ch;[{'@type': 'ImageObject', 'contentUrl': 'https://alarpimtsoch.sos-ch-dk-2.exoscale-cdn.com/catalog/4/6/f/4/46f438751266f1f337c9db34c626a98d3af1c1fb_DJI_0101_neu.jpg'}];2026-07-10T16:05:27+02:00
3fd05dc9-34c3-44cf-b38d-a66226602324;Freibad Heiden;Die «Häädler Badi» ist noch heute weit herum bekannt wegen ihrer einmaligen Architektur.;Das Schwimmbad bietet ein Sportbecken, ein Sprungbecken mit Sprunganlage, ein Nichtschwimmerbecken und ein Kinderplanschbecken mit Rutschbahn und Spielbach. Für Kinder hat es zudem eine Spielwiese mit Sandkasten, Kinderschaukeln und Kletterturm. Die Gäste können sich durch das Beachvolleyballfeld, den Bouleplatz, die Slackline, den Tischtennis- und den Tischfussballtisch auch ausserhalb des Wassers sportlich betätigen. Das Restaurant und der Kiosk ist auch ohne Eintritt zugänglich.;9.535036;47.442243;Kohlplatz 5;9410;Heiden;+41 71 891 12 23;info@badi-heiden.ch;http://www.badi-heiden.ch;[{'@type': 'ImageObject', 'contentUrl': 'https://alarpimtsoch.sos-ch-dk-2.exoscale-cdn.com/catalog/0/9/0/0/09005187cb75d1f10f985a234d7585b84c8b90bc_Badi_Heiden.jpg'}];2026-07-10T08:31:40+02:00
40f12c95-da23-445f-918e-0713fd06a82c;Ferienwohnung Neuhus;Ferienwohnung Neuhus; abschalten, durchatmen, wohlfühlen
Gemütliche Familienwohnung auf dem Wohlfühlhof Neuhus.;<p>Eingebettet im wunderschönen Appenzeller Hinterland liegt der Landwirtschaftsbetrieb mit viel Umschwung. Die ruhige Lage unterhalb der Hundwiler Höhe in einem abgelegenen «Hügel-Tääli» lädt zum Verweilen ein. Geniessen Sie die Ruhe, die Aussicht und die Verbundenheit mit der Natur. Nutzen Sie den Ort als Ausgangspunkt für tolle Ausflüge in der Region und erleben Sie das emsige Treiben auf dem Bauernhof. Die Ferienwohnung wurde 2020 beim Wohnhausumbau neu erstellt und möbliert und per April 2021 den Gästen zur Verfügung gestellt. Auf rund 86 m2 mit Wohnzimmer-Küche, Schlafzimmer mit Nebenraum und einem grossen Bad können Sie sich wohlfühlen. Wir freuen uns auf Ihren Besuch!</p><p>Mindestaufenthalt: 2 Nächte </p>;9.3224429;47.3329157;Neuhaus 510;9107;Urnäsch;+41 79 356 26 60;info@erlebnisbauernhof-neuhus.ch;https://www.erlebnisbauernhof-neuhus.ch/;[{'@type': 'ImageObject', 'contentUrl': 'https://alarpimtsoch.sos-ch-dk-2.exoscale-cdn.com/catalog/e/3/5/7/e357f0f0ca9ef3e2f363b10f840190081f858fa5_Neuhus08__2.jpg'}];2026-08-12T09:43:45+02:00
4182a526-4b7d-4006-aac8-0b11e4d2f079;Weissküferei, Drechslerei und Pferdefahrten Werner Stauffacher;Seit 1987 führen Werner und Jolanda Stauffacher im toggenburgischen Nesslau eine Weissküferei & Drechslerei, zuerst im Sidwald und seit 1997 im Riet, Ennetbühl. Zusammen mit Sämi Frick aus Urnäsch bietet Werner Stauffacher zudem Pferdefahrten mit historischen Postkutschen über die Schwägalp an.;Die Weissküferei ist ein typisches Handwerk des Bauernstands. Auch wenn inzwischen mancher Alltagsgegenstand aus Aluminium und Chromstahl besteht, insbesondere auf der Alp kommt nach wie vor hölzernes Senngeschirr zum Einsatz. So hat bei der Alpfahrt das Mitführen eines Lediwagens mit eben diesen Gerätschaften Tradition. 
Zu den Produkten aus dem Haus Stauffacher gehören auch Zier- und Geschenkartikel und Gedrechseltes. Neben der Werkstatt ist ein Verkaufsladen eingerichtet. Und es werden auf Voranmeldung Führung durch die Weissküferei angeboten.
Übrigens: Stauffachers Betrieb ist aktuell der einzige in der Schweiz, in welchem ein Weissküfer-Lernender ausgebildet wird. 
Auf Anmeldung können Gäste auch gerne selber das Handwerk ausprobieren und ein Brettli verzieren.;9.244115352630617;47.2443370195092;Riet, Evabrunnen 1863;9651;Ennetbühl;+41 71 994 10 53;info@weisskueferei-stauffacher.ch;https://weisskueferei-stauffacher.ch/;[{'@type': 'ImageObject', 'contentUrl': 'https://alarpimtsoch.sos-ch-dk-2.exoscale-cdn.com/catalog/7/f/8/d/7f8dae8fa532e566649c10a02d60dbf1c0d6fae8_Postkutsche_Saentis.jpg', 'caption': {'de': 'Postkutschenfahrten mit Werner Stauffacher über die Schwägalp'}}];2026-06-10T10:54:33+02:00
426be530-962e-43ca-8bd6-37c8552d24be;Appenzellerhaus am Bach;Typisches Appenzellerhaus am Wanderweg;<p>Das alleinstehende, ruhig gelegene Ferienhaus &laquo;Im Wuhr&raquo; stammt aus dem 18. Jahrhundert und liegt nahe beim Dorfschwimmbad inmitten einer landwirtschaftlich genutzten Wiese (Biolandwirtschaft). Vom Bahnhof aus ist es in 15-20 Fussminuten zu erreichen. Mit dem Auto gelangt man auf einem Fahrstr&auml;sschen direkt zum Haus. In zehn Fussminuten erreicht man das Dorfzentrum mit Gesch&auml;ften f&uuml;r den t&auml;glichen Bedarf. Der Garten l&auml;sst viel Platz zum Spielen, Essen und Ausruhen. Nachts h&ouml;rt man den Brunnen im Garten pl&auml;tschern sowie das Rauschen des Rotbachs, der auch zum Spiel einl&auml;dt. Die Einrichtung ist teilweise antik/rustikal, teilweise im Stil der F&uuml;nfzigerjahre. Die einfache K&uuml;che enth&auml;lt eine umfangreiche Grundausstattung. F&uuml;r Leseratten gibt es gen&uuml;gend Literatur und f&uuml;r Kinder sind Spielsachen vorhanden.</p><p>&nbsp;</p><p>Mindestaufenthalt: 5 N&auml;chte, max. 6 Personen</p>;9.464120864868166;47.36408886819045;Ferienhaus Wuhr 333;9056;Gais;+41 78 741 75 90;petra.leibacher@bluewin.ch;[{'@type': 'ImageObject', 'contentUrl': 'https://alarpimtsoch.sos-ch-dk-2.exoscale-cdn.com/catalog/2/f/a/1/2fa1dc5e90c25be338dae97ffff1f79a4480e3c8_gais_ferienhaus_wuhr.jpg'}];2026-08-07T15:28:59+02:00
463dd503-4ca5-42bb-91fb-fa16bdde3721;Ferienwohnung Stadel;An schönster Lage, eine Wohlfühlwohnung mitten im Appenzellerland.;<p data-start="221" data-end="465">Mitten in der malerischen H&uuml;gellandschaft des Appenzellerlands, unterhalb der eindrucksvollen Hundwilerh&ouml;he, erwartet Sie unser liebevoll gestaltetes Zuhause. Ob jung oder alt, mit oder ohne Kinder &ndash; hier f&uuml;hlen sich alle willkommen.</p><p data-start="467" data-end="701">In einem idyllischen Seitental gelegen, er&ouml;ffnet sich Ihnen ein traumhafter Blick &uuml;ber saftige Wiesen und sanfte H&uuml;gel. Besonders abends, wenn die Sonne hinter den Bergketten versinkt, zeigt sich die Natur von ihrer sch&ouml;nsten Seite.</p><p data-start="703" data-end="963">Rund um die Ferienwohnung finden Sie viele gem&uuml;tliche Pl&auml;tze im Freien: einen eingez&auml;unten Sitzplatz f&uuml;r ruhige Momente, einen offenen Bereich mit Pergola und Grill f&uuml;r gesellige Abende. F&uuml;r Unterhaltung sorgen Tischkicker, Tischtennisplatte und Dartscheibe.</p><p data-start="965" data-end="1156">Ein besonderes Highlight ist unser umgebauter K&auml;lblistall &ndash; heute ein originelles Fondue- und Raclette-St&uuml;bli, in dem Sie in behaglicher Atmosph&auml;re unvergessliche Stunden verbringen k&ouml;nnen.</p><p>Preis pro Woche:<br>April - September: CHF 650.-<br>Oktober - M&auml;rz: CHF 750.-<br>exkl. Kurtaxen + Endreinigung CHF 70.-<br><br>Mindestaufenthalt: 3 N&auml;chte</p>;9.3289962;47.348477100000004;Stadel Buchberg 245;9064;Hundwil;+41 71 367 20 34;stadel.meier@bluewin.ch;[{'@type': 'ImageObject', 'contentUrl': 'https://alarpimtsoch.sos-ch-dk-2.exoscale-cdn.com/catalog/5/a/a/5/5aa50f0e09a47203f5ebdced3197db2b223cc0b8_WhatsApp_Image_2022_02_22_at_18.47.14.jpeg'}];2026-08-07T15:45:40+02:00
46c63c48-32e0-498b-ae77-50b8c0c80859;Stellplatz «im Bad»;Stellplatz im Zentrum von Heiden.;<p>In maximal 700 Meter Gehdistanz entdecken Sie einige Einkaufsmöglichkeiten und Restaurants sowie den Bahnhof, Postautohaltestellen, Schwimmbad, Kino, Spielplatz und eine Abfalltrennstation. Der Platz ist ausreichend für zwei Camper mit Klappstuhlverhalten. Übernachten in Fahrzeugen ist nur mit eigenem WC erlaubt

Maximale Aufenthaltsdauer: 3 Nächte
Öffentliche Toiletten: Post/Friedhof geöffnet von 06.00 – 22.00 Uhr
Preis: CHF 12.20 pro Nacht inkl. 1 Person, Bezahlung via Parkn Sleep (QR-Code vor Ort scannen oder Internetseite besuchen)</p>;9.53121913454496;47.445602254416734;im Bad 2;9410;Heiden;+41 71 898 33 01;stellplatz@kurvereinheiden.ch;https://www.kurvereinheiden.ch/stellpl%C3%A4tze-f%C3%BCr-camper;[{'@type': 'ImageObject', 'contentUrl': 'https://alarpimtsoch.sos-ch-dk-2.exoscale-cdn.com/catalog/a/3/9/1/a39195b828bfc1de10cc99609d5cae9a34d48baa_Bad2.jpg'}];2026-06-10T10:54:33+02:00
46de5e98-3e3d-4869-bfcd-a053a0efa050;Feuerstelle Säntisblick;9.25902843475342;47.349084674636664;Säntisblick;9103;Schwellbrunn;[{'@type': 'ImageObject', 'contentUrl': 'https://alarpimtsoch.sos-ch-dk-2.exoscale-cdn.com/catalog/3/e/d/d/3edd2a98de6dfa3f9218c23a2dbbeb0939c2ed82_schwellbrunn_s__ntisblick_feuerstelle.jpg'}];2026-06-10T10:54:33+02:00
474afc7b-bb93-49fb-9d3e-316b64399819;Ruhiges Paradiesli mit Rheintal- und Alpsteinblick;Natur pur. Direkt neben dem Bauernhof.
Geniessen Sie Ihren Aufenthalt mit einer atemberaubenden Aussicht über das Rheintal und den Alpstein. ;<p>Die herrliche ruhige und sonnige Lage mitten im Gr&uuml;nen, l&auml;dt zum Verweilen und geniessen ein. Wundersch&ouml;ne Wanderungen und Velotouren k&ouml;nnen Sie direkt von der Haust&uuml;re aus starten. Den Abend ausklingen lassen bei einem Glas Wein oder Tee, mit wunderbarer Aussicht auf das Lichtermeer des Rheintals. Im Winter befindet sich eine Langlaufloipe sowie das Skigebiet der Ebenalp in unmittelbarer N&auml;he. Die wunderbare 2 1/2 Zimmerwohnung bietet einen gem&uuml;tlichen Wohn- / Essraum mit einer K&uuml;che, welche mit einem Geschirrsp&uuml;ler, K&uuml;hlschrank, Oel, Essig, Pfeffer und Salz ausgestattet ist. Das Doppelbett im Schlafzimmer und das separate Bettsofa in der Galerie bietet Platz f&uuml;r 2-3 Personen in der neu renovierten Wohnung. Bett-, K&uuml;chen- und Frotteew&auml;sche sind vorhanden. <br>Mindestmietdauer 2 Tage</p>;9.492223;47.3649;Stein Rietli 744;9056;Gais;0794546834;ursi.gisler@gmx.ch;[{'@type': 'ImageObject', 'contentUrl': 'https://alarpimtsoch.sos-ch-dk-2.exoscale-cdn.com/catalog/c/6/a/0/c6a07bdc4fc1f5b8b0114dd1b740f5719679b94a_Ruhiges_Paradiesli_Gais.jpg'}];2026-08-07T15:29:00+02:00
4929ccb7-4b8f-45b0-b006-57db1f3f39e9;JUST Welt;Besuche die JUST Welt – eine interaktive Entdeckungsreise für alle Sinne zum Ursprung der wohltuenden JUST Produkte für Gesundheit, Schönheit und Wohlbefinden.;<p>In Walzenhausen, inmitten der Appenzeller Natur, hoch &uuml;ber dem Bodensee, hast du die einmalige Gelegenheit das Unternehmen JUST hautnah kennenzulernen und das Geheimnis hinter den wohltuenden Kr&auml;uter-Pflegeprodukte zu entdecken. Komme mit auf eine Reise zum Ursprung des nat&uuml;rlichen Wohlgef&uuml;hls!</p><p>Auf der Edelweisstour l&auml;dt dich Sonia im 360&deg;-Kino auf eine interaktive Entdeckungsreise durch die Appenzeller Kr&auml;uterwelt ein. Im anschliessenden Museum erf&auml;hrst du Wissenswertes &uuml;ber die JUST Produkte und Spannendes &uuml;ber die Gr&uuml;nderfamilie J&uuml;strich. <br>Oder begebe dich mit einem erfahrenen JUST Mitarbeiter in kleiner Gruppe auf die Arnikatour in die Produktion. Du erlebst live wie die Produkte in der hochmodernen Produktion entstehen und testest dabei deine Sinne.<br>Beide Touren k&ouml;nnen auch miteinander kombiniert werden oder mit der Aroma Manufaktur erg&auml;nzt werden. Darin schl&uuml;pfst du in den Laborkittel und tauchst in die Welt der &auml;therischen &Ouml;le ein. Lerne ihre Wirksamkeit auf K&ouml;rper und Geist kennen und stelle dein eigenes Duschgel mit deinem Lieblings&ouml;l her.<br>Am Ende jeder Tour laden wir dich auf eine Tasse belebenden Kr&auml;utertee zum Verweilen und Probieren unserer JUST Produkte im &laquo;Chr&uuml;terforum&raquo; ein.</p><ul><li>Erlebnistour 1: Edelweisstour - ca. 1 Stunde mit Audioguide (keine Mindestgruppengr&ouml;sse)&nbsp;</li><li>Erlebnistour 2: Arnikatour - ca. 1 Stunde mit F&uuml;hrung, ab 10 Personen&nbsp;</li><li>Erlebnistour 3: Kombi Edelweiss- und Arnikatour - ca. 2 Stunden, ab 10 Personen&nbsp;</li><li>Aroma Manufaktur: Nur in Kombination mit einer Erlebnistour, ca. 40 Minuten, ab 10 Personen&nbsp;</li></ul><p>Planst du deinen Ausflug mit dem Rollstuhl? Kein Problem, kontaktiere vorg&auml;ngig die JUST Welt, das Team unterst&uuml;tzt dich gerne dabei.<br><br></p>;9.6019082;47.4519444;Dorf 62;9428;Walzenhausen;+41 71 886 42 42;justweltteam@just.ch;https://www.just.swiss/just-welt/;[{'@type': 'ImageObject', 'contentUrl': 'https://alarpimtsoch.sos-ch-dk-2.exoscale-cdn.com/catalog/9/b/0/a/9b0ab7b50a086b9307d386360fc6570181d0c8b9_JUST_Welt_Eingang_1.jpg', 'caption': {'de': 'Aussenansicht JUST Welt'}}];2026-07-10T16:05:37+02:00
4944f97f-1fb5-4887-b9d5-b25a1332e458;Feuerstelle Freudenberg;9.537546;47.441648;[{'@type': 'ImageObject', 'contentUrl': 'https://alarpimtsoch.sos-ch-dk-2.exoscale-cdn.com/catalog/0/e/c/0/0ec05a2cdddb09b6e71feb4723abb43424add223_Feuerstelle.jpg'}];2026-07-10T08:31:40+02:00
4af0b4e7-2fdb-4365-ad9a-ec6bfcd5d204;Werkzeugstation St. Anton;Praktische Werkzeugstation mit verschiedenen Schraubenziehern und Schlüsseln.;Die Werkzeugstation befindet sich beim Spielplatz neben dem Restaurant.;9.53892230987549;47.41075401825515;St. Antonstrasse 60;9413;Oberegg;[{'@type': 'ImageObject', 'contentUrl': 'https://alarpimtsoch.sos-ch-dk-2.exoscale-cdn.com/catalog/5/8/1/d/581d3c731138c09dd1e56038b7ad6d6c4f6c32eb_Velo_Werkzeugstation_StAnton.jpg'}];2025-05-16T05:39:38+02:00
4c45acfe-7edd-4905-bc2a-123bdfe4b516;Feuerstelle Gmeindli;9.559800624847414;47.447185102322834;[{'@type': 'ImageObject', 'contentUrl': 'https://alarpimtsoch.sos-ch-dk-2.exoscale-cdn.com/catalog/0/4/b/e/04be81dcca91da967c925887b65d193ce481b0e9_6BC21BB6_D76F_49CE_89CA_9E95A321741F.jpeg'}];2026-06-10T10:54:34+02:00
4d68bd71-27f4-4bf4-898e-5d8ca107c3c8;Werkzeugstation - Werkhof Heiden;Vollausgestattete Werkzeugstation beim Werkhof Heiden.;Diese vollausgestattete Werkzeugstation beim Werkhof Heiden verfügt über eine Velopumpe, verschiedene Schraubenzieher, Schlüssel und Plättchen für den Reifenwechsel.;9.53442692756653;47.436352463109756;Hinterbissaustrasse 70;9410;Heiden;[{'@type': 'ImageObject', 'contentUrl': 'https://alarpimtsoch.sos-ch-dk-2.exoscale-cdn.com/catalog/f/4/c/4/f4c42b5b4aba196d3ff20902a920cb4499ca7819__DSC0619.JPG', 'caption': {'de': 'Reparaturstation Heiden'}}];2025-05-16T05:43:28+02:00
4fd5993b-a6b1-497d-9751-ff9cb647c755;Gasthaus Metzgerei Dorfplatz;Wo Gastfreundschaft, hohes Qualitätsbewusstsein und gelebte Traditionen im Zentrum stehen;<p>Mit viel Herzblut und Leidenschaft f&uuml;hren die Gastgeber Franziska und Peter Signer-Frick gemeinsam mit dem K&uuml;chenchef Philipp Michel das Gasthaus Dorfplatz in Urn&auml;sch. Hier hat das Wohl des Gastes h&ouml;chste Priorit&auml;t. Diesem Grundsatz sowie dem hohen Qualit&auml;tsbewusstsein verpflichtet, gibt das Team t&auml;glich alles, um Ausflugs- und Hotelg&auml;sten ein nachhaltiges Erlebnis zu bieten. Die gem&uuml;tlichen G&auml;stezimmer im Gasthaus Dorfplatz verspr&uuml;hen einen Hauch Romantik &ndash; perfekt f&uuml;r den idyllischen Kurzurlaub. Der Metzgereiladen im Parterre des Gasthauses bietet ein reichhaltiges Angebot an Fleischwaren. Das Dorfleben in Urn&auml;sch ist gepr&auml;gt von Tradition und Brauchtum. Beispiele daf&uuml;r sind der neue und Alte Silvester, das &laquo;&Ouml;berefahre&raquo; (Alpfahrt), der Striichmusigtag oder der Brauchtumsmarkt. Im Gasthaus Dorfplatz sind Sie mittendrin. Sie k&ouml;nnen einen Gang herunterschalten, den Alltag vergessen und einfach nur geniessen. Urn&auml;sch liegt im Appenzeller Hinterland, unweit des S&auml;ntis, dem h&ouml;chsten Berg der Ostschweiz. Das Dorf ist mit der Appenzeller Bahn oder mit dem Auto bestens erreichbar.</p><h4>Hier gilt die&nbsp;<a href="https://www.appenzell.ch/de/unterkunft/appenzeller-ferienkarte.html">Appenzeller Ferienkarte</a></h4>;9.2829638;47.3172206;Dorfplatz 2;9107;Urnäsch;+41 71 364 11 60;info@signer-gastro.ch;https://www.signer-gastro.ch/;[{'@type': 'ImageObject', 'contentUrl': 'https://alarpimtsoch.sos-ch-dk-2.exoscale-cdn.com/catalog/7/d/a/0/7da015aec2e7988c9e25cf57599244a0cfeea967_Gasthaus_Metzgerei_Dorfplatz.jpg'}];2026-09-03T13:00:04+02:00
50242e16-619f-41d0-b58e-83e046430d95;Feuerstelle Herrenwäldli;9.2292884;47.3263524;Unterdorf 5;9105;Schönengrund;+41 71 361 18 18;http://www.schoenengrund.ch/de/;[{'@type': 'ImageObject', 'contentUrl': 'https://alarpimtsoch.sos-ch-dk-2.exoscale-cdn.com/catalog/5/b/9/e/5b9efb9f834ff74855432bae63080cfc69b585d5_sch__nengrund_herrenw__ldli.jpg'}];2026-06-10T10:54:34+02:00
5111256c-5035-4972-8dcb-54e48ba1b205;Ferienhaus Usziit;Ferienhaus Usziit - Zeit die Seele baumeln zu lassen;<p>Idyllisches und gemütliches 6.5-Zimmerhaus an ruhiger Lage. Das Ferienhaus liegt etwas abgelegen von Degersheim (ca. 2km ins Zentrum). Die direkte Zufahrt zum Haus ist möglich, es stehen Parkplätze direkt beim Haus zur Verfügung. Das Grundstück ist 850 m2 gross. Das Haus umfasst 120 m2 Wohnfläche mit drei Schlafzimmern, einem Babyzimmer, zwei Nasszellen, Küche mit Eckbank, Wohnzimmer mit Ecksofa und Wohnstube mit grossem Tisch und Eckbank. Es gibt einen Abstellraum für Velo, Bikes, Skis, Schlitten, Kinderwagen etc. Ausserdem steht eine Waschmaschine zur Verfügung. Ein grosser Garten (eingezäunt) lädt zum gemütlichen Verweilen ein. Das Haus bietet Platz für bis zu sechs Personen.<br>Vermietung: wochenweise</p>;9.217794835567476;47.385196640215;Tal 656;9113;Degersheim;+41796011054;benj.ramel@eventhelp.ch;https://www.e-domizil.ch/rental/01cb55e3c7a7aa79bc0d8455742c558f;[{'@type': 'ImageObject', 'contentUrl': 'https://alarpimtsoch.sos-ch-dk-2.exoscale-cdn.com/catalog/7/2/8/3/728302c1640c33f7c47300f6be33839a47da979a_Au.jpg'}];2026-08-12T09:31:41+02:00
56d7fcfc-853d-4177-aab1-b8c89723e8e9;Feuerstelle Raspeln;9.555552005767824;47.432311352391366;[{'@type': 'ImageObject', 'contentUrl': 'https://alarpimtsoch.sos-ch-dk-2.exoscale-cdn.com/catalog/8/0/6/0/806052a157543819cbc79e6b4b78acc13533f434_Feuerstelle_Raspeln.jpg'}];2026-07-10T08:31:40+02:00
58b2d227-2afc-48e2-9f2c-863cb7077d54;Feuerstelle Grund;9.270840622476886;47.355083993884;Oberdorf 2;9104;Waldstatt;+41 71 354 53 33;gemeinde@waldstatt.ar.ch;https://www.waldstatt.ch/;[{'@type': 'ImageObject', 'contentUrl': 'https://alarpimtsoch.sos-ch-dk-2.exoscale-cdn.com/catalog/5/6/8/f/568f1a1c567777127f36eb97ee06004daefd5fa3_Computerformat_4_3_waldstatt_grund_feuerstelle.jpg'}];2026-06-10T10:54:37+02:00
5ce9da53-87f8-403c-ab34-5248f21f257c;Naturfreundehaus Kaien;Das Naturfreundehaus Kaien liegt zwischen Heiden und Rehetobel auf 1100 Meter ü/M.;Mit seinem grossen Aufenthaltsraum für bis zu 60 Personen ist das Haus ideal geeignet für Firmen, Schulen, Seminare oder Feiern in grösserer Runde. An Wochenenden ist das Haus bewartet und ein beliebtes Ausflugsziel.
Das Haus kann insgesamt 38 Personen beherbergen. Es verfügt über 5 Zimmer mit 4 Betten, 2 Zimmer mit 6 Betten, 1 Zimmer mit 5 Betten, Waschräume, Etagenduschen und WCs. Wolldecken und Duvets sind in den Schlafräumen vorhanden, Bettwäsche ist nur in den 4 Zimmern gegen Aufpreis erhältlich. Die grosse und modern eingerichtete Küche kann unter der Woche benützt werden. An Samstagen und Sonntagen müssen die Speisen vom Hüttenwart bezogen werden.
Es hat einige Freizeit- und Spielmöglichkeiten im und ums Haus: ein Spielzimmer, ein grosser Geländespielplatz, Tischtennis-Tisch und Fussballkasten. Im Aussenbereich hat es zudem ein Grillhaus mit Holzkohlegrill und Feuerstellen. 
In 20 Gehminuten von der Postauto-Haltestelle erreicht man die Gruppenunterkunft. Zufahrt bis zum Parkplatz unterhalb des Haus möglich (Parkgebühr von CHF 2.00). Kostenlose Parkplätze sind in Rehetobel vorhanden. Das Appenzellerland und bietet als tolles Gebiet diverse Möglichkeiten für Gruppen an. Das Skigebiet ist 3 Kilometer vom Haus entfernt und kann in 10 Autominuten erreicht werden.;9.506645;47.434428;Gigeren;9038;Rehetobel;071 877 11 98;reservation@kaienhaus.ch;https://www.kaienhaus.ch/index.php;[{'@type': 'ImageObject', 'contentUrl': 'https://alarpimtsoch.sos-ch-dk-2.exoscale-cdn.com/catalog/e/9/f/b/e9fb425fd44f0adbdc8fa3c58750364565b9a047_Naturfreundehaus_Kaien.jpg'}];2026-07-10T08:31:40+02:00
5dac0c92-4a19-47fa-b74d-4153152f0cef;Restaurant und Metzgerei Ochsen Schönengrund;Passende Räumlichkeiten für Hochzeits- oder Geburtstagsfeste und Familien- oder Firmenanlässe;Das Restaurant Ochsen bietet grosse und kleine Räumlichkeiten für jegliche Anlässe unterschiedlicher Gesellschaften an.
So abwechslungsreich wie das Essen und Trinken ist auch das Ambiente der Räume. Von gemütlich-urchig über edel-rustikal bis hin zu einfach-heimelig ist alles vorhanden. Die wichtigsten Werte im «Ochsen» sind zufriedene Gäste, eine traditionelle, gut bürgerliche Küche, hausgemachte Produkte, regionale und gesunde Qualität. 

Hinter dem Betrieb des Restaurants Ochsen steht auch eine Metzgerei. Das Fleisch wird aus der hauseigenen Schlachtung verarbeitet. Die Tiere stammen von Landwirtschaftsbetrieben aus nächster Umgebung, aus dem Appenzellerland und Neckertal. Der Metzgereiladen befindet sich im Landigebäude an der Hauptstrasse 10 in Schönengrund.;9.226351544337252;47.32774135;Unterdorf 20;9105;Schönengrund;+41 71 361 11 04;info@ochsen-signer.ch;https://www.signer-gastro.ch/;[{'@type': 'ImageObject', 'contentUrl': 'https://alarpimtsoch.sos-ch-dk-2.exoscale-cdn.com/catalog/1/7/1/5/1715da235eefd1f9fc73b3459021104bcbb18d18_Ochsen_Sch__nengrund.jpg'}];2026-07-10T08:26:03+02:00
5de0b4d3-35ea-4795-bc65-bd80404c553d;Ferienwohnung Dorf 5 - Alpsteinpanorama;Übernachten mit Blick über die Hügel des Appenzellerlands bis zum Säntis. Ein wunderbarer Ort für die Einkehr.;Hier übernachten, mit einzigartigem Blick übers Appenzellerland bis zum Säntis, ist zu allen Jahreszeiten ein Erlebnis.
Im stilvoll renovierten, denkmalgeschützten Haus am historischen Dorfplatz von Rehetobel wird alte Bausubstanz mit Modernität verbunden. 

Das fünfstöckige, stattliche Haus hat in seinen 230 Jahren mehreren Zwecken gedient. Wo jetzt ein hübsches Beizli, das «Gasthaus Dorf5» mit wunderschönem Garten zum Verweilen einlädt, war früher das Postbüro. In den oberen Stockwerken, die als Telegrafenamt und Geschäftsräume dienten, befinden sich heute drei exklusive Wohnungen mit hohem Ausbaustandard. 
Die Wohnung "Alpsteinpanorama" hält was der Name verspricht: Die Aussicht aus der Vogelperspektive ist einzigartig. Hier gibt es auf zwei Stockwerken mit 150 m2 Wohnfläche viele schöne Orte zum Verweilen. Der sonnige Westbalkon auf dem Zwischengeschoss öffnet den Blick auf zwei Seiten.
Das 45 m² grosse Wohnzimmer mit zentralem Cheminée ist mit der modernen, gut ausgestatteten Küche mit Kochinsel und Bar durch Schiebetüren verbunden.
Im oberen Stockwerk gibt es zwei reizvolle Schlafzimmer, wobei das kleinere auch als gemütliches Fernsehzimmer mit toller Aussicht genutzt werden kann.
Weitere Schlafmöglichkeit liegen direkt unter dem Dachgiebel und in den
beiden Dachnischen (siehe Fotos).
Die gut isolierte aber natürliche Bausubstanz und die grosszügige Ausstattung sind technisch und ästhetisch auf hohem Niveau. Moderne Kommunikation und ein eingebauter Projektionsbeamer im Wohnzimmer gehören zur perfekten Ausstattung. Daher wird dieser besondere Ort auch für die Durchführung von kleineren Seminaren und Retraiten gerne genutzt.
Von der zentralen Lage im Appenzeller Vorderland aus lassen sich das Alpsteingebiet, die nahegelegene Bodenseeregion und die äusserst sehenswerte Stadt St. Gallen ideal erkunden.

Die Wohnung bietet für zwei bis sechs (acht) Personen viel Platz - und sollten Sie einmal keine Lust zum Kochen haben, lassen Sie sich im gemütlichen Beizli "Dorf5" verwöhnen.

Mindestaufenthalt: 1 Nacht (ab CHF 211)
Preis für 1 Woche: ab CHF 1'500;9.4834302;47.4262522;Dorf 5;9038;Rehetobel;+41 79 475 91 83;https://www.dorf5.ch/;[{'@type': 'ImageObject', 'contentUrl': 'https://alarpimtsoch.sos-ch-dk-2.exoscale-cdn.com/catalog/a/f/2/d/af2dbea1ae3c777bc4f373c2f2d5b105cbab374c_ferienwohnung_dorf5_rehetobel.jpg'}];2026-08-07T15:29:01+02:00
5e2897ea-becc-4a2f-abe1-44af38fcdd5d;Dorfführungen im Appenzellerland;Tauchen Sie auf einem erlebnisreichen Rundgang ein in die Geschichten der verschiedenen Dörfer im Appenzellerland.;In folgenden Dörfer im Appenzellerland sind Dorfführungen möglich: Heiden (jeweils am Mittwochnachmittag ohne Voranmeldung möglich - <a href="https://appenzellerland.ch/de/informieren/aktuelles/veranstaltungen.html?eventId=1135046989" target="_blank">zu den Veranstaltungen</a>), Herisau, Gais, Rehetobel, Trogen, Urnäsch und Walzenhausen. Lernen Sie bei einem stündigen Rundgang Wissenswertes über die Geschichte des Dorfes. Oder Sie entscheiden sich für eine Thematische Dorfführung.

Dauer: ca. 1 Stunde
Kosten auf Anfrage

Gerne unterbreiten wir Ihnen ein passendes Angebot.;9.5342523;47.444958;[{'@type': 'ImageObject', 'contentUrl': 'https://alarpimtsoch.sos-ch-dk-2.exoscale-cdn.com/catalog/0/7/1/7/0717dc1c28a4aa0454d70079a0709f2b9f9e35bb_heiden_dorff__hrung.jpg'}];2026-06-10T10:54:37+02:00
614df439-3a57-44c8-a65f-cf160c344e7c;Helen Niederer - Handweben fast wie früher;Sehen Sie der Weberin über die Schulter und erfahren Sie, wie Handtücher, Tischwäsche und Einkaufstaschen am Webstuhl entstehen.;Im gemütlichen historischen Weberhaus mit viel Charme entstehen im Wäbchäller von Helen Niederer Textilien. Sie webt am Webstuhl Handtücher, Tischwäsche bis zur Einkaufstaschen aus natürlichem Material und mit verschiedenen Mustern und Farben. Sehen Sie der Weberin über die Schulter und beobachten dabei, wie sie das Weberschiffli gekonnt hin und her schiebt und dabei ein ums andere Mal die richtigen Fäden mit einem Fusspedal anhebt, sodass sich das Fach für die Schussfäden bilden kann.  

Dauer: 1 Stunde
Teilnehmer: bis 15 Personen (ab 7 Personen unterteilt in zwei Gruppen)
Kosten: pauschal CHF 130.00 pro Führung, kleiner Apéro auf Anfrage;9.426105;47.373778;Oberdorf 9;9055;Bühler;+41 71 793 15 91;h.niederer@bluewin.ch;[{'@type': 'ImageObject', 'contentUrl': 'https://alarpimtsoch.sos-ch-dk-2.exoscale-cdn.com/catalog/2/9/d/c/29dc8897d52708aa9607ca34ee630afff3dc0214_Bild1.png'}];2026-06-10T10:54:37+02:00
620ceb26-a075-4533-a862-986a6b6425d6;ROOTHUUS GONTEN;Zentrum für Appenzeller und Toggenburger Volksmusik mit Führungen und Jodelkursen;<p>Es erwartet Sie eine Reise durch die Geschichte des denkmalgesch&uuml;tzten und 2006 renovierte Haus aus den Jahren 1763/64. Das Roothuus beheimatet den weitherum sch&ouml;nsten Festsaal mit l&auml;ndlich-barocker Wandmalerei und viele Details erz&auml;hlen aus der bewegten Geschichte dieses zentralen Hauses von Gonten. Heute beherbergt das Roothuus das Zentrum f&uuml;r die Volksmusik rund um den Alpstein, also das Appenzellerland und das Toggenburg. Eine Ausstellung zeigt jeweils neue Forschungsergebnisse des Hauses und ein Shop l&auml;dt zum Entdecken der vielf&auml;ltigen Erzeugnisse ein. Zahlreiche historische Instrumente sind zu sehen und h&ouml;ren. Interessierte Personen erfahren hier viel Wissenswertes aus der gut dokumentierten Geschichte der Appenzeller und Toggenburger Volksmusik. Die individuelle Besichtigung des Roothuus Gonten ist kostenlos. Gerne f&uuml;hren wir Sie und Ihre G&auml;ste durch das Roothuus. Dabei erhalten Sie Informationen zur Geschichte des Hauses, zur Volksmusik und zu den zahlreichen historischen Instrumenten. Ebenso informieren wir Sie &uuml;ber unsere aktuellen Forschungsprojekte und geben Einblick in alte Handschriften. Auch Jodelkurse sind im Roothuus im Angebot. Dabei &uuml;bt ein S&auml;nger in Tracht mit Ihnen einen Naturjodel ein und gibt Tipps und Tricks zum Talerschwingen. Auf Wunsch bereichern wir die F&uuml;hrung oder den Jodelkurs mit Musik oder einem Ap&eacute;ro. F&uuml;hrungen: Dauer: ca. 1 Stunde Teilnehmerzahl: max. 25 Personen pro Gruppe Daten: ganzj&auml;hrig, t&auml;glich Kosten: Montag bis Freitag CHF 160.&ndash; pro Gruppe / Samstag und Sonntag CHF 210.&ndash; pro Gruppe Jodelkurse: Dauer: ca. 2 Stunden Teilnehmerzahl: max. 25 Personen pro Gruppe Daten: ganzj&auml;hrig, t&auml;glich Kosten: Montag bis Freitag CHF 370.&ndash; pro Gruppe / Samstag und Sonntag CHF 420.&ndash; pro Gruppe</p>;9.3471841;47.32882;Dorfstrasse 36;9108;Gonten;+41 71 794 13 30;info@roothuus-gonten.ch;https://www.roothuus-gonten.ch/;[{'@type': 'ImageObject', 'contentUrl': 'https://alarpimtsoch.sos-ch-dk-2.exoscale-cdn.com/catalog/3/4/d/7/34d7cef7f1b4054c473e3f9f615e50b1377f444e_gonten_roothuus_gonten_aussenansicht.JPG'}];2026-06-10T10:54:37+02:00
6407c99f-9bd1-4152-9281-4bbbf1529140;planoalto;Outdoor-Training, handlungsorientierte Bildungsimpulse und Teamentwicklung – andere Räume und Aufgaben ermöglichen andere Verhaltensmuster.;Arbeiten in der Natur heisst nutzen, was da ist: unterwegs sein (je nach Saison mit Schneeschuhen, Kanus oder zu Fuss), sich einen Platz einrichten (ein Camp oder ein Iglu bauen), Feuer entfachen, sich etwas gutes Kochen, Brote im selbst gebauten Ofen backen.

Unsere Outdoor-Trainings sind oft unspektakulär und doch herausfordernd, sie sind ehrlich und direkt. Sie überzeugen durch Schlichtheit, Passgenauigkeit und professionelle Begleitung. 
Wir greifen Entwicklungsthemen, Leitbilder, Visionen und Strategien unserer Kundinnen und Kunden auf und setzen sie in Handlung und Erlebnisse um.

Anzahl Teilnehmer: vom Outdoor-Coaching für eine Person bis zu Grossgruppen-Impulse von bis zu 200 Personen.;9.318851348465486;47.3657193;Dorf 34;9064;Hundwil;+41 71 855 33 02;info@planoalto.ch;https://planoalto.ch/;[{'@type': 'ImageObject', 'contentUrl': 'https://alarpimtsoch.sos-ch-dk-2.exoscale-cdn.com/catalog/8/0/b/7/80b7cea5d2c4e27ab6a8ae0ec68ff29dcc165bc4_Planoalto4.jpg'}];2026-07-10T15:53:22+02:00
6533253f-e907-4004-b539-093df57e2ef7;Feuerstelle Schindelholz;Feuerstelle Schindelholz;9.5888375;47.4542558;Dorf 84;9428;Walzenhausen;+41 71 886 49 80;gemeindekanzlei@walzenhausen.ar.ch;http://www.walzenhausen.ch/home.htm;[{'@type': 'ImageObject', 'contentUrl': 'https://alarpimtsoch.sos-ch-dk-2.exoscale-cdn.com/catalog/0/0/2/6/0026bad09ac74d5ccb60bd0b4b55fd60f9d1fb89_08_2020_walzenhausen_schindelholz__3_.jpg'}];2026-06-10T10:54:37+02:00
658cdd14-a690-49c9-af3b-fb7de9e01d40;1001 Sterne Hotel;Suchst Du nach Perlen, die Du auf Deine Lebenskette auffädeln kannst? Dann erlebe eine Nacht unter freiem Sternenhimmel auf einem abgelegenen Hügel inmitten der Natur bei uns auf dem TierErlebnisHof!;Du suchst nach einem Bett für eine Nacht unter freiem Sternenhimmel? Wolltest Du schon immer mal 1001 Sterne vor dem Einschlafen zählen? Frühstück mit Blick auf den Säntis geniessen? Oder etwas Exklusives erleben? Dann bist Du in unserem 1001 Sterne-Hotel genau richtig!

Wir haben dem Aebi (Einachser) unseres Urgrossvaters eine neue Aufgabe gegeben. In den letzten Monaten haben wir auf seine Ladebrücke ein Doppelbett, Stühle und eine Kommode gebaut. So können wir Dein Hotelzimmer an den von Dir gewünschten Ort fahren. Das grosse Doppelbett und die kuschlige Decke sorgen für den nötigen Komfort, falls Du zwischen dem Bestaunen des Nachthimmels und des Alpen-Panoramas trotzdem noch ein Auge zutun möchtest. Am Morgen servieren wir Dir/Euch gerne ein leckeres Frühstück (mit hofgemachten Zutaten) ans Bett.

Ob für eine Mädelsnacht, eine romantische Nacht mit Deinem Schatz oder aus Faszination am Nachthimmel – eine unvergessliche 1001 Sterne-Nacht ist so gut wie garantiert!;9.277664422988893;47.33567424589583;Windegg 930;9107;Urnäsch;+41 78 827 44 33;monikaegli@tiererlebnishof.ch;https://tiererlebnishof.ch;[{'@type': 'ImageObject', 'contentUrl': 'https://alarpimtsoch.sos-ch-dk-2.exoscale-cdn.com/catalog/6/1/1/2/611227b2873ed44f597334f581e2ea56e7d519d3_4.jpg'}];2026-06-10T10:54:37+02:00
6642ddcf-82e9-4628-b13e-c031c96d25f8;Feuerstelle Pulverturm;9.2914236;47.3942337;Poststrasse 6;9102;Herisau;+41 71 354 54 54;http://www.herisau.ch/de/;[{'@type': 'ImageObject', 'contentUrl': 'https://alarpimtsoch.sos-ch-dk-2.exoscale-cdn.com/catalog/3/f/e/d/3fedf04f8cdfb28433ad1ddcd088d99342f8e677_11_2020_herisau_pulverturm__2_.JPEG'}];2026-07-17T09:16:39+02:00
67aeb3c9-22d6-40df-bc16-ae355bd2329b;GöttiFritz House&Breakfast;Dieses 200jährige Appenzellerhaus thront hoch über Herisau und bietet einen gigantischen Rundumblick von Bodensee bis in den Alpstein.;<p>Das Ferienhaus "G&ouml;ttiFritz" wird seit 2022 von der InteriorDesignerin Karin Sieber gekonnt und mit viel Liebe zum Detail umgestaltet. Jede einzelne der drei grossen Suiten "Fritzli, Grittli &amp; R&ouml;&ouml;sli" haben ihren ganz eigenen Flair-Charakter, Historie und ihre eigene Stimmung. Ausgestattet mit einem Doppelbett, Arbeitsbereich, zus&auml;tzlicher Schlafcouch und eigenen B&auml;dern. Im Erdgeschoss befindet sich das dritte Schlafzimmer mit Bad (barrierefrei), die K&uuml;che, Wohn- und Essbereich, Garderobe sowie eine zus&auml;tzliche G&auml;stetoilette. Es sind die vielen, liebevoll durchdachten Kleinigkeiten, die aus einem Aufenthalt im &bdquo;G&ouml;ttiFritz&ldquo; Guesthouse&amp;HomeStyling im Appenzellerland ein echtes Erholungserlebnis machen. - pers&ouml;nliche Begr&uuml;ssung und Schl&uuml;ssel&uuml;bergabe - inkl. Fr&uuml;hst&uuml;ck zur Selbstbedienung - im Sommer edle k&uuml;hlende Leinenbettw&auml;sche - im Winter kuscheligwarme Flanellbettw&auml;sche - Gartenbereich mit Bistrotisch/Outdoorlounge/H&auml;ngesessel/Grill - auf Wunsch Koch, Butler- und Shuttle Service - inkl. Kur- und Beherbergungstaxen.<br>Mindestaufenthalt: 1 Nacht&nbsp;</p>;9.28997039794922;47.38417163083634;Höhenweg 457;9100;Herisau;0765317994;karin@goettifritz.ch;https://göttifritz.ch;[{'@type': 'ImageObject', 'contentUrl': 'https://alarpimtsoch.sos-ch-dk-2.exoscale-cdn.com/catalog/c/0/c/7/c0c7ac89a8503a6851e93ee405deb712bf378df0_goettifritz_house_and_breakfast_hauptbild_herisau__2.jpg'}];2026-08-07T15:45:40+02:00
689f334f-a125-48ab-b321-1fa1aa5999f4;Feuerstelle Horst;9.425947;47.4083925;Dorf 10;9042;Speicher;+41 71 343 72 00;gemeindeverwaltung@speicher.ar.ch;http://www.speicher.ch/de/;[{'@type': 'ImageObject', 'contentUrl': 'https://alarpimtsoch.sos-ch-dk-2.exoscale-cdn.com/catalog/3/f/d/f/3fdfdd07df26efed7f21bd9e564bc61abaf6a2b7_Feuerstelle.jpg'}];2026-06-10T10:54:37+02:00
69307ec8-0f89-4651-a72e-26ce2558c2b7;Feuerstelle Langelen / Bannwald;<p>Die Feuerstelle wird zwischen April (Ostern) und Oktober w&ouml;chentlich mit Brennholz versorgt. <br>Die Feuerstelle ist &ouml;ffentlich und darf von allen Personen ben&uuml;tzt werden. Reservationen sind nicht m&ouml;glich.&nbsp;</p>;9.2840852;47.3731267;Poststrasse 6;9102;Herisau;+41 71 354 54 54;http://www.herisau.ch/de/;[{'@type': 'ImageObject', 'contentUrl': 'https://alarpimtsoch.sos-ch-dk-2.exoscale-cdn.com/catalog/a/0/6/1/a061f59b831a7e961710628af90b9f64084e968c_20260623_081322211_iOS.jpg'}];2026-07-17T09:10:24+02:00
6a0de2e8-1520-455a-be33-66fef5c1a3b8;Werkzeugstation - Stützpunktfeuerwehr Gais;Vollausgestattete Werkzeugstation beim Feuerwehrdepot Gais gegenüber der Tankstelle mit Shop.;Diese vollausgestattete Werkzeugstation beim Werkhof Gais verfügt über eine Velopumpe, verschiedene Schraubenzieher, Schlüssel und Plättchen für den Reifenwechsel.;9.443907737731935;47.35894005761917;Zweibrücken 11;9056;Gais;[{'@type': 'ImageObject', 'contentUrl': 'https://alarpimtsoch.sos-ch-dk-2.exoscale-cdn.com/catalog/5/2/d/c/52dcd8c30eebaa68f79fce69cacfe7c950c63330__DSC0657.JPG'}];2025-05-16T05:13:25+02:00
6a87a400-be40-46fb-af43-6ef18360d5dd;Feuerstelle Staatswald;Schöne Feuerstelle im Wald;9.2318349;47.3411137;Dorf 50;9103;Schwellbrunn;+41 71 353 38 00;gemeinde@schwellbrunn.ar.ch;https://www.schwellbrunn.ch/;[{'@type': 'ImageObject', 'contentUrl': 'https://alarpimtsoch.sos-ch-dk-2.exoscale-cdn.com/catalog/3/f/d/f/3fdfdd07df26efed7f21bd9e564bc61abaf6a2b7_Feuerstelle.jpg'}];2026-06-10T10:54:37+02:00
6b2006a3-10ca-4d42-b1b6-1641f4d34d20;Waldpark Heiden;Waldpark – der Name ist hier Programm!;Breitstämmige, hohe Bäume umrahmen den Spielplatz und lassen viel Freiraum für kleine und grosse Besucher. Zwei Grillstellen und genügend Schatten laden zum genussvollen Verweilen ein.;9.525554180145264;47.448382175584925;9410;Heiden;+41 71 898 33 01;heiden@appenzellerland.ch;https://www.kurvereinheiden.ch/;[{'@type': 'ImageObject', 'contentUrl': 'https://alarpimtsoch.sos-ch-dk-2.exoscale-cdn.com/catalog/b/b/a/b/bbab3791ea714e964010716f28e5ce98f00611e5_waldpark_grillplatz_standard.jpg'}];2026-06-10T10:54:37+02:00
6c64002c-6e0b-4240-a0c0-281fca5079c8;Hotel Heiden;Ankommen, ausatmen und die Weitsicht geniessen.;<p>Das Hotel Heiden begeistert mit einer atemberaubenden Aussicht auf den Bodensee. 2022 wurde das Haus renoviert und l&auml;dt mit einem harmonischen Mix aus Tradition und Moderne zum Entspannen ein. Die 58 Zimmer, teilweise mit Balkon und Seesicht sind mit Boxspringbetten und barrierefreien Regenduschen ausgestattet. Im hauseigenen Restaurant Acht werden die G&auml;ste kulinarisch verw&ouml;hnt. Bei der Zusammenstellung der Gerichte legt das K&uuml;chenteam grossen Wert auf Regionalit&auml;t und Saisonalit&auml;t der einzelnen Komponenten. Zum Entschleunigen l&auml;dt die 1000 m2 grosse Wellness-Landschaft mit Panorama-Schwimmbad und -Whirlpool sowie vielseitigem Sauna-Bereich. Die lichtdurchfluteten Seminarr&auml;ume mit Seesicht bieten das ideale Ambiente f&uuml;r erfolgreiche Tagungen und Events.</p><h4>Hier gilt die&nbsp;<a href="https://www.appenzell.ch/de/unterkunft/appenzeller-ferienkarte.html">Appenzeller Ferienkarte</a></h4>;9.533705;47.445726;Seeallee 8;9410;Heiden;+41 71 898 15 15;info@hotelheiden.ch;http://www.hotelheiden.ch/;[{'@type': 'ImageObject', 'contentUrl': 'https://alarpimtsoch.sos-ch-dk-2.exoscale-cdn.com/catalog/c/7/c/6/c7c685662d613f1170c4f8447a792210649e8aac_heiden_hotel_heiden.jpg'}];2026-09-04T12:13:13+02:00
6e548f0e-a0b8-4c04-8020-6ed1704ab162;Museum Henry Dunant;Das einzige Museum weltweit, das dem Initiator des Internationalen Roten Kreuzes gewidmet ist, präsentiert seine inklusive und multimediale Ausstellung.;Henry Dunant hatte bis zu seinem Tod rund 20 Jahre in Heiden gelebt, 18 davon im ehemaligen Bezirkskrankenhaus. In diesem Gebäude führt die Ausstellung thematisch durch das wechselhafte Leben des wirkungsmächtigen Genfers und schlägt eine Brücke ins Hier und Jetzt. Das Museum lädt täglich von 11 bis 16 Uhr zu Erkundungen in Deutsch, Französisch und Englisch ein. Führungen für Gruppen und Schulklassen werden auch ausserhalb der Öffnungszeiten angeboten.;9.5312492;47.4433309;Asylstrasse 2;9410;Heiden;+41 71 891 44 04;info@dunant-museum.ch;http://www.dunant-museum.ch/;[{'@type': 'ImageObject', 'contentUrl': 'https://alarpimtsoch.sos-ch-dk-2.exoscale-cdn.com/catalog/2/8/b/d/28bd6f2a4456aeada524cdc5387933b791591455_252044_dunant_museum_4874_J__rg_Z__rcher_gross.jpg'}];2026-07-10T08:26:03+02:00
70f1e24e-1e16-4500-b77d-31dcc3e7dcea;Vali's Bike-Shop;Vali's Bike-Shop 
Ihr Bike-Shop in Rehetobel;<p>Kindervelos, Elektro-Bikes, Elektro-Velos, Citybikes, Tourenvelos, Hardtail, Fully...</p><p>Reparatur, Service, Verkauf und E-Bike-Vermietung</p>;9.483215057755425;47.42670595;Dorf 11 ;9038 ;Rehetobel;+41 71 877 10 77;bike-shop@valikast.ch;https://www.valikast.ch/;[{'@type': 'ImageObject', 'contentUrl': 'https://alarpimtsoch.sos-ch-dk-2.exoscale-cdn.com/catalog/4/1/d/d/41dda592a4a866fcec6aa7b025a91d2fc4ff0fa9_DSC_3425.JPG'}];2026-03-05T16:16:00+01:00
71bcb77a-7fbf-4238-b011-fddaf2d170ca;Feuerstelle Hundwiler Tobel;9.3024505;47.3617302;9064;Hundwil;079 444 36 06;praesident@verkehrsvereinhundwil.ch;https://verkehrsvereinhundwil.ch/;[{'@type': 'ImageObject', 'contentUrl': 'https://alarpimtsoch.sos-ch-dk-2.exoscale-cdn.com/catalog/f/9/d/e/f9deba14b3d579c05b11fce3fb06efaeb11a84a6_Screenshot_2026_02_19_152414.png'}];2026-06-10T10:54:37+02:00
73ae110f-4739-41cb-a9f8-92eaa3d27d73;Tourist Information Heiden;9.5364856;47.4459718;Bahnhofplatz 1;9410;Heiden;+41718983301;heiden@appenzellerland.ch;http://www.appenzellerland.ch;[{'@type': 'ImageObject', 'contentUrl': 'https://alarpimtsoch.sos-ch-dk-2.exoscale-cdn.com/catalog/f/7/3/4/f7343e1c765f79849c94714f003cddf7d2f12ce3_Goldener_Schnitt_31_19_heiden_dorf.jpg'}];2026-08-27T20:30:51+02:00
75b19903-5617-4f59-8f6e-85d804a6c42a;Ladestation - Sternen Teufen;E-Bike Lademöglichkeit mit 230V Steckdosen in Schliessfächern.;Die Lademöglichkeit befindet sich beim Velounterstand verteilt auf 8 Schliessfächer, welche mit einer 2-Franken-Münze abgeschlossen werden können. Es ist ein eigenes Ladegerät erforderlich.;9.375039339065554;47.38940967729989;9052;Teufen;[{'@type': 'ImageObject', 'contentUrl': 'https://alarpimtsoch.sos-ch-dk-2.exoscale-cdn.com/catalog/5/f/4/f/5f4fc2eb48e4467c8c37caab875604232329ecc0__DSC0631.JPG', 'caption': {'de': 'Velounterstand'}}];2025-05-16T05:17:42+02:00
76046588-b264-4c7a-bbd4-49af9333f254;Werkzeugstation - Teufen Bahnhof;Praktische Werkzeugstation mit verschiedenen Schraubenziehern und Schlüsseln.;Die Werkzeugstation befindet sich beim Bahnhofplatz am Geländer zur Tiefgarage.;9.390048980712892;47.390193534294134;Ebni 1;9053;Teufen;[{'@type': 'ImageObject', 'contentUrl': 'https://alarpimtsoch.sos-ch-dk-2.exoscale-cdn.com/catalog/8/f/d/5/8fd5df7cb8ec138722610be685a01048f6c26118__DSC0663.JPG'}];2025-05-16T05:18:06+02:00
7649439a-3c24-4b49-9cbb-ddec6b477775;Restaurant Engel Herisau;Wer hier einkehrt, fühlt sich in die gute alte Beizenzeit zurückversetzt. In eine Gaststube, wo noch Römer und Tschumpeli ausgeschenkt werden, wo am Stammtisch über Gott und die Welt diskutiert oder ein Jass geklopft wird.;<p><span style="font-size: 12.0pt; line-height: 115%; font-family: 'Aptos',sans-serif; mso-ascii-theme-font: minor-latin; mso-fareast-font-family: Aptos; mso-fareast-theme-font: minor-latin; mso-hansi-theme-font: minor-latin; mso-bidi-font-family: Arial; mso-bidi-theme-font: minor-bidi; mso-ansi-language: DE-CH; mso-fareast-language: EN-US; mso-bidi-language: AR-SA;">Im &laquo;Engel&raquo; </span>treffen sich Handwerker zum Zn&uuml;ni. Am Mittag werden Tagesmen&uuml;s zu moderaten Preisen serviert &ndash; inklusive Salat und Suppe. Nachmittags geniessen Wanderer einen Zvieri oder Coupe mit saisonalen Fr&uuml;chten. Am Abend lassen sich Familien zum Nachtessen nieder, und Vereine aus Herisau und Umgebung genehmigen sich nach Training oder Probe einen Absacker.</p><p class="MsoNormal">Und wen der Hunger plagt, dem zaubert unser Koch Hampi auch zu sp&auml;ter Stunde etwas Gluschtiges auf den Teller.</p><p class="MsoNormal">Anl&auml;sse sind im Saal bis zu 40 Personen durchf&uuml;hrbar.&nbsp;</p>;9.2603454;47.3889704;Degersheimerstrasse 76;9100;Herisau;+41 71 351 18 77;info@engel.rest;https://www.engel.rest/;[{'@type': 'ImageObject', 'contentUrl': 'https://alarpimtsoch.sos-ch-dk-2.exoscale-cdn.com/catalog/0/c/e/8/0ce83d8b6c74dd9651d2c95bacc4173747c293e1_DSC_3597.jpg'}];2026-07-10T08:26:03+02:00
76b06e15-7748-49f6-9e52-ccf1b0f76d79;Breitenmoser Gustarium;Eine Erlebniswelt zum «Erleben, Entdecken und Selbermachen» – das Breitenmoser Gustarium mit Blick auf den Alpstein.;Das Breitenmoser Gustarium ist die in der Schweiz einzigartige Erlebniswelt, die sich der Fleischbranche widmet. Unterschiedliche Grillseminare finden rund ums Jahr auf der Grillterrasse statt. Hier lernt man Tipps und Tricks von den Fachleuten. Teilnehmerinnen und Teilnehmer eines Wurstseminars lernen alles über die Herstellung einer Siedwurst und packen dann selbst mit an. 
Auch Spontanbesucher können sich bei uns verwöhnen lassen. Ein frisch aufgeschnittenes Appenzeller Plättli lässt sich draussen oder in der Metzgerstube mit Blick auf den Alpstein geniessen. Die interaktive, unterhaltsame und informative Ausstellung «rund um den Genuss» kann kostenlos besucht werden. 
Im Genussladen können Sie unsere Spezialitäten degustieren, erwerben und sich von vielen Geschenkideen inspirieren lassen. Feste und Seminare bis 60 Personen machen wir für Sie zu einem ganz speziellen Erlebnis. Die Metzgerstube mit Bar und Cheminée ist liebevoll eingerichtet und dekoriert. Unsere Köche verwöhnen Sie mit hauseigenen Spezialitäten. 

Grillseminare: 18 bis 23 Teilnehmende
Wurstseminare: 15 bis 30 Teilnehmende
Festliche Platten legen und gestalten: 10 bis 15 Teilnehmende
Kleiner Grill-Lehrgang: 20 bis 45 Teilnehmende 

Kosten für Seminare: von CHF 85.00 (Wurstseminar mit Essen) bis CHF 210 für Grillkurs Special Cuts
Dauer: von 2.5 bis 4 Stunden für Kurse

Sitzplätze Metzgerstube für Gastroanlässe: bis 60 Personen;9.4277641;47.3202708;Sägehüslistrasse 13;9050;Appenzell Steinegg ;+41 71 788 09 81;info@gustarium.ch;https://www.gustarium.ch/;[{'@type': 'ImageObject', 'contentUrl': 'https://alarpimtsoch.sos-ch-dk-2.exoscale-cdn.com/catalog/3/7/1/e/371ea78ef7c2bc2b865564258705212be5c7c7ed_2023_07_05_breitenmoser_0618.jpg'}];2026-07-10T15:51:17+02:00
76b57f7a-bfb4-48c1-b654-ade818c25452;Ferienwohnung Schwantlernegg;Gemütliche und charmante 3.5-Zimmer-Wohnung am malerischen Dorfrand von Gais.;<p>Zentral gelegen und nur etwa 5 Gehminuten vom Bahnhof entfernt. Ruhig und ohne Durchgangsverkehr, mit atemberaubendem Blick auf den Alpstein und den S&auml;ntis. Wir sind eine kleine Familie, die ihre eigene Einliegerwohnung f&uuml;r Ferieng&auml;ste vermietet. Gais, auf rund 950 m.&uuml;.M., ist ein Paradies f&uuml;r Wanderfreunde und sanften Tourismus. Egal ob zu Fuss oder mit dem Fahrrad, die Region bietet unz&auml;hlige M&ouml;glichkeiten, die wundersch&ouml;ne Natur zu entdecken. Die lokale Gastronomie verw&ouml;hnt Sie mit einer breiten Palette von gutb&uuml;rgerlicher K&uuml;che bis hin zu Gourmet-Restaurants. <br>Mindestaufenthalt: 3 N&auml;chte</p><h4>Hier gilt die&nbsp;<a href="https://www.appenzell.ch/de/unterkunft/appenzeller-ferienkarte.html">Appenzeller Ferienkarte</a></h4>;9.4592104;47.3663767;Schwantlernegg 26;9056;Gais;+41 79 628 16 85;fam.schefer@bluewin.ch;[{'@type': 'ImageObject', 'contentUrl': 'https://alarpimtsoch.sos-ch-dk-2.exoscale-cdn.com/catalog/9/0/0/b/900b13418c95a9738773ee5430646c2ec92615ca_IMG_2487.jpeg'}];2026-09-03T13:11:47+02:00
76f90407-2d46-40f7-9e11-06eedead7ed0;Gästezimmer im «Anna Zürcher Haus»;Helle, heimelige und grosszügige Gästezimmer in renoviertem, denkmalgeschütztem Bauernhaus im Dorfzentrum von Gais.;<p>Diverse Einkaufsm&ouml;glichkeiten in Gehdistanz. Zu Fuss zum Bahnhof Gais in nur 10 Minuten.</p><p>Die G&auml;stezimmer verf&uuml;gen &uuml;ber ein privates Badezimmer (Dusche/Toilette). Eine voll ausgestattete K&uuml;che sowie Waschmaschine/Tumbler d&uuml;rfen mitbenutzt werden.</p><p>Wander- und Spazierwege sowie Bikerouten starten direkt vor dem Haus. Die Langlaufloipe liegt in 10 Minuten Fussdistanz (N&auml;he Bahnhof Gais). Mehrere Kinderspielpl&auml;tze sowie eine Badi (inkl. Parkpl&auml;tze) liegen in der N&auml;he.</p><div class="ce_text block"><p><strong>Infrastruktur</strong></p><ul><li>K&uuml;che mit Geschirrsp&uuml;ler, K&uuml;hlschrank, Backofen und Steamer</li><li>Wohnzimmer</li><li>Essraum</li><li>Dusche und WC</li><li>Waschmaschine und Tumbler</li><li>Zwei Schlafzimmer mit zwei Doppelbetten (es k&ouml;nnen zus&auml;tzliche Betten aufgestellt werden)</li><li>WLAN</li><li>Gartensitzplatz</li><li>Bett-, K&uuml;chen- und Frotteew&auml;sche vorhanden</li></ul></div><p><strong>Kosten</strong></p><ul><li class="MsoNormal">Doppelzimmer in Einzelbenutzung (1 Person) pro Nacht: CHF 80.-</li><li class="MsoNormal">Doppelzimmer (2 Personen) pro Nacht: CHF 130.-</li><li>Kurtaxen und Endreinigung inbegriffen</li></ul><p><strong>Hinweise</strong></p><ul><li>Haustiere nicht erlaubt</li><li>Mindestaufenthalt zwei N&auml;chte</li><li>keine Parkpl&auml;tze vor dem Haus vorhanden, &ouml;ffentliche Parkpl&auml;tze in 3 Minuten Gehdistanz</li></ul><h4>Hier gilt die&nbsp;<a href="https://www.appenzell.ch/de/unterkunft/appenzeller-ferienkarte.html">Appenzeller Ferienkarte</a></h4>;9.4569275;47.3638146;Schwantlern 23;9056;Gais;+41 79 207 77 06;chantal_loepfe@gmx.ch;[{'@type': 'ImageObject', 'contentUrl': 'https://alarpimtsoch.sos-ch-dk-2.exoscale-cdn.com/catalog/8/7/0/2/870221373d14ab3f056eed0920812a5b459d2c43_7.jpg'}];2026-09-03T14:04:34+02:00
77b205b7-a834-4ef8-a88d-5ef67e21fad9;Feuerstelle Chräg;<p>Die Feuerstelle liegt in einem kleinen Waldst&uuml;ck umgeben von Wiesen mit Aussicht aufs Dorf Urn&auml;sch. Die Feuerstelle l&auml;sst sich vom Dorf aus zu Fuss in 30 Minuten gut erreichen. Alternativ sind Parkpl&auml;tze beim B&uuml;rgerheim Chr&auml;g vorhanden.</p><p>Vorhanden ist: </p><ul><li>Feuerstelle mit Rost und Sitzb&auml;nke</li><li>Kinderb&auml;nkli mit Tisch</li><li>Brennholz</li><li>Abfallbeh&auml;lter</li></ul>;9.288908243179323;47.30925929873218;Dorfplatz 1;9107;Urnäsch;+41 71 364 26 40;praesident_verkehrsvereinurnaesch@protonmail.com;[{'@type': 'ImageObject', 'contentUrl': 'https://alarpimtsoch.sos-ch-dk-2.exoscale-cdn.com/catalog/3/f/9/7/3f971af8e04ef807e1d8601408dfbc0e8fab988c_Chr__g_1.JPG'}];2026-07-31T13:34:40+02:00
77b71786-4778-41c9-afa5-3792d1fb0138;Werkzeugstation - Kasernenstrasse Herisau;Vollausgestattete Werkzeugstation beim Werkhof Heiden.;Diese vollausgestattete Werkzeugstation beim Werkhof Heiden verfügt über eine Velopumpe, verschiedene Schraubenzieher, Schlüssel und Plättchen für den Reifenwechsel.

Sie befindet sich direkt vor dem Gebäude des Amtes für Umwelt.;9.282588958740236;47.38640333463285;Kasernenstrasse 17A;9100;Herisau;[{'@type': 'ImageObject', 'contentUrl': 'https://alarpimtsoch.sos-ch-dk-2.exoscale-cdn.com/catalog/8/d/b/a/8dba1f3372c258641d7996c7807c54e57cb2699d__DSC0647.JPG'}];2025-05-16T05:21:05+02:00
78fc34b7-92e2-49c5-ab35-2fc844bdf0c9;Appenzeller Bahnen - Gruppenangebote;Planen Sie einen Team-, Vereins- oder Familienausflug? Dann haben wir die passenden Gruppenangebote mit dem Zug im Appenzellerland für Sie!;<b>Geschichte und Tradition</b> 
Starten Sie den unvergesslichen Tag in Altstätten Stadt oder in Gais mit einer Fahrt in der Zahnradbahn. Wahlweise erhalten Sie bei Ihrem Programm einen Einblick in die Geschichte der Sperre Stoss oder erleben das Handwerk der Weissküferei &amp; Drechslerei. Ein Apéro und/oder ein Mittagessen/Nachtessen runden den Tag gelungen ab. 
<a href="https://appenzellerbahnen.ch/de/erlebnisangebote/gruppenangebote/gruppenausfluege-altstaetten-gais.html" target="_blank" title="HTML Code Generator">Weitere Informationen zum Angebot Geschichte und Tradition</a> 

<b>Erlebnisrundfahrt</b> 
«Emol rondom» - mit zwei Bergbahnen und einem Schiff durch das Appenzeller Vorderland. Mit der Bergbahn der Appenzeller Bahnen fahren Sie mit einem atemberaubenden Ausblick auf den Bodensee von Rorschach hinauf ins schöne Biedermeierdorf Heiden. Nach dem Mittagessen reisen Sie von Heiden mit dem eigenen Car oder dem öffentlichen Postauto zur Aussichtsterrasse Walzenhausen. Als weiteres Highlight folgt die Talfahrt mit der Zahnradbahn von Walzenhausen nach Rheineck. Anschliessend haben Sie bei einer gemütlichen Schifffahrt auf dem alten Rhein Zeit, die schöne Landschaft zu geniessen, bevor der Halbtagesausflug in Rorschach endet. 
<a href="https://appenzellerbahnen.ch/de/erlebnisangebote/gruppenangebote/erlebnisrundfahrt.html" target="_blank" title="HTML Code Generator">Weitere Informationen zur Erlebnisrundfahrt</a> 

<b>Emol Querdöre – eine Erlebnisfahrt durch das Appenzellerland</b> 
In Gossau startend führt Sie die Fahrt mit den Appenzeller Bahnen nach Appenzell, wo Sie eine Dorfführung durch das heimelige Dorf erleben. Wahlweise kann auch eine Dorfführung in Gais gebucht werden. Im Gasthof zum Hirschen in Gais kommen Sie in den Genuss eines köstlichen Mittagessens. Nach einer Fahrt mit der Zahnradbahn ins Rheintal, lassen Sie den Tag bei einem gemütlichen Spaziergang durch die Marktgasse Altstättens und einer süssen Verführung ausklingen. Die Reise wird auch in entgegengesetzter Richtung mit Start in Altstätten Stadt angeboten. <a href="https://appenzellerbahnen.ch/de/erlebnisangebote/gruppenangebote/emol-querdoere.html" target="_blank" title="HTML Code Generator">Weitere Informationen zum Gruppenangebot Emol Querdöre</a> 

<b>Allgemeine Informationen</b>
Dauer: ca. 5-9 Stunden 
Teilnehmende: Ab 10 Personen 
Kosten: ab CHF 43.00 pro Person;9.282066;47.3927145;St. Gallerstrasse 53;9102;Herisau;+41 71 354 50 60;reisedienst@appenzellerbahnen.ch;https://appenzellerbahnen.ch/de/;[{'@type': 'ImageObject', 'contentUrl': 'https://alarpimtsoch.sos-ch-dk-2.exoscale-cdn.com/catalog/c/8/6/f/c86f7704b4a9e51de60a273f363979549e8174e7_23021_1223.jpg'}];2026-06-10T10:54:38+02:00
7979ce7a-fc30-421a-afdd-6ab3347440ce;Werkzeugstation - Speicher Bahnhof;Praktische Werkzeugstation mit verschiedenen Schraubenziehern und Schlüsseln.;Die Werkzeugstation befindet sich beim Veloständer neben dem Bahnhofgebäude in Speicher auf der Seite Trogen.;9.443086981773378;47.41078060541116;Hauptstrasse 21;9042;Speicher;[{'@type': 'ImageObject', 'contentUrl': 'https://alarpimtsoch.sos-ch-dk-2.exoscale-cdn.com/catalog/7/1/d/6/71d67d5dfac98cdea446d7220009c7af8577a3cc__DSC0628.JPG'}];2025-05-16T04:55:22+02:00
79db15cb-da93-4f43-99be-f01dcf967426;A.Vogel Heilpflanzen-Schaugarten und Museum;Das 2024 neu gestaltete Museum sowie die A.Vogel Drogerie bieten weitere Einblicke in die Welt des A. Vogels.;Ein Naturerlebnis für alle Sinne erwartet die Besucherinnen und Besucher auf rund 1000 Metern ü.M., umgeben vom herrlichen Panorama des Alpsteins und eingebettet in die sanften grünen Hügel des Appenzellerlands. 
Im terrassenförmig angelegten, frei zugänglichen A.Vogel Schaugarten auf dem Hätschen in Teufen AR gedeihen rund 120 verschiedene Heil- und Küchenkräuter. 
Das 2024 neu gestaltete Museum erzählt die Geschichte von Naturheilkunde-Pionier Alfred Vogel bis zu den modernen Herstellungsprozessen im Unternehmen A.Vogel heute.
In der Drogerie kann man sich über alle A.Vogel Produkte informieren und kompetent beraten lassen.
Die Welt von A.Vogel in Teufen: ideal als Tagesausflug, Club-Event, Firmen- oder Vereinsanlass und vieles mehr.;9.3893398;47.3957654;Hätschen ;9053;Teufen;+41 71 335 66 11;team@gesundheitszentrum-avogel.ch;https://www.avogel.ch/de/;[{'@type': 'ImageObject', 'contentUrl': 'https://alarpimtsoch.sos-ch-dk-2.exoscale-cdn.com/catalog/2/0/0/d/200d1679c67bc61d2e9213abd8ad72f0cfc006b2__P0B0801__2.jpg'}];2026-06-10T10:54:38+02:00
7a165f8c-5f4b-44d1-bf93-630a5393e54f;Ferienhaus Fromsenrüti;Sorgfältig renoviertes, typisches Appenzellerhaus, alleinstehend auf 927 Meter über Meer mit einer tollen Aussicht auf die Bucht von Bregenz und die Berge.;Zwei Schlafzimmer, Appenzeller Stube und Essküche sind liebevoll möbliert. Herzlich willkommen und geniessen Sie unbeschwerte Tage im Appenzeller Vorderland. 

Preis pro Woche:
CHF 1100.00, inklusive Wäsche und Endreinigung;9.579260000000001;47.4436726;9428;Walzenhausen;+41 33 823 35 61;maret.hess@bluewin.ch;http://xn--fromsenrti-heb.ch/;[{'@type': 'ImageObject', 'contentUrl': 'https://alarpimtsoch.sos-ch-dk-2.exoscale-cdn.com/catalog/0/c/0/3/0c03a5c65c2a6c826c7e41e3d0f243447c6503fd_DJI_0337__2.JPG'}];2026-08-07T15:45:40+02:00
7a2915cd-9805-4ffe-9dae-3a2cba3f85ba;Feuerstelle Rosenburg;2 Feuerstellen inmitten historischer Ruinen;<p>Ausstattung</p><ul><li>Brennholz vorhanden</li><li>Rost vorhanden</li><li>F&uuml;r Gruppe geeignet</li><li>2 Feuerstellen mit je 20 Sitzpl&auml;tzen</li><li>Spielm&ouml;glichkeiten</li><li>Spielwiese</li><li>Abfallentsorgung vorhanden</li></ul><p>Parkplatz: Blaue Zone, 5 Minuten Gehzeit<br>&Ouml;V Haltestelle Herisau Bahnhof, 15 min Gehzeit<br>Kinderwagentauglich</p>;9.28217054093635;47.396518908859555;Poststrasse 6;9102;Herisau;+41 71 354 54 54;https://www.herisau.ch/;[{'@type': 'ImageObject', 'contentUrl': 'https://alarpimtsoch.sos-ch-dk-2.exoscale-cdn.com/catalog/0/b/5/f/0b5ff581c4a3b602a449d983c881c0ac35e61349_DJI_20260623133953_0043_D.JPG'}];2026-07-31T13:46:35+02:00
7a78c4c8-3054-4934-a924-19620dabcfd4;Sato Code Herisau; Der Escape Room ohne Grenzen, quer durchs Dorf Herisau. ;<p><span style="background-color: rgb(255, 255, 255); color: rgb(78, 71, 67);">Versteckte Hinweise, geheime Objekte und geteilte Informationen – genau wie in einem klassischen Escape Room, aber mit dem Vorteil, dass ich Herisau richtig erlebt.</span></p><p><span style="background-color: rgb(255, 255, 255); color: rgb(78, 71, 67);">Das Spiel findet komplett draussen statt, im Herzen des Dorfs. Jeder Winkel birgt ein Geheimnis. Jedes Rätsel bringt uns der Wahrheit näher. Gemeinsam entwirrt ihr eine verborgende Geschichte und entdeckt die mysteriöse Seite von Herisau. Wie im «The Da Vinci Code» – und ihr seid die Hauptfiguren. Trefft die richtige Entscheidung, wählt den richtigen Verbündeten und lasst das Spiel beginnen...</span></p><p><span style="background-color: rgb(255, 255, 255); color: rgb(78, 71, 67);">Der Start ist jederzeit möglich, an jedem Tag. Einfach Ticket kaufen, zum Startpunkt gehen und die Sato-Code-App öffnen. Das Spiel bietet zwei Schwierigkeitsstufen und ist eine völlig neue Art, eine Stadt oder ein Dorf zu entdecken – perfekt für alle, die Spannung, Teamwork und unerwartete Wendungen lieben.</span></p>;9.2773223;47.3900655;Bahnhofplatz 9;9100;Herisau;+41 79 617 85 41;hello@sato-code.com;https://www.sato-code.com/de;[{'@type': 'ImageObject', 'contentUrl': 'https://alarpimtsoch.sos-ch-dk-2.exoscale-cdn.com/catalog/9/4/1/a/941a3ba33b5b5461a988aa0baa8ebda3fefc5eb8_OmegaCodex0__2_.png'}];2026-06-10T10:54:38+02:00
7bcf4ffc-eb85-4b0b-bbdc-b0c65c08e451;Kronberg Luftseilbahn / Bobbahn / Zipline-Park / Märliwelt;Der Kronberg bietet krönende Erlebnisse: Auf dem Berg erwartet dich ein Berggasthaus mit feiner Küche und ein Ausgangsort für Wanderungen oder der längste Schlittelweg der Ostschweiz. Im Tal lädt ein Zipline-Park, eine Märliwelt mit Kugelpark und eine Bobbahn zum Verweilen ein.;<p>Der Kronberg begeistert mit krönenden Erlebnissen im Takt der Natur auf dem Berg und im Tal: Auf dem Berg lädt das Berggasthaus mit Sonnenterrasse zum «höckle ond gnüsse» ein – mit dem atemberaubenden 360-Grad-Panorama vom Alpsteinmassiv bis zum Bodensee. Im Sommer gibt es diverse Wege für abwechslungsreiche Wanderungen. Knifflige Rätsel und viel Abwechslung bieten die zwei Rätselwege. Im Winter lockt der längste Schlittelweg der Ostschweiz. Auch im Tal bieten wir mit der Bobbahn, der Märliwelt mit Kugelpark und dem Zipline-Park ein unvergessliches Erlebnis. Auf der Bobbahn heisst es freie Fahrt für rasanten Spass! In der Märliwelt begleiten Arnika und Jacobi durch ihre Welt voller märchenhafter Abenteuer mit Wasser und Sand bis hin zu luftigen Kletterhöhen. Staunende Kinderaugen sind hier garantiert! Und wer noch etwas mehr Action will, dem raten wir zu Nervenkitzel auf dem Zipline-Park. Neben dem integrierten Seilpark sorgen 25 Ziplines mit insgesamt 1210 Metern Länge für Abwechslung und rasanten Spass. Planst du einen Ausflug mit einer Gruppe? Suchst du dabei etwas Spezielles? Auf die Preise der Luftseilbahn, der Bobbahn, des Zipline-Parks und der Märliwelt gewähren wir Gruppen ab 10 Personen 20% Rabatt auf alle Einzel-Eintrittspreise.</p>;9.32832;47.3198528;St. Josefstrasse 2;9108;Jakobsbad;+41717941289;info@kronberg.ch;https://www.kronberg.ch;[{'@type': 'ImageObject', 'contentUrl': 'https://alarpimtsoch.sos-ch-dk-2.exoscale-cdn.com/catalog/0/e/f/6/0ef65ea84aea0c79de815ccb8bb95ad3ba188fdf_Kronberg_Key_Visual_beschnitten_RGB.jpg', 'caption': {'de': 'Spiel und Spass im Zipline-Park'}}];2026-06-10T10:54:38+02:00
7c25a025-3926-4ab3-a88c-487994e36a04;Ferienhaus Hörli;Schönes Ferienhaus für bis zu 8 Personen in ruhigster Natur hoch über dem Neckertal. Fantastische Sonnenuntergänge und Sauna inklusive.;Das "Hörli" ist bereits anno 1655 erbaut worden und wurde damals noch als bescheidener Ziegenstall genutzt. Seit dieser Zeit hat sich einiges getan und die Liegenschaft ist gewachsen und, bis auf die ortstypische Raumhöhe von teils weniger als 2 Metern, modern geworden. 

Nach einer kompletten Renovation im Jahr 2014 bietet das Haus alle Annehmlichkeiten, die den Urlaub abseits von Hektik und Alltagsstress zu einem einzigartigen Erlebnis machen.

Nach dem Winterspaziergang zum Hochhamm oder beim Skifahren mit den Kindern am Skilift Hörnli (welcher sich in Gehdistanz befindet) können Sie sich in der Sauna aufwärmen. Eine moderne Küche ermöglicht anschliessend einen gemütlichen Fondue-Abend in der warmen Stube, aber auch für anspruchsvollere Menüs ist die Ausstattung vorhanden.

Im Sommer lädt der Garten zum Sonnen ein. Autos und Fussgänger lassen sich während dem Tag an einer Hand abzählen. Auch aktive Tage auf dem Bike oder bei einer Wanderung im Appenzellerland können mit Grillieren an der Feuerschale und einem einmaligen Sonnenuntergang abgeschlossen werden.;9.210990071296694;47.30885959988185;Schwandstrasse 24;9633;Bächli (Hemberg);+41794341310;kevin.signer@hotmail.ch;https://www.hoerli.ch;[{'@type': 'ImageObject', 'contentUrl': 'https://alarpimtsoch.sos-ch-dk-2.exoscale-cdn.com/catalog/9/4/9/7/94976a19e3d957b510a47dad2a1aa62fe87d2802_FerienhausH__rli.jpg', 'caption': {'de': 'Ferienhaus Hörli'}}];2026-08-07T15:45:40+02:00
7c6ed12e-e64d-4999-a47b-12b9de8506ad;Gemütliches Ferienhaus im Appenzellerland;Das Ferienhaus Niederberger ist eingebettet ins Appenzeller Mittelland mit herrlichem Blick auf das Dorf  Teufen und den Säntis.;<p>Dieses Haus eignet sich bestens für Familienferien oder kleinere Gruppen. Insgesamt stehen 6 Schlafzimmer für max. 14 Personen zur Verfügung. Der riesige Umschwung gibt Kindern genügend Platz zum Austoben. Im nahen Wald können Hütten gebaut werden und vieles mehr... Ein Teil des Hauses ist komplett neu umgebaut. Die Wohnküche, das Wohnzimmer mit Specksteinofen und das Badezimmer ist neuwertig. Im Dachgeschoss befinden sich noch Schlafzimmer, welche eher einfach eingerichtet sind, jedoch auch ihren Charme haben. Die Lage des Hauses ist optimal, da in wenigen Minuten die Stadt St. Gallen oder Appenzell erreicht werden kann sowohl auch diverse Ausflüge in die Berge nahe gelegen sind.<br>Mindestaufenthalt: 1 Woche</p>;9.413660400000001;47.4018678;Tobel 979;9053;Teufen;+41 71 988 45 89;thurimmobilien@bluewin.ch;[{'@type': 'ImageObject', 'contentUrl': 'https://alarpimtsoch.sos-ch-dk-2.exoscale-cdn.com/catalog/c/6/8/b/c68b07233cd716adbdef9ed6cd9c39728562958f_FeWo_Niederberger.jpg'}];2026-08-07T15:45:40+02:00
7df300a0-f61e-417b-ab87-ea7006688336;Sunehus Lustmühle - Hotpot;Ausspannen und sich Gutes tun – warum nicht Champagner im Hotpot? Geniessen Sie ein wohliges Sprudelvergnügen auf der Hügelkuppe mit freier Sicht auf den Alpstein.;Wer ausspannen und sich etwas Gutes tun möchte, verbringt wohlige Stunden im Hotpot und geniesst dabei die freie Sicht auf den Alpstein. Das Sprudelvergnügen lässt sich perfekt mit einer Übernachtung im Studio Sunehus kombinieren. Und für Sprudel ist nicht nur im Bad gesorgt, eine Flasche Prosecco verwöhnt auch noch prickelnd den Gaumen. Bei jedem Wetter möglich. Pro Tag ist eine Buchung mit maximal 5 Personen möglich.

Die Uhrzeit kann nach der Buchung telefonisch vereinbart werden.;9.355577230453493;47.39654913329844;Lindenstrasse 9;9062;Lustmühle;+41 76 523 26 61;stephen@zeitreisen.ch;http://sunehus.ch;[{'@type': 'ImageObject', 'contentUrl': 'https://alarpimtsoch.sos-ch-dk-2.exoscale-cdn.com/catalog/2/1/1/3/2113d6eb983127f5b36867eed82b6a5cd3bd7e17_lustm__hle_hotpot__3_.jpg'}];2026-06-10T10:54:38+02:00
8256b146-c7a0-4185-a79b-777fae191ca0;Erlebnis Waldegg - Erlebnisse;Die Erlebnisegge des Appenzellerlandes mit Erlebnisrestaurants, Holzofenbäckerei «Ziträdli», das Schulzimmer «Tintelompe», und vielen weiteren Erlebnissen;Mitten im Wandergebiet St. Gallen - Teufen, mit Blick auf den Säntis, liegt das Erlebnis Waldegg mit seinen besonderen Erlebnissen. 

In den Erlebnisrestaurants tauchen die Besucher in verschiedene Welten ein: In Grossmutter's Bauernhaus «Schnuggebock» in die Welt der vergangenen, gemütlichen Stuben; in der Holzofenbäckerei «Ziträdli» in die Welt von geröstetem Kaffee und duftendem Holzofenbrot; das Schulzimmer «Tintelompe» entführt Gruppen in die Schulatmosphäre ihrer Grosseltern. Im «Waldeggmandli» werden auch die Kleinsten verwöhnt - Spielplatz, Streichelzoo und mehr.  

Geniessen Sie Ihren Apéro auf eine etwas andere Weise als gewohnt. Entdecken Sie den unverkennbaren Geist der Waldegg und lernen Sie das Appenzellerland mit seinem unvergleichlichen Brauchtum und Handwerk kennen. Lassen Sie sich vom Duft der Holzofenbäckerei verlocken oder drücken Sie die Schulbank wie anno dazumal.

Gruppenangebote: Schule wie anno dazumal, Führung, Apéros, Biber backen, Schaukäsen, Waldegg-Gaudi, Jodelkurse und vieles mehr
Dauer: Je nach Angebot
Teilnehmer: meiste Angebote ab 10 Personen
Kosten: Variieren je nach Angebot;9.4106039;47.4027945;Waldeggstrasse 977;9053;Teufen;+41 71 333 12 30;esther.eugster@waldegg.ch;https://www.waldegg.ch/gruppenangebote;[{'@type': 'ImageObject', 'contentUrl': 'https://alarpimtsoch.sos-ch-dk-2.exoscale-cdn.com/catalog/1/d/5/3/1d5348291eb62552069b81a8b570ec6987d46215_DSC_5432.jpg'}];2026-07-10T15:50:51+02:00
8258f50f-f3f3-4506-a92a-1e280915cd6e;Museum Appenzeller Bahnen;Historische Fahrzeuge, Gegenstände aus dem früheren Alltag der Eisenbahn und wechselnde Dokumentations-Ausstellungen. ;<p>Im historischen Fahrzeug-Depot der ehemaligen S&auml;ntisbahn in Wasserauen sind historische Fahrzeuge aus der umfangreichen Sammlung der Stiftung &bdquo;Historische Appenzeller Bahnen&ldquo; ausgestellt. Darunter der einzige schmalspurige diesel-elektrische Schmalspur-Triebwagen der Schweiz von 1929 in seinem Originalzustand.</p><p>Gezeigt werden aber auch zahlreiche Gegenst&auml;nde aus dem fr&uuml;heren Alltag der Eisenbahn und ihrer Mitarbeiter, eine Dokumentation &uuml;ber die einst geplante Bahn von Appenzell &uuml;ber Wasserauen &ndash; Seealpsee &ndash; Meglisalp auf den S&auml;ntis sowie periodisch wechselnde Dokumentations-Ausstellungen zu Themen aus der langen appenzellischen Bahngeschichten, aktuell &uuml;ber die Geschichte(n) der Bahnh&ouml;fe.</p><p>Das Museum befindet sich im historischen Fahrzeug-Depot der ehemaligen S&auml;ntisbahn in Wasserauen.</p>;9.428258;47.285540;Station Wasserauen ;9057;Wasserauen;+41 79 442 85 06;georg.winkelmann@greenmail.ch;https://www.museumsverein-appenzeller-bahnen.ch/home-bahnmuseum.html;[{'@type': 'ImageObject', 'contentUrl': 'https://alarpimtsoch.sos-ch-dk-2.exoscale-cdn.com/catalog/1/4/8/0/14806798bb8fb6cb1343779dcfe29b5d0853d6c7_museum_appenzeller_bahnen_6.jpg'}];2026-06-10T10:54:38+02:00
82633455-0386-4ea5-8c43-fe4f0924730b;Wohlfühlhof Neuhus;Ferien auf dem Wohlfühlhof Neuhus in Urnäsch AR
Idylle und Erholung auf 1'030 m.ü.M.
Geniessen Sie eine Auszeit in unserer liebevoll eingerichteten 2,5-Zimmer-Familienwohnung, eingebettet in die Natur des Appenzellerlands. Unser Bauernhof bietet den perfekten Ort, um dem Alltag zu entfliehen, tief durchzuatmen und die Seele baumeln zu lassen.;<p>Ihr R&uuml;ckzugsort in den H&uuml;geln des Appenzeller Hinterlands:&nbsp;Unsere Ferienwohnung bietet:</p><ul><li>Eine grossz&uuml;gige, helle 2,5-Zimmer-Wohnung mit Wohnk&uuml;che, Schlafzimmer, Nebenraum und grossem Badezimmer</li><li>Eine abgeschiedene Lage in einem idyllischen H&uuml;gel-T&auml;lchen &ndash; Ruhe garantiert</li><li>Viel Platz f&uuml;r Familien, die gemeinsame Momente geniessen und die Natur erleben m&ouml;chten</li></ul><p>Ruhe und Erleben &ndash; das Beste aus zwei Welten&nbsp;<br>Erleben Sie die Stille und Gelassenheit der Bergwelt, w&auml;hrend Sie das Leben auf einem Bauernhof hautnah miterleben:</p><ul><li>Abschalten in der Natur: Kein Strassenl&auml;rm, nur Vogelgezwitscher und das leise Muhen der K&uuml;he</li><li>Mithelfen im Stall: Wer Lust hat, kann jeweils abends beim F&uuml;ttern und Versorgen der Tiere helfen</li><li>Kindertr&auml;ume wahr werden lassen: Platz zum Spielen, Entdecken und einfach Kind sein</li><li>Zeit f&uuml;r Sie &ndash; oder f&uuml;r Abenteuer</li></ul><p>Ob Sie einfach entspannen oder die Umgebung erkunden m&ouml;chten: Der Wanderweg startet direkt vor der Haust&uuml;r</p><p>Jetzt buchen und abschalten! Alle freien Daten und weitere Infos finden Sie auf unserer Website: www.wohlfuehlhof-neuhus.ch</p><p>Wir freuen uns darauf, Sie bei uns willkommen zu heissen und Ihnen einen Ort der Ruhe und Erholung zu bieten!</p>;9.32244122028351;47.33291497436471;Neuhus 510;9107 ;Urnäsch;+41 79 356 26 60;info@wohlfuehlhof-neuhus.ch;https://www.wohlfuehlhof-neuhus.ch/;[{'@type': 'ImageObject', 'contentUrl': 'https://alarpimtsoch.sos-ch-dk-2.exoscale-cdn.com/catalog/9/0/7/d/907d505b833174643985769136aedbf94eb0d1ca_Neuhus08.jpg'}];2026-07-10T15:51:27+02:00
827150c6-669b-411d-be82-4983a8503c1d;Feuerstelle Bubenstieg;9.2392533;47.357767;Dorf 50;9103;Schwellbrunn;+41 71 353 38 00;gemeinde@schwellbrunn.ar.ch;https://www.schwellbrunn.ch/;[{'@type': 'ImageObject', 'contentUrl': 'https://alarpimtsoch.sos-ch-dk-2.exoscale-cdn.com/catalog/3/8/c/6/38c64a830ff0b4974f1ce37aebcbeae64cedc85c_Feuerstelle.jpg'}];2026-08-25T02:40:29+02:00
827f2f2f-5255-472c-8752-519be2ef6e66;Feuerstelle Waldpark;9.5225253;47.4484958;9410;Heiden;https://www.kurvereinheiden.ch/;[{'@type': 'ImageObject', 'contentUrl': 'https://alarpimtsoch.sos-ch-dk-2.exoscale-cdn.com/catalog/1/f/4/3/1f43f4891e0bbe55c2e2d14f20f0156e5f3550d5_08_2020_heiden_waldpark__2_.jpg'}];2026-08-25T02:40:31+02:00
82de4139-5527-4fec-9953-7826ac55ae98;Berg-Käserei Gais AG;Die Berg-Käserei Gais liegt auf 950 m.ü.M eingebettet im hügeligen Appenzellerland und hat einen eigenen Direktverkauf.;<p>Die Berg-K&auml;serei hat je nach Saison bis zu 12 Mitarbeitende und verarbeitet t&auml;glich 50'000 bis 60&rsquo;000 kg feinste Appenzeller Bergmilch zu verschiedenen Halbhart- und Bergk&auml;se-Spezialit&auml;ten sowie zu Raclettek&auml;se. Den Rohstoff dazu liefern rund 60 Milchlieferanten aus dem Appenzellerland, welche im Rahmen ihres QM-Systems j&auml;hrlich auf den H&ouml;fen besucht werden. Somit sind der K&auml;serei die Bauernfamilien, ihre Milchproduktionsbetriebe und die Milchqualit&auml;t bestens bekannt. Umweltbewusste Produktion und die Herstellung hochwertiger Qualit&auml;tsk&auml;se pr&auml;gen die Berg-K&auml;serei Gais. Deshalb wird ausschliesslich Bergmilch aus dem Berggebiet des Appenzellerlandes verarbeitet.</p><p>Der Verkaufsladen befindet sich direkt in der Berg-K&auml;serei in Gais und ist wie folgt ge&ouml;ffnet:</p><ul><li>Freitag: 09.00&nbsp;<span style="font-size: 11.0pt; mso-bidi-font-size: 12.0pt; line-height: 115%; font-family: 'Arial',sans-serif; mso-fareast-font-family: Aptos; mso-fareast-theme-font: minor-latin; mso-ansi-language: DE-CH; mso-fareast-language: EN-US; mso-bidi-language: AR-SA;">&ndash;</span> 11.30 Uhr / 13.30 <span style="font-size: 11.0pt; mso-bidi-font-size: 12.0pt; line-height: 115%; font-family: 'Arial',sans-serif; mso-fareast-font-family: Aptos; mso-fareast-theme-font: minor-latin; mso-ansi-language: DE-CH; mso-fareast-language: EN-US; mso-bidi-language: AR-SA;">&ndash; </span>19.00 Uhr</li><li>Samstag: 07.30&nbsp;<span style="font-size: 11.0pt; mso-bidi-font-size: 12.0pt; line-height: 115%; font-family: 'Arial',sans-serif; mso-fareast-font-family: Aptos; mso-fareast-theme-font: minor-latin; mso-ansi-language: DE-CH; mso-fareast-language: EN-US; mso-bidi-language: AR-SA;">&ndash; </span>12.00 Uhr</li></ul>;9.4488289;47.357302;Forren 22;9056;Gais;+41 71 793 37 33;gais@bergkaeserei.ch;https://www.bergkaeserei.ch/index.php;[{'@type': 'ImageObject', 'contentUrl': 'https://alarpimtsoch.sos-ch-dk-2.exoscale-cdn.com/catalog/9/c/9/8/9c98760e49a84eda57b7776c42244ef8a4f5889e_04_Rustico_Nostrano_2.jpg'}];2026-08-25T02:40:36+02:00
83570fc3-1673-4be6-a86a-6ada54584ec7;Feuerstelle Eichenbach;Die Feuerstelle befindet sich 600 Meter östlich der Sonderstrasse beim Einlenker Högli. Sie liegt auf 737 m ü. M. im Wald, direkt am Wasser und an schattiger Lage. Zudem befindet sie sich unmittelbar an der Route 977 des Witzwanderwegs zwischen Heiden, Wolfhalden und Walzenhausen.;<p>Vorhanden ist:&nbsp;</p><ul><li>Brennholz&nbsp;</li><li>Abfallentsorgung&nbsp;</li><li>Trinkwasser (Brunnen mit Quellwasser)&nbsp;</li><li>andere Wasserquellen (kein Trinkwasser)</li><li>WC (bitte sauber hinterlassen)</li></ul><p>Die Feuerstelle wurde gesponsert von der Raiffeisenbank.&nbsp;</p>;9.586515426635744;47.44775315062366;Dorf 36;9427;Wolfhalden;+41 71 898 82 82;gemeinde@wolfhalden.ar.ch;https://www.wolfhalden.ch/;[{'@type': 'ImageObject', 'contentUrl': 'https://alarpimtsoch.sos-ch-dk-2.exoscale-cdn.com/catalog/1/f/9/0/1f9003e6459fb82c7d07fc4f27e5fd1bb0ee9219_Eichenbach.jpeg'}];2026-08-25T02:40:44+02:00
8407b4cb-0526-4697-a0b8-ec9d042626a7;Feuerstelle Walderlebnisraum;9.4974409;47.3545292;Schulhausstrasse 1;9056;Gais;+41 71 791 80 81;gemeinde@gais.ar.ch;https://www.gais.ch/portal-gemeinde-tourismus.html;[{'@type': 'ImageObject', 'contentUrl': 'https://alarpimtsoch.sos-ch-dk-2.exoscale-cdn.com/catalog/3/e/c/3/3ec3ac2b599bc323d97f1dc814baef70f4d50302_12_2020_gais_walderlebnisraum.JPG'}];2026-08-25T02:40:48+02:00
854d103e-742e-4405-9e8b-da777d376a11;Lillybeizli - Kutschenfahrten;Entdecken Sie das Appenzellerland auf der Kutsche mit Ruedi Biser!;Als gelernter Hufschmied und Landwirt bietet Ruedi Biser interessante, beruhigende und abwechslungsreiche Ausfahrten mit seine Pferden an. Es stehen verschiedene Kutschen, passend zu jedem Anlass, zur Verfügung: 
Der Gesellschaftswagen eignet sich für bis zu 10 Personen für gemütliche Rundfahrten, Transport zu einem Restaurant oder zum gemeinsamen Grillieren.
Ebenso eignet sich diese Wagen perfekt für Ihren massgeschneiderten Anlass, wie Geburtstage, Junggesell(in)enabschiede, Hochzeiten oder einfach für Ihre Liebsten.

Mit der Hochzeitskutsche (Landauer) erleben Sie an Ihrem grossen Tag mit dem schön geschmückten Gespann und der feierlichen Kutsche einen besonderen und einzigartigen Tag - so wird Ihre Hochzeit unvergesslich!;9.273780539738482;47.28439829704859;Mösli 647;9107;Urnäsch;+41 79 782 19 46;biser.ruedi@gmx.ch;https://www.kutschenfahrten-urnaesch.ch/;[{'@type': 'ImageObject', 'contentUrl': 'https://alarpimtsoch.sos-ch-dk-2.exoscale-cdn.com/catalog/5/9/5/8/595893b8cf28f2f55ba93e1638a44608a4388fd8_rb8.jpg'}];2026-06-10T10:54:38+02:00
85e847ff-0c59-44b1-b040-5c20f44b9bee;Ferienwohnung Allegra Appenzell;Kleine, edle Ferienwohnung in Trogen.;<p>Die frischrenovierte Ferienwohnung ist bereit, um Sie herzlich willkommen zu heissen.&nbsp; Trogen ist ein herrlicher, historischer Ort, welcher viele M&ouml;glichkeiten bietet: Bodensee in n&auml;chster N&auml;he, Alpsteingebiet in gleicher N&auml;he. Um Trogen gibt es herrliche Wanderungen mit traumhafter Aussicht &uuml;ber den ganzen Alpenraum: Hohe Buche, G&auml;bris.&nbsp; Die Wohnung ist ideal f&uuml;r 2 Personen, sie bietet aber auch Platz f&uuml;r maximal 4 Personen. Im Wohnzimmer stehen zwei Bettsofas f&uuml;r welche es separate Matratzen gibt.&nbsp;Im Wohnzimmer befindet sich ein Fernseher mit integriertem Radio ab Swisscom Box. Ebenso k&ouml;nnen Sie Netflix gratis benutzen. WLAN ist ebenfalls kostenlos vorhanden. In der abgeschlossenen Garage k&ouml;nnen Sie ihr Auto parkieren.&nbsp;Die Gastgeber freuen sich auf Sie.<br>Mindestaufenthalt: 5 N&auml;chte</p><h4>Hier gilt die&nbsp;<a href="https://www.appenzell.ch/de/unterkunft/appenzeller-ferienkarte.html">Appenzeller Ferienkarte</a></h4>;9.4650334;47.4080647;Hinterdorf 20;9043;Trogen;+41 79 237 63 63;maria.schmid-gadient@bluewin.ch;https://ferien-trogen.ch/;[{'@type': 'ImageObject', 'contentUrl': 'https://alarpimtsoch.sos-ch-dk-2.exoscale-cdn.com/catalog/8/5/3/7/8537c5bcccc3edd7c00e80cedf11054caa19cb5e_trogen_allegra_aussenansicht1.jpg'}];2026-09-03T13:09:43+02:00
865b9f4f-61f2-47f4-bd58-329a8b6e1cfc;Feuerstelle Ramsenburg;9.2521499;47.3883581;Poststrasse 6;9102;Herisau;+41 71 354 54 54;http://www.herisau.ch/de/;[{'@type': 'ImageObject', 'contentUrl': 'https://alarpimtsoch.sos-ch-dk-2.exoscale-cdn.com/catalog/3/4/f/c/34fcd3a638bdced2fd37827901c1aea6c3a4537f_Ramsenburg_oben.JPG'}];2026-08-25T02:41:09+02:00
8680c609-fb0c-4cfe-9812-1cd49a4de10e;Feuerstelle Wasserlehrpfad;9.318637847900392;47.34824433019545;9064;Hundwil;079 444 36 06;praesident@verkehrsvereinhundwil.ch;https://verkehrsvereinhundwil.ch/;[{'@type': 'ImageObject', 'contentUrl': 'https://alarpimtsoch.sos-ch-dk-2.exoscale-cdn.com/catalog/e/a/6/1/ea61211775babfcb65f667688070cc71b45fcebc_04_20_hundwil_wasserlehrpfad_04.JPEG'}];2026-08-25T02:41:11+02:00
86b7df64-ab9f-4384-bc9c-f098b38ace2a;Feuerstelle Klus;Die Feuerstelle befindet sich 1,8 Kilometer südöstlich von Wolfhalden auf 720 m ü. M., in der Region Appenzeller Vorderland. Sie liegt direkt am Klusbach und ist schattig gelegen.;<p>Vorhanden ist:&nbsp;</p><ul><li>Brennholz</li><li>WC</li><li>Rost</li><li>Ein Tisch mit Sitzb&auml;nken bietet Platz, um sich niederzulassen</li></ul>;9.562858343124391;47.444815314939625;Dorf 36;9427;Wolfhalden;+41 71 898 82 82;gemeinde@wolfhalden.ar.ch;https://www.wolfhalden.ch/;[{'@type': 'ImageObject', 'contentUrl': 'https://alarpimtsoch.sos-ch-dk-2.exoscale-cdn.com/catalog/4/9/8/9/498984d63cd9e17b513c3b022195678bace50556_20240625_153648.jpg'}];2026-08-25T02:41:14+02:00
86caaad5-fbd7-484e-bd12-2678edec0504;Werkzeugstation - Schwägalp;Praktische Werkzeugstation mit verschiedenen Schraubenziehern und Schlüsseln.;Die Werkzeugstation befindet sich oberhalb des Hotel Säntis an einem kleineren Gebäude.;9.320021867752077;47.25673666710804;9107;Schwägalp Säntis;[{'@type': 'ImageObject', 'contentUrl': 'https://alarpimtsoch.sos-ch-dk-2.exoscale-cdn.com/catalog/a/e/8/4/ae8434afd3a99064ac789a249dce80113cac6f85_IMG_2276.jpeg'}];2026-08-25T02:41:20+02:00
885f470a-2e85-4368-98a2-00ecf31d1d42;Führung zum Chindlistein Heiden;Wandeln Sie auf den Spuren der Alemannen zum mystischen Chindlistein.;Als Chindlistein (auch Kindlistein oder Tittistein) werden Felsen bezeichnet, mit denen ein Fruchtbarkeitskult verbunden wird. 
Der Chindlistein nahe Heiden übt auf die Menschen seit über 1000 Jahren eine besondere Ausstrahlung und Anziehung aus. Lernen Sie auf einer geführten Wanderung diesen geheimnisvollen Ort und seine Umgebung auf den Spuren unserer Ahnen kennen.

Dauer: 2 bis 3 Stunden
Teilnehmer: max. 25 Personen
Kosten: CHF 230;9.53669;47.44605;Bahnhofplatz 2;9410;Heiden;+41 71 898 33 01;heiden@appenzellerland.ch;[{'@type': 'ImageObject', 'contentUrl': 'https://alarpimtsoch.sos-ch-dk-2.exoscale-cdn.com/catalog/b/2/2/7/b227e12dc4eb11f72ee7399c59822532741a137b_20170328_182104.jpg'}];2026-06-10T10:54:38+02:00
8919643e-f0a9-42e7-b721-c53a56a3f591;Biedermeier - Führung durch Heiden;Dorfführung auf den Spuren des Biedermeier.;<p>Begeben Sie sich auf eine Zeitreise zur&uuml;ck in die 40er Jahre des 19. Jahrhunderts. Erleben Sie einen Gang durch Geschichte und Kultur des Biedermeierdorfes Heiden um 1840. Wieso heisst es &uuml;berhaupt Biedermeierdorf? Was hat es auf sich, mit den dreigeschossigen Walmdachh&auml;usern, den Einzelfenstern und den Dreiecksgiebeln? Dies alles erfahren Sie w&auml;hrend eines aussergew&ouml;hnlichen Rundgangs durch unser Dorf, hoch &uuml;ber dem Bodensee, wo Ihre Begleitperson Sie in einem originalen Biedermeier-Kost&uuml;m durch das Dorf f&uuml;hren wird. Dauer: 1 &ndash; 1.5 Stunden Teilnehmer: max. 25 Personen Kosten: CHF 220.00 (mit Kirchturm CHF 270.00)</p>;9.53669;47.44605;Bahnhofplatz 2;9410;Heiden;+41 71 898 33 01;heiden@appenzellerland.ch;[{'@type': 'ImageObject', 'contentUrl': 'https://alarpimtsoch.sos-ch-dk-2.exoscale-cdn.com/catalog/7/9/8/6/79868bae7b99f0c48954a21862024987e4bd7e50_webimage_B52C1B28_A827_49BA_B7C23BF612FE66EB_1_.jpg'}];2026-06-10T10:54:41+02:00
891f2d78-845a-45ed-a5a6-688a652e4252;Reparatursäule - Steineggwald;TCS Bike repAIR Station;<p>Multifunktionale Reparaturs&auml;ule</p><p>Die S&auml;ule befindet sich auf dem Veloweg<br>zwischen Teufen und Speicher im Steineggwald, in der N&auml;he des Vita-Parcours und des<br>Waldegg-Trails.</p>;9.423291694565124;47.402081971001856;[{'@type': 'ImageObject', 'contentUrl': 'https://alarpimtsoch.sos-ch-dk-2.exoscale-cdn.com/catalog/9/2/3/1/9231c5ad5fefe6118a3705de6a1a8ecd57bc343a_Repair_Station_Teufen_1024x683.jpg'}];2026-08-25T02:41:26+02:00
8a76d9ab-aff4-4ef2-af67-d9401f655134;Gasthaus und Metzgerei Ochsen, Schwellbrunn;Bei uns dreht sich alles ums Essen und Geniessen. Kommen Sie vorbei und überzeugen Sie sich.;Wir sind ein Familienbetrieb mit 15 Mitarbeiterinnen und Mitarbeitern, unter der Leitung von Peter und Annelies Sturzenegger-Frick, in dritter Generation. Seit 80 Jahren betreibt unsere Familie das Metzger-Handwerk mit viel Freude. Unser Geschäft setzt sich zusammen aus drei Fleischfachgeschäften - Schwellbrunn, Waldstatt und Mörschwil - sowie unserem Gasthaus Ochsen in Schwellbrunn.
Unser Gasthaus mit Restaurant und angrenzendem Sääli bietet für ca. 65 Personen Platz. In unserem Restaurant pflegen wir eine neuzeitliche Frischmarktküche mit regionalen Qualitäts- und Markenprodukten. Dank der hauseigenen Metzgerei kennen wir die Herkunft unserer Fleischprodukte genau. Weit herum sind wir bekannt für unsere Spezialitäten. Lassen Sie sich überraschen von den kreativen Kochkünsten unserer Küchencrew.;9.248942999999999;47.3512031;Egg 59;9103;Schwellbrunn;+41 71 351 32 32;info@sturzenegger-metzgerei.ch;https://www.sturzenegger-metzgerei.ch/;[{'@type': 'ImageObject', 'contentUrl': 'https://alarpimtsoch.sos-ch-dk-2.exoscale-cdn.com/catalog/9/0/f/e/90fe6e898d9846b28d945bbf45bae83cfbe47bd4_Ochsen_Schwellbrunn.jpg'}];2026-08-25T02:41:33+02:00
8a8d2d93-3730-4ec1-aabb-628d0f7f8b4b;Motorsäge-Schnitzkurs;Aus einem Stück Holz sein eigenes Kunstwerk sägen, das macht Beat Inauen von der Hölzigs Beat GmbH möglich.;<p>In den Motorsäge-Schnitzkursen von Beat Inauen lernen Sie gekonnt mit der Motorsäge und dem Element Holz umzugehen. Der Kurs wird Sie begeistern und faszinieren. 
Die komplette Sicherheits- und Sägeausrüstung wird zur Verfügung gestellt. Nach einem abwechslungsreichen und anstrengenden Tag dürfen Sie Ihr eigenes Kunstwerk mit nach Hause nehmen.

Der Tagesablauf lässt sich individuell auf Ihre Gruppe/Team abstimmen. Ihre Wünsche werden gerne persönlich mit Ihnen zusammen besprochen.

Treffpunkt: Dorfplatz Gais oder Neugaden 582 Gais
Kursdauer: 09.00 bis 16.00 Uhr (oder nach Vereinbarung)
</p><p>Kosten: <br>3 bis 5 Personen, CHF 420.00 pro Teilnehmer
und Tag<br>6 bis 9 Personen, CHF 400.00 pro Teilnehmer und Tag<br>ab 10 Personen, CHF 380.00 pro Teilnehmer und Tag<br>1 bis 2 Personen, auf Anfrage</p><p><br></p>;9.443642235023288;47.366433007836406;Neugaden 582;9056 ;Gais;+41 79 722 33 31;info@hoelzigs.ch;https://www.hoelzigs.ch/;[{'@type': 'ImageObject', 'contentUrl': 'https://alarpimtsoch.sos-ch-dk-2.exoscale-cdn.com/catalog/7/6/5/3/7653083dd4c57a14f36ce9f4b1a1cb870619789a_Hoelzigs_Schnitzkurs__6131.JPG'}];2026-06-10T10:54:41+02:00
8aa52c3c-7087-4539-91f2-80c01e2a33a3;Appenzeller Schaukäserei - Chäshörnli selber kochen;In der Appenzeller Schaukäserei…;<p>... kochen Sie gemeinsam am K&auml;sekessi Ihre eigenen typisch appez&ouml;llischen Ch&auml;sh&ouml;rnli. Unter Anleitung eines K&auml;sespezialisten werden Sie in das Leibgericht jedes Appenzellers eingef&uuml;hrt. Geniessen Sie diesen herzhaften Schmaus im urchigen H&ouml;ckli.</p><p>Ihr Men&uuml;: <br>Gr&uuml;ner Salat mit Croutons an Haussauce <br>*** <br>Ch&auml;sh&ouml;rnli mit Apfelmus und Zwiebeln <br>*** <br>Schlorzifladen mit Rahm</p><p>In Kombination mit dem Pauschalangebot &laquo;Appenzeller Stolz&raquo; m&ouml;glich<br><br></p>;9.344712;47.373415;Dorf 711;9063;Stein;+41 71 368 50 70;info@schaukaeserei.ch;http://www.schaukaeserei.ch/;[{'@type': 'ImageObject', 'contentUrl': 'https://alarpimtsoch.sos-ch-dk-2.exoscale-cdn.com/catalog/7/9/d/e/79de99877ffe34eea61d0cd0f9b20d0709f05ea8_stein_appenzeller_schauk__serei_ch__sh__rnli.jpg', 'caption': {'de': 'Appenzeller Schaukäserei - Chäshörnli selber kochen '}}];2026-06-10T10:54:41+02:00
8b785014-c6d1-4cd8-b22a-a4a5de164bff;Hotel Krone Wolfhalden;Ein kulinarisches Juwel im Appenzeller Vorderland;<div>Das Restaurant Krone in Wolfhalden ist ein wahrer Geheimtipp f&uuml;r Feinschmecker und Liebhaber der traditionellen Schweizer K&uuml;che. Eingebettet in die malerische Landschaft des Appenzellerlands bietet dieses charmante Lokal nicht nur kulinarische Gen&uuml;sse, sondern auch einen atemberaubenden Blick auf die umliegenden Berge, T&auml;ler und den Bodensee.</div><div>&nbsp;</div><div>Die gem&uuml;tliche Atmosph&auml;re im Restaurant Krone l&auml;dt zum Verweilen und Geniessen ein. Der rustikale Charme der Einrichtung, kombiniert mit der herzlichen Gastfreundschaft des Personals, sorgt daf&uuml;r, dass sich jeder Gast sofort wohlf&uuml;hlt. An warmen Sommertagen bietet die Terrasse einen perfekten Ort, um die frische Luft und die herrliche Aussicht zu geniessen. Im Winter hingegen sorgt ein knisterndes Kaminfeuer f&uuml;r eine behagliche Stimmung im Inneren des Lokals.</div><div>&nbsp;</div><h4>Hier gilt die <a href="https://www.appenzell.ch/de/unterkunft/appenzeller-ferienkarte.html">Appenzeller Ferienkarte</a></h4><div>&nbsp;</div>;9.5517695;47.4531565;Kronenstrasse 63;9427 ;Wolfhalden;+41 71 544 07 53;info@hotelkronewolfhalden.ch;https://hotelkronewolfhalden.ch/;[{'@type': 'ImageObject', 'contentUrl': 'https://alarpimtsoch.sos-ch-dk-2.exoscale-cdn.com/catalog/d/c/4/0/dc40127bfc57d546af7f4af36612e9882547cc50_Krone_daussen_1.jpg'}];2026-09-03T14:08:02+02:00
8bef8307-94ef-4e5a-9567-d2cd521526c9;Feuerstelle Schulhaus Reute;9.570488;47.4194438;Dorf 19;9411;Reute;+41 71 898 82 60;gemeindekanzlei@reute.ar.ch;http://www.reute.ch/de/;[{'@type': 'ImageObject', 'contentUrl': 'https://alarpimtsoch.sos-ch-dk-2.exoscale-cdn.com/catalog/3/f/d/f/3fdfdd07df26efed7f21bd9e564bc61abaf6a2b7_Feuerstelle.jpg'}];2026-08-25T02:41:41+02:00
8d36c474-3c64-4288-b054-813a3c5fb1b5;zeitreisen.ch – Team-Events, E-Bike- & Zeltvermietung;Die Abenteuer-Zeitreisen TOPAZ GmbH ist Ihr Spezialist für die Organisation Ihres nächsten Events.;<p>Das Team der Abenteuer-Zeitreisen TOPAZ GmbH bietet abwechslungsreiche und unterhaltsame Angebote f&uuml;r einen Teamausflug oder ein Gruppenerlebnis, sei es draussen unter freiem Himmel, drinnen oder im Naturzelt, gesch&uuml;tzt vor Wind und Wetter. Egal ob es ein Mitarbeiter- oder Vereinsausflug, Polter- oder Geburtstag, Firmenjubil&auml;um oder ein sonstiger Anlass sein soll &ndash; wir haben f&uuml;r jeden etwas dabei &ndash; und dies auch noch bei jeder Witterung. Denn als Event- und Zelt-Spezialisten liefern wir Ihnen das passende &laquo;Dach &uuml;ber dem Kopf&raquo; f&uuml;r Ihren Event gleich mit. Begeben Sie sich mit Ihrer Gruppe auf eine Zeitreise.</p><p>Event-Ideen:</p><ul><li><a title="HTML Code Generator" href="https://shop.zeitreisen.ch/shop/e-mountain-bike-tagesmiete-1554#attr=" target="_blank" rel="noopener">E-Gravel &amp; E-MTB-Miete (E-Bikes auch f&uuml;r Gruppen bis 20 Personen)</a></li><li><a title="HTML Code Generator" href="https://shop.zeitreisen.ch/shop/e-mountain-bike-plausch-431#attr=" target="_blank" rel="noopener">Gef&uuml;hrter E-Bike Plausch mit Kulinarik</a>&nbsp;</li><li><a title="HTML Code Generator" href="https://shop.zeitreisen.ch/shop/category/events-10?search=t%C3%B6ffli&amp;order=name+asc" target="_blank" rel="noopener">T&ouml;fflitouren im Appenzellerland (T&ouml;fflibuebe &amp; -meitle)</a></li><li><a title="HTML Code Generator" href="https://shop.zeitreisen.ch/shop/category/events-10?search=ol%C3%BCmp&amp;order=name+asc" target="_blank" rel="noopener">Appez&ouml;ller Alpol&uuml;mpiade</a>&nbsp;</li><li><a title="HTML Code Generator" href="https://shop.zeitreisen.ch/shop/category/events-10?search=milch&amp;order=name+asc" target="_blank" rel="noopener">Milchkannen-Fondue</a>&nbsp;</li><li><a title="HTML Code Generator" href="https://shop.zeitreisen.ch/shop/santis-berg-game-365#attr=" target="_blank" rel="noopener">S&auml;ntis Berg Game</a>&nbsp;</li><li><a title="HTML Code Generator" href="https://shop.zeitreisen.ch/shop/appenzeller-krimi-347#attr=" target="_blank" rel="noopener">Appenzeller Krimi</a>&nbsp;</li></ul><p>Wir beraten Sie gerne!</p>;9.37339782714844;47.389640585897;Hauptstrasse 59;9053;Teufen;+41 71 787 51 15;info@zeitreisen.ch;http://www.zeitreisen.ch/;[{'@type': 'ImageObject', 'contentUrl': 'https://alarpimtsoch.sos-ch-dk-2.exoscale-cdn.com/catalog/9/2/3/a/923ad859f5c3ca8cba6116a624a05ed122f42d5a_220610_Alpolympiade_4501.jpg'}];2026-06-10T10:54:41+02:00
8e58214d-5267-4ad6-9fe2-da2ba0cdc7de;Alpenhof – Restaurant, Hotel & Bibliothek;Der Alpenhof ist Restaurant, Hotel und Bibliothek – ein inspirierender und wohliger Rückzugs- und Arbeitsort mit Raum für Austausch, Genuss und Erholung. Friedlich, gerne belebt, stets beseelt. Abgelegen auf dem St. Anton in Oberegg/AI auf 1110 Meter über Meer. Mit Blick über das Rheintal und den Bodensee, trifft Weite auf Weile, Alpstein auf Nebelmeer, Ostschweiz auf Übersee.;<p class="MsoNormal">Zum Ap&eacute;ro voraus, ein mehrg&auml;ngiges Men&uuml;, am Wochenende zu Brunch oder Lunch &ndash; im hellen Panoramasaal, draussen auf der Terrasse und mit Sicht auf die Alpen. Zum Schmausen und St&auml;rken &ndash; am liebsten mit Produkten aus der direkten Umgebung, nachhaltig, hausgemacht und in bester Qualit&auml;t getreu der Haltung von Slow Food.</p>
<p class="MsoNormal">Durch die Kombination von Gastronomie, Unterkunft und Arbeitsraum bietet der Alpenhof einen idealen Ort f&uuml;r Teams und Arbeitsgruppen, f&uuml;r Seminare, Kurse oder Retraiten, f&uuml;r Feste und Feiern. Gerne auf Anfrage auch ausserhalb der regul&auml;ren &Ouml;ffnungszeiten.</p>
<p class="MsoNormal">Die Bibliothek im Alpenhof &ndash; f&uuml;r Hotelg&auml;ste stets zug&auml;nglich &ndash; umfasst rund 10&rsquo;400 Titel zu Themengebieten wie Wetter, Geologie, Astronomie, Physik, Literatur, Fotografie, Kunst, Kitsch und Popul&auml;rkultur. Neben der Bibliothek finden sich im ganzen Haus eine Vielzahl Magazine und B&uuml;cher &uuml;ber Kulinarik, Kunst, Design, Stadtentwicklung und Architektur.</p>
<p class="MsoNormal">Pers&ouml;nlich gef&uuml;hrt und gestaltet vom Kollektiv Alpenhof. Dankbar und verbunden in der gemeinsamen Freude an Gastfreundschaft, Kulinarik, Kultur, Handwerk und Nachhaltigkeit.&nbsp;</p>;9.53592435;47.41010455;St. Antonstrasse 62;9413;Oberegg;+41 71 890 08 04;info@alpenhof.ai;https://alpenhof.ai;[{'@type': 'ImageObject', 'contentUrl': 'https://alarpimtsoch.sos-ch-dk-2.exoscale-cdn.com/catalog/d/f/4/2/df42a0199643043fc8739bf39193495279d3a0df_Alpenhof.png'}];2026-08-26T20:57:46+02:00
8ec976a7-0d2a-48fa-8d9c-b8b7d480797c;Appenzeller Edelbrand;Erleben Sie unsere Degustationen oder brennen Sie ihren eigenen Gin im Seminar! ;<p>Wir begr&uuml;ssen kleine und grosse Gruppen in unserer Brennerei. Sie k&ouml;nnen bei uns auch direkt neben dem Brennkessel einkaufen und ihren Silvesterklaus Gin nach Hause nehmen. (auf Voranmeldung)</p><p>Wir freuen uns auf Sie!&nbsp;</p><p><strong>Wir sind Appenzeller Edelbrand&nbsp;</strong></p><p>Von der Schnapsidee zur Manufaktur. Was als einfache Schnapsidee unter Freunden begann, hat sich mit der Zeit zu einer echten Leidenschaft und schliesslich zu einer kleinen, feinen Manufaktur entwickelt. Heute stehen wir mit Stolz hinter unserer eigenen Brennerei, idyllisch gelegen am Fusse des S&auml;ntis &ndash; mitten im Appenzellerland, wo Tradition und Handwerk noch einen besonderen Stellenwert haben. In unserer Brennerei in Urn&auml;sch entstehen mittlerweile &uuml;ber 11 einzigartige Produkte &ndash; vom klassischen Edelbrand bis hin zu kreativen Gin Sorten. Jeder einzelne Tropfen wird von uns selbst hergestellt und in sorgf&auml;ltiger Handarbeit abgef&uuml;llt und etikettiert. Besonders am Herzen liegt uns unser kulturelles Erbe: das Silvesterklausen aus Urn&auml;sch. Diese einzigartige Appenzeller Tradition begleitet uns und ist tief mit unserer Identit&auml;t verbunden. Deshalb tr&auml;gt jede unserer Flaschen ein St&uuml;ck dieses lebendigen Brauchtums &ndash; als sichtbares Zeichen unserer Herkunft und als Hommage an unsere Heimat. Unsere Produkte sind mehr als nur Spirituosen &ndash; sie erz&auml;hlen Geschichten. Von mutigen Ideen, langen N&auml;chten in der Brennerei, gelebter Tradition und echter Leidenschaft.&nbsp;</p>;9.2782589;47.310431;Unterdorfstrasse 58;9107;Urnäsch;076 361 79 23;Barbara.mueller@appenzeller-edelbrand.ch;https://appenzeller-edelbrand.ch/;[{'@type': 'ImageObject', 'contentUrl': 'https://alarpimtsoch.sos-ch-dk-2.exoscale-cdn.com/catalog/d/6/4/7/d6476ca44b8784b2ea8b5145dd338dbbbecbc87c_Brennerei__1_.jpg'}];2026-07-03T13:47:43+02:00
8fd09b68-8680-4339-95f4-5d590d78e36c;HWB Das Gürteldesign - Gürtel Workshop;Stellen Sie Ihren eigenen Gürtel her – ein einzigartiges Unikat, das Ihnen lange Freude bereiten wird.;<p>In Gruppen von maximal 8 Personen f&uuml;hren wir Sie in etwa zwei Stunden von der Lederhaut zum einfachen G&uuml;rtel, der Sie lange begleiten wird. Vorkenntnisse sind keine notwendig, ein wenig handwerkliches Geschick ist von Vorteil. Die Teilnehmenden sollten sich jedoch nicht davor scheuen, die H&auml;nde schmutzig zu machen. Unsere G&uuml;rtel Workshops werden gerne als Team Anlass oder Vereins Event gebucht. Dauer: ca. 2h Teilnehmende: bis 8 Personen Kosten: CHF 500.&ndash; pauschal &amp; Materialkosten zwischen CHF 20 - 60.&ndash; pro G&uuml;rtel</p>;9.538793563842775;47.444069066912796;Hinterergeten 1088;9427; Wolfhalden ;071 891 20 80;info@hwbguertel.ch;https://www.hwbguertel.ch/;[{'@type': 'ImageObject', 'contentUrl': 'https://alarpimtsoch.sos-ch-dk-2.exoscale-cdn.com/catalog/7/b/b/5/7bb569ef87e36e366a07453a87bc8d355c777531_IMG_20240828_WA0007__2.jpg'}];2026-06-10T10:54:41+02:00
90006eac-8b3e-47f8-9339-99be13418772;Werkzeugstation - Bahnhof Walzenhausen;Praktische Werkzeugstation mit verschiedenen Schraubenziehern und Schlüsseln.;Die Werkzeugstation befindet sich links neben dem Eingang zum Bahnhofsgebäude Walzenhausen.;9.6013192;47.4513697;Dorf 42;9428;Walzenhausen;[{'@type': 'ImageObject', 'contentUrl': 'https://alarpimtsoch.sos-ch-dk-2.exoscale-cdn.com/catalog/0/e/0/d/0e0def461b4f42a5c58bf68df7d6e95cf9a7dac3_Werkzeugstation_Walzenhausen_Bahnhof.jpg'}];2026-09-03T02:44:43+02:00
925829bf-ba9e-41e7-951e-f889df35363f;Backpacker Bären;Wo Berge grüßen und der Dorfplatz lebt – Backpacker Bären: ein Ort für echte Begegnungen, Abenteuer und unvergessliche Momente.;<p>Mitten im malerischen Dorf Urnäsch, direkt am Dorfplatz, erwartet dich der Backpacker Bären. Ein echtes Appenzellerhaus mit ganz viel Charme und Herz. Du findest hier verschiedene, liebevoll eingerichtete Zimmer, Einzel- Doppel- und Mehrbettzimmer. In der voll ausgestatteten Gemeinschaftsküche wird gekocht, im grossen Wohnzimmer gelacht, gespielt und erzählt. Restaurants, ein Supermarkt, eine Bäckerei, Metzgerei und eine Gelateria. sind nur wenige Schritte entfernt. Auch der Bahnhof und die Touristeninformation befinden sich ganz in der Nähe. Im Backpacker Bären zählt Vertrauen, Selbstständigkeit und Wertschätzung. Jeder soll sich frei entfalten können, egal ob du nur für eine Nacht bleibst oder länger verweilst. Triff Menschen aus aller Welt, teile Geschichten oder geniesse einfach die entspannte und unkomplizierte Atmosphäre. Komm wie du bist – und fühl dich ganz wie zu Hause. </p><p></p><p>Mindestaufenthalt: 1 Nacht</p><p></p>;9.2821768;47.3169915;Dorfplatz 16;9107;Urnäsch;079 317 24 89;contact@backpacker-baeren.ch;https://backpacker-baeren.ch/;[{'@type': 'ImageObject', 'contentUrl': 'https://alarpimtsoch.sos-ch-dk-2.exoscale-cdn.com/catalog/8/9/a/1/89a13f11193a4e99ed8467f03b7492890667af21_Front.jpg'}];2026-09-03T02:44:51+02:00
926f800a-c6f5-4810-be5a-5dfc71dfb588;Feuerstelle Bruggtobel;Die Feuerstelle liegt 800 Meter südöstlich von Wolfhalden auf 755 m ü. M., in der Region Appenzeller Vorderland, an schattiger Lage.;<ul><li>Brennholz &amp; Rost vorhanden</li><li>1 Feuerstelle</li><li>1 Tisch mit 10 Sitzpl&auml;tzen&nbsp;</li><li>6 sonstige Sitzpl&auml;tze (Man kann sich auf die Holzb&auml;nke gegen&uuml;ber der Feuerstelle oder an den Tisch direkt daneben setzen)</li></ul>;9.556077718734743;47.44780413909842;Dorf 36;9427;Wolfhalden;+41 71 898 82 82;gemeinde@wolfhalden.ar.ch;[{'@type': 'ImageObject', 'contentUrl': 'https://alarpimtsoch.sos-ch-dk-2.exoscale-cdn.com/catalog/3/4/4/8/3448b76a91ffebcae5b7c0ca87a4d397ef1779ab_20240625_144742.jpg'}];2026-09-03T02:45:02+02:00
9393e549-6b2b-49b1-8e9e-35c111c6f865;Minigolf Krombach Herisau;Die 18 Pisten bieten bei schönem Wetter für Gross und Klein, Jung und Alt, ein attraktives und abwechslungsreiches Freizeitangebot in Herisau.;Die schöne und gepflegte Anlage lädt geradezu zum Verweilen ein. Das Spiel für Spass und Plausch kann für passionierte «Minigolfer» auch wettkampfmässig ausgetragen werden.
Im Clubhäuschen steht Ihnen während den Öffnungszeiten ein Kiosk mit diversen Getränken und Snacks zur Verfügung. An der schönen Grillstelle, mit Sitzgelegenheiten und Tischen, kann zum Abschluss einer Partie Minigolf mitgebrachtes Grillgut aufgelegt werden. Genügend Brennholz ist gratis vorhanden. 
Für Gruppen ab 10 Personen wird die Anlage auch ausserhalb der regulären Zeiten geöffnet. 

Bei feuchter Witterung bleibt die Anlage geschlossen. Letzte Schlägerausgabe bis 1 Stunde vor Schliessung. Bitte parkieren Sie auf dem zentralen gebührenpflichtigen Parkplatz.;9.260879158973696;47.386801002283;Krombach 3;9100;Herisau;+41 71 353 81 11;boesch-gasser.ce@bluewin.ch;https://www.minigolf-herisau.ch/;[{'@type': 'ImageObject', 'contentUrl': 'https://alarpimtsoch.sos-ch-dk-2.exoscale-cdn.com/catalog/2/3/5/4/23542bb46d7819714994891c502e4334c81e21dc_DSC05049.jpg'}];2026-06-10T10:54:41+02:00
93b43142-a5c7-4cfc-85d9-03e08ca55ef6;Sonnenberg Health Hotel;Erholung mit Weitblick im Health Hotel Sonnenberg in Schwellbrunn.
Stilvolle Zimmer mit Balkon und Aussicht auf den Säntis.
Perfekt für Erholung, Retreats & Seminare – Seminar- und Yogaraum mietbar.;<p>Health Hotel Sonnenberg &ndash; Erholung mit Aussicht in Schwellbrunn (AR)</p><p>Im Health Hotel Sonnenberg erleben G&auml;ste ganzheitliche Erholung &uuml;ber den D&auml;chern des Appenzellerlands. Die stilvoll eingerichteten Zimmer verf&uuml;gen &uuml;ber private Balkone mit atemberaubendem Blick auf den S&auml;ntis oder hinab ins weite Tal von Schwellbrunn. Die hauseigene K&uuml;che begeistert mit kreativen, veganen und glutenfreien Spezialit&auml;ten, zubereitet aus regionalen und biologischen Zutaten. F&uuml;r Seminare, Workshops, Retreats oder Yoga-Auszeiten stehen zudem ein Seminarraum sowie ein Yogaraum zur Miete bereit &ndash; ideal f&uuml;r inspirierende Veranstaltungen in ruhiger Umgebung. Ein Ort zum Durchatmen, Geniessen und neue Energie tanken &ndash; mitten in der Natur und der wohltuenden Ruhe des Appenzellerlands.</p><p>Zimmerpreise:</p><ul><li>&bull; Einzelzimmer CHF 170.&ndash;</li><li>&bull; Eckzimmer CHF 190.&ndash;</li><li>&bull; Doppelzimmer CHF 250.&ndash;</li><li>&bull; Eckzimmer CHF 270.&ndash;</li></ul>;9.249577;47.3529307;Sonnenberg 16;9103;Schwellbrunn;+41 71 353 36 00;reservation@sonnenberg-schwellbrunn.ch;https://sonnenberg-schwellbrunn.ch;[{'@type': 'ImageObject', 'contentUrl': 'https://alarpimtsoch.sos-ch-dk-2.exoscale-cdn.com/catalog/3/b/1/7/3b1729e4290bef946b920a804e61f62f6edd90fe_BioMed_Center_Sonnenberg.jpeg'}];2026-06-10T10:54:41+02:00
94756081-b14e-40f0-b019-10b73a43b713;Kutschenfahrten;Fahrt auf der Kutsche durch das Appenzellerland;Auf einer Kutschenfahrt kann das Appenzellerland bei gemütlichem Tempo herrlich erkundet werden. Ein echtes Highlight sind die Fahrten in Urnäsch oder St. Anton.


Urnäsch:
Werner Frick, Berg 783, 9107 Urnäsch
+41 79 711 59 33

Urnäsch:
Lillybeizli / Alp Fischegg, Ruedi Biser, Urnäsch
+41 79 782 19 46
biser.ruedi@gmx.ch

St.Anton:
Kafi Anton, Werner Schirmer
+41 71 340 02 14
+41 78 739 70 10
v.w.schirmer@gmail.com

Ennetbühl:
Weissküferei & Drechslerei, Werner & Jolanda Stauffacher
+41 71 994 10 53
info@weisskueferei-stauffacher.ch


Dauer: 2-3 Stunden
Teilnehmer: 5-20 Personen
Kosten: auf Anfrage und je nach Strecke
Ort: im gesamten Appenzellerland;9.2677746;47.3147311;[{'@type': 'ImageObject', 'contentUrl': 'https://alarpimtsoch.sos-ch-dk-2.exoscale-cdn.com/catalog/f/5/0/0/f50085e8e6b0e61dcf30082a1e920b43b9370ee7_Computerformat_4_3_urn__sch_kutschenfahrt.jpg'}];2026-06-10T10:54:41+02:00
95509edc-7f0e-438a-ad03-5c63e40916b1;Ferienwohnung & BnB Hälmli;Moderne, heimelige und komfortable Unterkunft mit Ferienwohnungen und einem Gästezimmer inkl. Frühstück. In Heiden gelegen über dem Bodensee.;Als Ferienwohnung stehen sowohl 2-, 3- oder 4 Zimmer zur Verfügung für bis maximal 6 Personen. Neuerdings gibt es die Möglichkeit, auch ein Gästezimmer (Doppelzimmer) inklusive Frühstück zu buchen.

Ideal für Familien, Senioren oder Geschäftsleute. Am Dorfrand liegend, erreichen Sie über die Wendeltreppe hinunter ins Untergeschoss die Ferienwohnung mit separatem Wohnungseingang. Ein geräumiges Entré mit Garderobe empfängt Sie. Die moderne, offene Küche mit Geschirrspüler liegt zusammen mit dem Wohnzimmer, von dem aus über eine leicht zu öffnende Schiebetüre der grosse Balkon begangen wird. Die Nasszelle besteht aus einer Dusche, WC und Lavabo. Drei Schlafzimmer stehen wahlweise zur Verfügung: Ein Elternschlafzimmer mit zwei Matratzen 90cm Breite, ein Schlafzimmer mit einem französischen Bett, 160cm Breite mit integrierter Nasszelle (WC, Lavabo und Dusche) und einem kleinen Kinderzimmer mit Etagenbett, 2x190 x 80cm Matratzen. Ein Geschoss tiefer liegt die Spiel- Liegewies. Es besteht auch die Möglichkeit Waschmaschine und Tumbler zu benutzen.
Der Internetzugang ist kostenlos.
Das nahegelegene Mineral-Heilbad Unterrechstein ist in 15 - 20 Gehminuten erreichbar.

Ferienwohnung „Hälmli“ für max. 4 Erwachsene und 2 Kinder:
Preis für 2 Erwachsene Fr. 120.-/Nacht; für 3 Erwachsene Fr. 160.-/Nacht; für 4 Erwachsene 190.-/Nacht.
Minimum 4 Nächte buchbar, Saisonzeiten min. 5 Nächte, 
jeweils plus Endreinigung Fr. 120.- und Kurtaxe Fr.2.20/P/Nacht, 
Kinder auf Anfrage.

B & B Studio für 2 Personen:
Preis ohne Morgenesse für 2 Personen Fr. 110.-/Nacht, Saison Fr. 120.-.
Morgenessen Fr. 9.-/Person.
Nur ab 2 Nächte buchbar.;9.529355800000001;47.4387917;Schützengasse 29;9410;Heiden;+41 71 891 26 63;fam.eugster@sunrise.ch;https://ferienwohnung-haelmli.jimdo.com/;[{'@type': 'ImageObject', 'contentUrl': 'https://alarpimtsoch.sos-ch-dk-2.exoscale-cdn.com/catalog/7/b/d/6/7bd6926049a244758067ea35e3ae1b6e65a1b944_f5986b7920387a19d4cda6c7abc477db_767x0.jpg'}];2026-09-03T02:45:03+02:00
97a50894-fa11-4646-b19b-9b17c893b56f;Feuerstelle Fünfländerblick;9.514279;47.4565108;9036;Grub SG;[{'@type': 'ImageObject', 'contentUrl': 'https://alarpimtsoch.sos-ch-dk-2.exoscale-cdn.com/catalog/3/4/9/e/349ec735ffc52af5ad236ae75c2db10ce03edb2a_grub_eggersriet_f__nfl__nderblick.jpg'}];2026-07-10T15:25:12+02:00
9955cbb5-4d55-4455-a10f-b1e9d611776f;A.Vogel Heilpflanzenwelt – Besichtigung;Auf dem idyllisch gelegenen Heilpflanzen-Schaugarten der A.Vogel Heilpflanzenwelt wachsen auf 1‘000 Meter über Meer rund 120 verschiedene Heilpflanzen, Küchenkräuter und Gemüsesorten - umgeben vom herrlichen Panorama des Alpsteins und eingebettet in die sanften grünen Hügel des Appenzellerlandes;<p>Nicht nur der Heilpflanzen-Schaugarten ist eine Augenweide, auch das A.Vogel Museum (Neuer&ouml;ffnung am 16. Juni 2024) und die A.Vogel Drogerie sind einen Besuch wert. Kommen Sie mit auf eine spannende F&uuml;hrung in die A.Vogel Heilpflanzenwelt und stellen Sie unter fachkundiger Anleitung Ihr eigenes Produkt zum Mitnehmen her.</p><p>Dauer: ca. 1.5 Stunden <br>Teilnehmer: bis 80 Personen <br>Kosten: bis 10 Personen CHF 140.00 pauschal, <br>&nbsp; &nbsp; &nbsp; &nbsp; &nbsp; &nbsp; &nbsp; &nbsp; ab 10 Personen CHF 14.00 pro Person, ink. Geschenk</p>;9.389339000000064;47.395765;Hätschen ;9053;Teufen;+41 71 335 66 11;team@gesundheitszentrum-avogel.ch;https://www.avogel.ch;[{'@type': 'ImageObject', 'contentUrl': 'https://alarpimtsoch.sos-ch-dk-2.exoscale-cdn.com/catalog/f/5/8/4/f5842208deb20cadabdf1a2e38164de6fa82e119__P0B0801__3.jpg'}];2026-06-10T10:54:41+02:00
9a0dec1a-5f73-4e81-ad74-ca495ee40e38;Backe, backe Biber;Schauen Sie dem Bäckermeister über die Schulter, wenn er einen typischen Appenzeller Biber herstellt.;<p>Nach einer Einf&uuml;hrung in die Tradition des Biberbackens krempeln Sie die &Auml;rmel hoch und backen Ihren eigenen kleinen Appenzeller Biber. Sobald die herrlich duftende Spezialit&auml;t goldbraun gebacken ist, d&uuml;rfen Sie diese mit nach Hause nehmen und geniessen.</p><p>Dauer: 1 bis 1 &frac12; Stunden<br>Teilnehmer: ab 10 Personen<br>Kosten: ab CHF 30.00</p><p>Orte:</p><p>Gais <br>Biber B&auml;ckerei zur Dorfm&uuml;hle <br>Stossstrasse 5, 9056 Gais <br>+41 71 793 14 44 <br>shop@mybiber.ch <br>www.mybiber.ch</p><p>Heiden <br>Caf&eacute; - Biberbeck Rohner <br>Werdstrasse 24, 9410 Heiden <br>+41 71 891 17 78 <br>info@biberbeck.ch <br>www.biberbeck.ch</p><p>Hundwil <br>B&auml;ckerei-Konditorei M&uuml;hle <br>M&uuml;hle 133, 9064 Hundwil&nbsp;<br>+41 71 367 12 46 <br>info@muehle-hundwil.ch <br>www.muehle-hundwil.ch</p><p>Teufen <br>Zitr&auml;dli-Erlebnis Waldegg <br>Waldeggstrasse 977, 9053 Teufen<br>+41 71 333 12 30 <br>www.waldegg.ch</p><p>Waldstatt <br>B&auml;ckerei-Konditorei Gerig <br>&nbsp;Dorfstrasse 26, 9104 Waldstatt <br>+41 71 351 21 26 <br>info@baeckerei-gerig.ch <br>www.baeckerei-gerig.ch</p>;9.53091;47.44349;[{'@type': 'ImageObject', 'contentUrl': 'https://alarpimtsoch.sos-ch-dk-2.exoscale-cdn.com/catalog/7/7/d/b/77db09fbb3dd63c52e018ac03ab069042d604033_biber.png'}];2026-06-10T10:54:41+02:00
9a338e29-9ff6-44a0-a46d-1348ebbf505d;FoodTrail "Appenzellerland per E-Bike";Spass, Bewegung, Kultur und Kulinarik;<p>Erleben Sie das Appenzellerland auf zwei R&auml;dern: urspr&uuml;ngliche Natur, regionale K&ouml;stlichkeiten und herzliche Gastfreundschaft erwarten Sie auf dieser genussvollen E-Bike-Schnitzeljagd. Zwischen steilen Anstiegen und traumhaften Ausblicken entdecken Sie echte Appenzeller Tradition &ndash; &laquo;S&ouml;nd Willkomm&raquo;!</p><ul><li>5 Genuss-Stationen mit Essen oder Trinken</li><li>Gemeinsamer R&auml;tselspass. Am Startpunkt erh&auml;ltst du das erste R&auml;tsel</li><li>Appenzeller Mittelland und interessante Orte erleben</li><li>Spannendes &uuml;ber Region und Geschichte erfahren</li></ul><p>Dauer: ca. 6-7 Stunden, reine Fahrzeit: 2.5 Stunden. Sie sind frei in der zeitlichen Gestaltung. Wegstrecke: ca. 29km, H&ouml;henmeter auf / ab: 880m / 880m</p><p>Kosten: CHF 69.00 pro Erwachsene / E-Bike Miete f&uuml;r den ganzen Tag CHF 70.00</p><p>Saison: 1. Mai bis 31. Oktober</p><p>Startpunkt: <a href="https://maps.app.goo.gl/A3mfEcXf126Dn72e7">Hotel zur Linde, B&uuml;hlerstr. 87, 9053 Teufen</a><br>Hast du bei&nbsp;<a href="https://zeitreisen.ch/ebike-mieten" target="_blank" rel="noopener">TOPAZ</a>&nbsp;ein E-Bike gemietet? Dann hole dein E-Bike 30 Min. vor dem Start dort ab:&nbsp;<a href="https://maps.app.goo.gl/E9d6J133LikqQ4XQ9" target="_blank" rel="noopener">TOPAZ, Hauptstrasse 59, 9053 Teufen</a>. Du bist dann in 10 Min. Fahrzeit beim Startpunkt Hotel zur Linde.</p><p>Weitere Informationen finden Sie unter: <a href="https://www.foodtrail.ch/appenzellerland-per-e-bike" target="_blank" rel="noopener noreferrer">foodtrail.ch</a></p><p>M&ouml;chten Sie das Appenzellerland lieber zu Fuss erkunden? Hier geht's zum <a href="https://appenzellerland.ch/de/erleben/erlebniskarte/detail/foodtrail-appenzellerland-zu-fuss-3a15b067-e781-4415-af3e-ea0e6db142a6.html" target="_blank" rel="noopener noreferrer">Foodtrail zu Fuss</a></p>;9.3927675;47.3867698;Kinderdorfstrasse 20;9043;Trogen;0713350737;https://www.foodtrail.ch/appenzellerland-per-e-bike;[{'@type': 'ImageObject', 'contentUrl': 'https://alarpimtsoch.sos-ch-dk-2.exoscale-cdn.com/catalog/1/c/9/b/1c9b1ffc136896f1d7a1123703d58fcdbf7dc318_FoodTrail__Titelbild_.jpg'}];2026-06-10T10:54:41+02:00
9b806ef0-f838-4e17-a6d3-19ee116ca605;Restaurant Mineralbad;Das Restaurant Mineralbad gehört zu einer der ältesten Wirtschaften im Appenzellerland und gilt als eine der Wiegen des Appenzeller Kurtourismus.;1463 wurde die Heilquelle Unterrechstein erstmals urkundlich erwähnt. Seit über 300 Jahren wird das heilsame, mineralhaltige Wasser zum Baden genutzt, anfänglich in einfacher Behausung, später im Gasthaus Mineralbad, zuerst in Holzzubern und dann in Blechbadewannen. 
Mit dem Bau des Appenzeller Heilbads in den 1980er-Jahren verlor das Restaurant Mineralbad seine Rolle als «Bädli». Aber es blieb das gemütliche, geschichtsträchtige Gasthaus. Seit es leicht umgebaut wurde und Albert Küng nebst dem Heilbad-Bistro auch die Leitung des Restaurants Mineralbad übernommen hat, erlebt es einen neuen Aufschwung. Eine kleine, aber feine Speise- und Weinkarte mit saisonaler und regionaler Küche lädt zum Verweilen ein. 
Das Restaurant bietet bis zu 40 Personen grosszügig Platz. Im traditionellen Mineralbad-Stübli können bis zu 12 Personen bedient werden. 
Auf Anfrage können Veranstaltungen auch ausserhalb der offiziellen Öffnungszeiten gebucht werden.;9.515908956527712;47.430144592248;Unterrechstein 285;9035;Grub;+41 71 898 33 88;restaurant@heilbad.ch;https://www.restaurant-mineralbad.ch/;[{'@type': 'ImageObject', 'contentUrl': 'https://alarpimtsoch.sos-ch-dk-2.exoscale-cdn.com/catalog/9/1/a/0/91a0dc1a19eb17e794fb356c7ba03d6c8651cff9_Restaurant_Mineralbad_altes_Bild.png'}];2026-09-03T02:43:42+02:00
9bbdfad5-1e4e-456e-8b90-575f42b9866b;Druckwerkstatt Speicher;Drucken wie vor 150 Jahren - erleben Sie wie alte Drucktechniken heute für künstlerische Druckgraphik eingesetzt werden.;<p>In einem sehr sch&ouml;nen Atelier wird die Geschichte des Steindrucks und der Radierung lebendig. Erfahren Sie wie fr&uuml;her gedruckt worden ist und wie diese Techniken heute von K&uuml;nstlerinnen und K&uuml;nstlern eingesetzt werden. Bei einem Werkstattbesuch lernen Sie das alte Handwerk des Steindrucks kennen. Wie hatte man vor der Zeit des Digital-und Offsetdrucks kleine und grosse Bilder gedruckt? Und Sie sehen, wie auch heute noch der Steindruck in der Kunst eingesetzt wird. Dauer: 1 bis 2 Stunden Teilnehmer: 5 bis 20 Personen Kosten: CHF 150.00 &ndash; CHF 250.00 pro F&uuml;hrung<br><br></p>;9.43718;47.40658;Steinegg 30;9042;Speicher;+41 71 340 09 34;info@dwsp.ch;http://www.dwsp.ch/;[{'@type': 'ImageObject', 'contentUrl': 'https://alarpimtsoch.sos-ch-dk-2.exoscale-cdn.com/catalog/f/8/1/f/f81fa8b1f3a9d9a8a4c9d2e207655d70f3b2ad8d_Werkstatt.jpg'}];2026-06-10T10:54:41+02:00
9c0ad259-a595-4d5d-a8d1-d334d367946a;Ferienhaus Lachenweg;Das wahre Paradies auf 1000m.ü.M. mit fantastischer Sicht auf den Bodensee. ;<p>Das gem&uuml;tliche Ferienhaus liegt im Gr&uuml;nen und bietet Ruhe und Erholung. Das Appenzeller Heilbad befindet sich ganz in der N&auml;he.&nbsp;Grub, Heiden und Rehetobel sind in ca. 10 Autominuten erreichbar. Das Haus bietet Platz f&uuml;r 1-5 Personen (127m2)</p><ul><li>EG: Wohnzimmer mit TV, K&uuml;che, 1 Schlafzimmer mit Doppelbett, Dusche, WC</li><li>OG: 1 Schlafzimmer mit Doppelbett und 2 Einzelbetten, 1 Einzelzimmer</li><li>UG: Waschraum mit Gefrierschrank und Waschmaschine</li></ul><p>Umgebung: Gartensitzplatz mit Grill, Tisch und Liegest&uuml;hlen&nbsp;<br>Zufahrt mit Auto und 2 Parkpl&auml;tze vorhanden</p><p>Termine: Wochenweise Sa-Sa w&auml;hrend Schulferien, andere auf Anfrage. Mind. 5 Tage, Anreise w&auml;hlbar.</p><p>Preise:</p><ul><li>Pro Woche f&uuml;r 2 Personen ab Fr. 770.- (exkl. Reinigung und Kurtaxe)</li><li>Jugendliche ab 16 Jahren und Erwachsene Fr. 15.- / Nacht</li><li>Kinder bis 16 Jahren Fr. 5.- / Nacht</li><li>Endreinigung Fr. 80.-</li><li>Kurtaxe Fr. 2.50 pro Person und Tag</li></ul><p>Ausstattung: K&uuml;che: 1 Esstisch, Glaskeramik, K&uuml;hlschrank, Geschirrsp&uuml;ler, Nespresso Kaffeemaschine</p><p>Diverses: Nebenkosten, Bettw&auml;sche, Badt&uuml;cher, K&uuml;chent&uuml;cher und TV/ WLAN sind inbegriffen.<br>Nichtraucherhaus. Haustiere sind nicht erlaubt</p><ul><li class="MsoNormal">Hinweis f&uuml;r SBB Zielort: Der Zielort muss auf "Rehetobel Lachenweg 266" ge&auml;ndert werden.</li><li class="MsoNormal">Haltestelle Kaien: Der Fussweg ist k&uuml;rzer und weniger H&ouml;henmeter.&nbsp;</li></ul><p>Es gilt die&nbsp;<a href="https://www.appenzell.ch/de/unterkunft/appenzeller-ferienkarte.html" target="_blank" rel="noopener">Appenzeller Ferienkarte</a></p>;9.5151257;47.4355183;Ferienhaus Lachenweg 266;9035;Grub AR;078 638 91 33;hemo13@bluewin.ch;[{'@type': 'ImageObject', 'contentUrl': 'https://alarpimtsoch.sos-ch-dk-2.exoscale-cdn.com/catalog/4/a/2/b/4a2bcab94bad7a3d6f134ae8a348386154a876e3_Titelbild_Hausfront_3975.JPG'}];2026-09-03T02:43:43+02:00
9c30ec60-e227-4219-bce7-66ca6d7eb065;Ferienhaus Rossfall;Idyllisch gelegenes Ferienhaus mit eigenem Wald und schönem Ausblick oberhalb von Urnäsch.;<p>Mitten in der Natur, am Fusse des Alpsteins, oberhalb von Urnäsch, liegt unser historisches Ferienhaus. Trotz der ruhigen Lage ist es über die 200m entfernte Passstrasse zur Schwägalp gut erreichbar. Die vielseitigen Möglichkeiten und das breite Angebot an attraktiven Ausflugszielen in nächster Umgebung machen das Ferienhaus Rossfall zur aussergewöhnlichen Location für Ihren Event. Die schöne und gemütliche Unterkunft kann 57 Personen in 11 verschiedenen Zimmern beherbergen. Das Ferienhaus kann als Halbpension oder Vollpension gebucht werden. Die Küche wird ausschliesslich von unserer Hüttenwartin genutzt. </p><p></p>;9.276449900000001;47.281083200000005;Rossfall 421;9107;Urnäsch;+41 79 914 87 43;info@ferienhaus-rossfall.ch;http://www.ferienhaus-rossfall.ch/;[{'@type': 'ImageObject', 'contentUrl': 'https://alarpimtsoch.sos-ch-dk-2.exoscale-cdn.com/catalog/f/a/a/a/faaad843029babe9cec79b200b5bd61290e5daa9_Ferienhaus_Rossfall1.jpg'}];2026-09-03T02:43:42+02:00
9e56525d-097c-45be-8254-7d7aeaa4dff4;flueli holiday home, Urnäsch;Freistehendes Ferienhaus an sonniger und zentraler Lage, grosszügiger Gartensitzplatz mit schönem Bick auf den Alpstein.;<p>Lust, einmal dem Stadt-Alltag zu entgehen, oder das Gewohnte hinter sich zu lassen? Oder das Homeoffice mit traumhafter Sicht auf die Berge und sanftem Bachrauschen im Hintergrund, zu verlegen? Freude am Wandern, Golfen, Biken oder Langlaufen? <br><br>Ein freundliches Appenzeller Haus im traditionsreichen und attraktiven Urn&auml;scher Dorfkern freut sich auf Ihren Besuch. <br>Das Haus an S&uuml;dhanglage ist freistehend, 2-st&ouml;ckig, ca. 100 Jahre alt und wurde 2021/22 leicht renoviert mit durchgehend neuen Bio Vinyl B&ouml;den, Parkett im Wohnzimmer und mehrheitlich neuen Fenstern und hell gestalteten Zimmern. Im Wohn- und Schlafbereich im 1.OG ist die Zimmerh&ouml;he 2m, im Schlafbereich 2.OG 1.90 m.<br>Zwei freistehende Parkpl&auml;tze stehen zur alleinigen Ben&uuml;tzung zur Verf&uuml;gung.&nbsp;<br><br>Neben den vier Zimmern hat es eine K&uuml;che mit folgenden Ger&auml;ten:</p><ul><li>Drei Herdplatten und Backofen</li><li>Nespresso Kaffeemaschine,&nbsp;Wasserkocher</li><li>Haushaltmaschine</li><li>Toaster</li><li>Raclette Ofen, K&auml;se- und Chinoise Ger&auml;te</li><li>K&uuml;hlschrank, Geschirrsp&uuml;ler und &uuml;bliche K&uuml;chenutensilien</li></ul><p>Das Bad beinhaltet Badewanne, separate Dusche, Lavabo, Handtuchw&auml;rmer, F&ouml;n und Frott&eacute;ew&auml;sche. Das WC ist separat. Das Haus kann mit einem &ouml;lbefeuerten Kachelofen und individuellen Elektro-Heizk&ouml;rpern beheizt werden.</p><p>Mindestaufenthalt: 4 N&auml;chte</p><h4>Hier gilt die&nbsp;<a href="https://www.appenzell.ch/de/unterkunft/appenzeller-ferienkarte.html">Appenzeller Ferienkarte</a></h4>;9.281473175345198;47.317683117492;Oberdorf 12;9107;Urnäsch;+41 79 341 97 10;marlis.cortesi@bluewin.ch;https://www.flueli-urnaesch.ch;[{'@type': 'ImageObject', 'contentUrl': 'https://alarpimtsoch.sos-ch-dk-2.exoscale-cdn.com/catalog/e/2/8/f/e28f8ccb766c62ce7fb30b1f14f74c7f570bdedf_Hausansicht_von_west_20260523_neu__2.jpg'}];2026-09-03T14:40:51+02:00
a0009abd-7e54-40a4-a8e6-6361e2e7c66c;Schäfli Waldstatt;Das 2018 neu erstellte Gasthaus Schäfli, befindet sich mitten im Dorfkern von Waldstatt, 100 m ab Bahnhof.;<p>Im Gasthaus Sch&auml;fli befinden sich vier neue, komfortabel eingerichtete G&auml;stezimmer. Die vier hellen und freundliche Doppelzimmer werden mit oder ohne Fr&uuml;hst&uuml;ck angeboten. Nach Absprache ist auch Halbpension m&ouml;glich. Alle Zimmer mit Dusche/WC, Radio/TV, WLAN, Schreibtisch und Schallschutzfenster. Auf Wunsch mit zwei Einzelbetten. Zwei Zimmer mit herrlicher Sicht auf das Alpsteinmassiv, zwei Zimmer auf der Nordseite an ruhiger Lage. Die Zimmer sind geeignet f&uuml;r Business, Monteure, Wanderferien oder Genuss-Tage. Parkm&ouml;glichkeiten sind in n&auml;chster N&auml;he gew&auml;hrleistet. Selbst&auml;ndiger Zimmerbezug mit Code und Zugangskarte. Separater Aufenthaltsraum mit voll ausgestatteter K&uuml;che und Kaffeemaschine zur kostenlosen Ben&uuml;tzung.</p><p>Im Restaurant Sch&auml;fli stehen kulinarische K&ouml;stlichkeiten und saisonale Spezialit&auml;ten auf der Speisekarte. Im Sommer l&auml;dt die Gartenterrasse zum Verweilen und Geniessen ein.&nbsp;</p><p>Es gilt die&nbsp;<a href="https://www.appenzell.ch/de/unterkunft/appenzeller-ferienkarte.html" target="_blank" rel="noopener">Appenzeller Ferienkarte</a></p>;9.284918800000002;47.3569021;Mittelstrasse 7;9104;Waldstatt;+41 79 480 06 06;kellenberger@biwa-immo.ch;http://www.schaefli-waldstatt.ch/;[{'@type': 'ImageObject', 'contentUrl': 'https://alarpimtsoch.sos-ch-dk-2.exoscale-cdn.com/catalog/9/0/4/9/9049447cec45751aa913d44dc82b5937069c2c83_schaefli_waldstatt.jpg'}];2026-09-03T02:39:53+02:00
a1e34583-fdd5-41e9-af4f-ee6f9aee931b;Ferienwohnung Traube;Ferien auf dem Land;<p class="MsoNormal">Mitten im Dorf von Urn&auml;sch ist die Ferienwohnung Traube mit Blick auf den Dorfplatz und ins Gr&uuml;ne hinter dem Haus.</p><p class="MsoNormal">Die einfach eingerichtete Ferienwohnung verf&uuml;gt &uuml;ber eine K&uuml;che, Esszimmer, Badezimmer, ein Doppelzimmer (mit Kinderbett) und ein Bettsofa in der Stube.</p><p class="MsoNormal">Bei Bedarf k&ouml;nnen weitere Zimmer dazu gemietet werden.</p><p class="MsoNormal">Falls der Wunsch mit Fr&uuml;hst&uuml;ck besteht wir dieses nach Absprache zubereitet.</p><p class="MsoNormal">Die zentrale Lage, ist ideal f&uuml;r Ausfl&uuml;ge zu Fuss, mit dem Zug oder Postauto.</p><p class="MsoNormal">Der S&auml;ntis und der Kronberg sind innert weniger als einer Stunde mit dem &ouml;ffentlichen Verkehr <span style="mso-spacerun: yes;">&nbsp;</span>erreichbar.</p><p class="MsoNormal">Das lebende Brauchtum kann vor der T&uuml;re erlebt werden. Sei es der alte (13. Januar) oder neue (31. Dezember) Silvester, die Alpaufz&uuml;ge und Alpabz&uuml;ge und noch vieles mehr.</p><h4>Hier gilt die&nbsp;<a href="https://www.appenzell.ch/de/unterkunft/appenzeller-ferienkarte.html">Appenzeller Ferienkarte</a></h4>;9.2825391;47.3166146;Unterdorfstrasse 1;9107;Urnäsch;079 933 55 83;margrit.nabulon@bluewin.ch;https://www.ferienwohnung-traube.ch/;[{'@type': 'ImageObject', 'contentUrl': 'https://alarpimtsoch.sos-ch-dk-2.exoscale-cdn.com/catalog/f/3/5/a/f35a0197bd7733175bfc8827eddd56960382fc82_Dorf_Haus.jpg'}];2026-09-03T13:16:38+02:00
a25068c8-6fde-4423-9672-fda8d59ca0ef;BnB Sonder Urnäsch;Ihr Rückzugort im Appenzellerland;<p class="MsoNormal">Erleben Sie herzliche Gastfreundschaft in unserem liebevoll renovierten Bed &amp; Breakfast. Es erwarten Sie vier bis sechs gem&uuml;tliche &Uuml;bernachtungspl&auml;tze, die Ihnen einen unvergesslichen Aufenthalt inmitten der Natur bieten.</p><p class="MsoNormal">Geniessen Sie ein traditionelles Appenzeller Fr&uuml;hst&uuml;ck, w&auml;hrend Sie den Blick auf die sanften H&uuml;gel werfen. Die Schafe, in unmittelbarer N&auml;he, mit ihrer fr&ouml;hlichen Art, laden zu entspannten Spazierg&auml;ngen ein und bieten die M&ouml;glichkeit, in die Ruhe der Umgebung einzutauchen.</p><p class="MsoNormal">Das Appenzellerland vereint Freizeit und Kultur auf harmonische Weise. Hier k&ouml;nnen Besucher traditionelle Br&auml;uche wie das Silvesterchlausen, Alpfahrten, aber auch Ausfl&uuml;ge in den Alpstein oder auf umliegende H&uuml;gel oder regionale Spezialit&auml;ten geniessen. Verschiedene H&ouml;hepunkte sind mit einer Luftseilbahn erschlossen.<br>Wir freuen uns darauf, Sie bei uns willkommen zu heissen und Ihnen die Sch&ouml;nheit und Gastfreundschaft des Appenzellerlandes n&auml;herzubringen.</p><h4>Hier gilt die <a href="https://www.appenzell.ch/de/unterkunft/appenzeller-ferienkarte.html">Appenzeller Ferienkarte</a></h4>;9.2888716;47.3357509;Sonder 945;9107;Urnäsch;+41 77 440 66 88;kontakt@bnb-sonder.ch;https://www.bnb-sonder.ch/;[{'@type': 'ImageObject', 'contentUrl': 'https://alarpimtsoch.sos-ch-dk-2.exoscale-cdn.com/catalog/8/8/3/f/883f64bf3e2ffce7e68cdef0c87f8beb446a9f10_DJI_0638.jpg'}];2026-09-03T13:06:20+02:00
a46c2024-d00b-44bf-858c-26802f9f3c6f;Stellplatz «Kirche»;Stellplatz im Zentrum von Heiden.;Der Kiesparkplatz bietet Platz für zwei Camper mit Parkverhalten. In kurzer Gehdistanz entdecken Sie einige Einkaufsmöglichkeiten und Restaurants sowie den Bahnhof, Postautohaltestellen, Schwimmbad, Kino, Spielplatz und eine Abfalltrennstation. Übernachten in Fahrzeugen ist nur mit eigenem WC erlaubt.

Der Stellplatz befindet sich auf dem Kiesplatz der Kirche. Es wird gebeten, auf Kirchengäste Rücksicht zu nehmen.

Maximale Aufenthaltsdauer: 3 Nächte
Öffentliche Toiletten: Post/Friedhof geöffnet von 06.00 – 22.00 Uhr
Preis: CHF 12.20 pro Nacht inkl. 1 Person, Bezahlung via Parkn Sleep (QR-Code vor Ort scannen oder Internetseite besuchen) ;9.534995751998174;47.4450565;Kirchplatz 3;9410;Heiden;+41 71 898 33 01;stellplatz@kurvereinheiden.ch;https://www.kurvereinheiden.ch/stellpl%C3%A4tze-f%C3%BCr-camper;[{'@type': 'ImageObject', 'contentUrl': 'https://alarpimtsoch.sos-ch-dk-2.exoscale-cdn.com/catalog/3/8/f/e/38fe1e5e5ab71135de422deb82357f3a27819ab8_Kirche1.jpeg'}];2026-09-03T02:43:34+02:00
a537d44b-5b10-447c-8b6a-cec31532e9cd;Hotel zur Krone Gais;Das Hotel zur Krone liegt direkt am Dorfplatz und ist somit ein attraktiver Ausgangspunkt für verschiedene Wanderungen.;<p>Mitten auf dem historischen Dorfplatz pr&auml;sentiert sich das Hotel als idealer Ausgangspunkt f&uuml;r Wanderungen. 25 Doppelzimmer sind mit Dusche oder Bad ausger&uuml;stet. Wir verf&uuml;gen &uuml;ber ein kostenloses W-Lan. Im Weiteren bietet es drei S&auml;le mit Kapazit&auml;t bis zu 200 Personen an und ein wundersch&ouml;nes, heimeliges Restaurant, wo Appenzellerspezialit&auml;ten sowie andere &agrave; la carte Gerichte serviert werden. Die R&auml;umlichkeiten eignen sich f&uuml;r Seminare und andere Veranstaltungen.</p><h4>Hier gilt die&nbsp;<a href="https://www.appenzell.ch/de/unterkunft/appenzeller-ferienkarte.html">Appenzeller Ferienkarte</a></h4>;9.453498085041957;47.36252725;Dorfplatz 6;9056;Gais;+41717900690;info@krone-gais.ch;http://www.krone-gais.ch/;[{'@type': 'ImageObject', 'contentUrl': 'https://alarpimtsoch.sos-ch-dk-2.exoscale-cdn.com/catalog/a/7/e/d/a7edd32691c3b600a79f317344f2782ee2555ae9_DSC01457.JPG'}];2026-09-03T14:42:02+02:00
a7419508-b100-428a-b308-5a3127d0e4e2;Wirtschaft Rütegg;Die Wirtschaft «Rütegg» ist ein Wander- und Literaturbeizli in Oberegg im Appenzeller Vorderland.;<p>Die Wirtschaft R&uuml;tegg liegt an einem stillen Ort abseits der grossen Strassen. Eine kleine Gartenbeiz l&auml;dt zum Verweilen und Geniessen ein, mit Sicht auf den Bodensee und die ganze Vorarlberger Alpenkette. Die &laquo;R&uuml;tegg&raquo; - ein Beizli f&uuml;r Menschen, die Ruhe, Gem&uuml;tlichkeit und Kultur sch&auml;tzen.</p>;9.5270095;47.422786;Rüteggstrasse 48;9413;Oberegg;+41 71 888 15 56;ruetegg.oberegg@bluewin.ch;http://www.ruetegg.ch/;[{'@type': 'ImageObject', 'contentUrl': 'https://alarpimtsoch.sos-ch-dk-2.exoscale-cdn.com/catalog/1/0/3/e/103ec9113f85afb6f4e61f241ce59318dcd4edb3_Restaurant_R__tegg.jpg'}];2026-09-03T02:43:30+02:00
a7d1e888-3bf4-49d6-b22b-e5a3249f1e2a;Feuerstelle Rämsen;9.440909028053285;47.387098612281285;Rämsen;9055;Bühler;[{'@type': 'ImageObject', 'contentUrl': 'https://alarpimtsoch.sos-ch-dk-2.exoscale-cdn.com/catalog/e/5/5/9/e559ea83f26ce3f0e986df6a4b23abd178ac2268_10_2020_b__hler_r__msen__8_.JPEG'}];2026-09-03T02:41:20+02:00
a874d857-f224-4433-af74-632ed22c4224;B&B Strickerhof;Wunderschönes Zimmer im malerischen Appenzellerland.;Der Bauernhof mit Blick auf den Säntis liegt am Fusse der Hundwiler Höhi. Sie erleben verschiedene Tiere wie Kühe, Kälber, Schafe, Hühner und Katzen. Das neuwertige, wunderschöne Zimmer mit 2 Schlafplätzen und einem Extrabett verfügt über ein integriertes Badezimmer. Geniessen Sie auch das Frühstück mit vielen selbstgemachten oder regionalen Produkten. 

Mindestaufenthalt: 1 Nacht;9.30668;47.335421000000004;Egg 417;9064;Hundwil;+41 71 364 24 18;e-l-stricker@bluewin.ch;https://bnb.ch/strickerhof-2897/?gad_source=1&gad_campaignid=1680466712&gclid=EAIaIQobChMI__2nssSalgMVdqODBx3ksBXpEAAYASAAEgKoF_D_BwE;[{'@type': 'ImageObject', 'contentUrl': 'https://alarpimtsoch.sos-ch-dk-2.exoscale-cdn.com/catalog/b/2/7/f/b27f3e77529facaee1332b9e6c6dd337d5bbc920_strickerhof.jpg'}];2026-09-03T02:41:24+02:00
a9767e7f-ca2c-48bf-89c0-3d502fc09e08;Feuerstelle Risi;Feuerstelle mit Rost und einem Holzbank.;<p>Am Waldrand liegt die Feuerstelle Risi mit sch&ouml;ner Aussicht in Richtung Bodensee.<br><br></p>;9.528879;47.42636;Kirchplatz 6;9410;Heiden;+41 71 898 89 89;gemeinde@heiden.ar.ch;http://www.heiden.ch/de/;[{'@type': 'ImageObject', 'contentUrl': 'https://alarpimtsoch.sos-ch-dk-2.exoscale-cdn.com/catalog/3/f/d/f/3fdfdd07df26efed7f21bd9e564bc61abaf6a2b7_Feuerstelle.jpg'}];2026-09-03T02:42:01+02:00
a98e26e4-1a26-4588-a251-aa19fbe9c3d9;Säntis - Führungen Schwägalp und Säntisgipfel;Ob auf dem Gipfel oder im Tal - es gibt einiges zu erleben!;Schauen Sie dem Käser auf der Schwägalp bei der Arbeit zu, erfahren Sie Interessanten über den NaturErlebnispark oder tauchen Sie in die Erlebniswelt auf dem Gipfel ein. 
Entdecken sie unsere vielfältigen Führung:
- Öffentliche «Säntisgipfel»-Führung (montags)
- Führung «Säntisgipfel»
- Führung «Säntis - der Wetterberg»
- Hotelführung «Säntis - das Hotel»
- Führung «Bahnanlage der Talstation»
- Führung «Alpschaukäserei Schwägalp»
- Führung «NaturErlebnispark entdecken»
- Führung «NaturErlebnispark vertiefen»

Dauer: ca. 1-2 Stunden
Teilnehmer: Ab 8 Personen
Kosten: pro Gruppe CHF 190.00 / kombiniert mit einer Gastronomieleistung in einem der Gasthäuser kostet die Führung pro Gruppe CHF 130.00. Die Führung «NaturErlebnispark vertiefen» kostet CHF 250.00 pro Gruppe;9.3192548;47.256134;9107;Schwägalp Säntis;+41713656545;event@saentisbahn.ch;https://saentisbahn.ch/erlebnis/seminare-gruppen/gruppen-und-rahmenprogramme/;[{'@type': 'ImageObject', 'contentUrl': 'https://alarpimtsoch.sos-ch-dk-2.exoscale-cdn.com/catalog/0/8/e/b/08eb9d7af268391f13437b90b61a9295c76d529f_Computerformat_4_3_schwellbrunn_sitz_s__ntis.jpg'}];2026-06-10T10:54:42+02:00
aa5aea44-df70-4d93-96ca-ffe2f100c68f;Berggasthaus Fuchsacker;Restaurant mit Aussicht für Wanderer, Festfreudige und Geniesser;<p>Im Gasthaus Fuchsacker l&auml;sst sich gut sein: sei es f&uuml;r eine Rast auf einer Wanderung, f&uuml;r gem&uuml;tliche und genussvolle Stunden zu zweit oder in einer gr&ouml;sseren Gruppe, oder Sie &uuml;bernachten im Gasthaus und geniessen die Ruhe inmitten der Natur. Das Gasthaus liegt am Rande des Appenzellerlands auf Schwellbrunner Gebiet, die Grenze zum st.gallischen Degersheim ist nah. Die Aussicht &uuml;ber die h&uuml;gelige Landschaft ist herrlich, im S&uuml;den zeigt sich das Alpsteinmassiv mit dem S&auml;ntis. Wanderwege und Velorouten f&uuml;hren aus allen Richtungen auf den 969 Meter &uuml;ber Meer liegenden Punkt. Neben dem Gasthaus gibt es einen Kinderspielplatz. F&uuml;r Wintersport locken ein Skilift und Langlaufloipen in der N&auml;he.</p>;9.206966757774355;47.361007584271675;Fuchsacker 654;9113 ;Degersheim;+41 76 297 21 66;fuchsacker@bluewin.ch;https://fuchsacker.ch/;[{'@type': 'ImageObject', 'contentUrl': 'https://alarpimtsoch.sos-ch-dk-2.exoscale-cdn.com/catalog/5/2/2/f/522f621bae02fefedac7243008d244defa24cef5_1.jpeg', 'caption': {'de': 'Das Gasthaus Fuchsacker liegt mitten in der Natur mit Wald und Wiesen'}}];2026-09-03T02:41:48+02:00
ab428c3e-2769-431d-a90f-f828dce554b0;Feuerstelle Blumenstein;9.2313766;47.3125047;Unterdorf 5;9105;Schönengrund;+41 71 361 18 18;http://www.schoenengrund.ch/de/;[{'@type': 'ImageObject', 'contentUrl': 'https://alarpimtsoch.sos-ch-dk-2.exoscale-cdn.com/catalog/f/f/a/8/ffa832f47a77ce2e829d898b0703439242788d53_08_2020_sch__nengrund_blumenstein__3_.jpg'}];2026-09-03T02:41:53+02:00
ab74fa35-8062-4a36-8b1a-825c89c0d5c5;Feuerstelle Oberegg Bärenpärkli;9.552204608917236;47.42277382897845;Feldlistrasse 1;9413;Oberegg;+41 71 898 50 80;info@oberegg.ai.ch;https://www.oberegg.ch/freizeit/freizeitangebote/freizeitplaetze/baerenpaerkli.html/145;[{'@type': 'ImageObject', 'contentUrl': 'https://alarpimtsoch.sos-ch-dk-2.exoscale-cdn.com/catalog/a/5/9/a/a59ae5fd8357ebd5bd4b61dce5996d8df0b78a8a_04_2022_oberegg_dorf_af.jpg'}];2026-09-03T02:41:55+02:00
ac04d30c-dd48-4141-bff4-c9a71a565768;Bären - Das Gästehaus;Der Bären ist ein schmuckes Hotel mit geschmackvoll eingerichteten Zimmern.;<p>Das schmucke Hotel mit neun geschmackvoll eingerichteten Doppelzimmern, eingebettet in der malerischen Appenzeller H&uuml;gellandschaft, bietet den G&auml;sten h&ouml;chsten Komfort zum Wohlf&uuml;hlen und Entspannen. Mit viel Liebe zum Detail wird hier alt und neu harmonisch kombiniert. Ob Ruhe und Erholung oder Aktivit&auml;t und Sport, der B&auml;ren ist der Ort um dem Alltag zu entrinnen.</p><h4>Hier gilt die&nbsp;<a href="https://www.appenzell.ch/de/unterkunft/appenzeller-ferienkarte.html">Appenzeller Ferienkarte</a></h4><p>&nbsp;</p>;9.4537962;47.3546276;Zwislenstrasse 42;9056;Gais;+41 71 793 11 77;info@baerengais.ch;http://www.baerengais.ch/;[{'@type': 'ImageObject', 'contentUrl': 'https://alarpimtsoch.sos-ch-dk-2.exoscale-cdn.com/catalog/f/e/f/0/fef0b2d809445a00ae38e4b1291287c90d07570b_hotel_baeren_176.jpg'}];2026-09-04T12:02:49+02:00
ac436c8b-75ef-4ee4-964c-07ff34980cec;Hans Sturzenegger - Hackbrett und Witz;Nebst dem Hackbrettspielen Witze erzählen; auf die feine Art und im schönsten Appenzeller Dialekt, das ist eine Passion von Hans Sturzenegger!;<p>Auch weiss er viel &uuml;ber den Bau und die Geschichte des Hackbretts sowie Appenzeller Br&auml;uche zu erz&auml;hlen. Vor einigen Jahren wurde Hans Sturzenegger in Gais an einem Witz-Slam zum 1. Witzk&ouml;nig vom Appenzellerland ernannt.</p><p>Nebst einem Hackbrett-Soloauftritt bestehen, bei gr&ouml;sseren Gruppen oder auf Wunsch, weitere Auftrittsm&ouml;glichkeiten:</p><ul><li>Hackbrett und Handorgel</li><li>Hackbrett, Handorgel, Bassgeige</li><li>Hackbrett, Handorgel, Geige, Bassgeige</li><li>Talerschwingen und Schellensch&ouml;ttlen</li></ul>;9.4487303;47.4204203;Obere Kohlhalden 19;9042;Speicher;+41 71 344 29 12;info@hackbrettmusik.ch;http://www.hackbrettmusik.ch;[{'@type': 'ImageObject', 'contentUrl': 'https://alarpimtsoch.sos-ch-dk-2.exoscale-cdn.com/catalog/1/c/5/8/1c589fdb89b97d5e15baa6ad80a2f41acb85f77a_DSC08407.JPG'}];2026-06-10T10:54:42+02:00
ae0a35ea-5a60-4658-8eb2-520ac9f28a7b;Goba Manufaktur (Bühler) - Erlebnisführung;Tauchen Sie ein in die Welt der Goba und erhalten Sie einen Überblick in die mit Bedacht von Hand gemachten Produkte. In der Manufaktur am Standort in Bühler wird an Rezepturen getüftelt. Hier sind auch das Bestellbüro und sämtliche Logistik inkl. Versand beheimatet.;Mit der Goba Manufaktur wurde dem Kerngeschäft einen Zweig hinzugefügt, in dem Kräuter, Beeren und Blüten die Hauptrolle spielen. Eigentlich naheliegend für das Unternehmen, dessen Herzstück natürliche und regionale Produkte sind. Die Manufaktur Spezialitäten reichen von Bitter über erlesene Liköre bis hin zu Teemischungen, Punsche, Sirupe oder Konfis und werden nach eigenen Rezepten handgefertigt . 

In Bühler AR erhielt die Goba Manufaktur 2014 ein neues Zuhause. In der wunderbaren Tüftelküche entstehen mit "Bedacht von Hand gemachte" Köstlichkeiten und neben legendären Klassikern auch saisonale Experimente und spannende Innovationen. Sehen Sie wie fleissige Hände in glänzenden Töpfen rühren, feinste Köstlichkeiten in schmucke Gläschen und Flaschen abgefüllt oder unzählig viele Nidelzeltli von Hand gebrochen und verpackt werden.

Bei uns dürfen Sie aber auch gleich selbst Hand anlegen und Ihr eigenes Kräutersalz herstellen. Auf dem 2 stündigen Rundgang erwarten Sie mehrere Degustationspunkte, ein regionaler Apéro und viel Spannendes rund um die Geschichte der Goba.;9.4054825116409;47.375833854044;Austrasse 8;9055;Bühler;+41 71 795 30 50;info@goba-welt.ch;https://goba-welt.ch/standorte-anfragen/betriebsbesichtigung;[{'@type': 'ImageObject', 'contentUrl': 'https://alarpimtsoch.sos-ch-dk-2.exoscale-cdn.com/catalog/6/0/1/3/6013739146ee387e359a9ddaa0ae6a8eb4da0638_Goba_Bild_.jpg'}];2026-06-10T10:54:42+02:00
ae31d25f-f4de-4f96-bc16-cf5fba72c205;TEST Ferienwohnung;test;test;9.3479842;47.4134074;Fürstenlandstrasse 53;9000;St. Gallen;+41 71 999 18 07;thomas.solenthaler@tso.ch;https://tso.ch;[{'@type': 'ImageObject', 'contentUrl': 'https://alarpimtsoch.sos-ch-dk-2.exoscale-cdn.com/catalog/b/c/e/c/bcec85a93b2795a5660447fac0f9d916c0231257_6515008829_4aba0aac1f_o.jpg'}];2026-09-03T02:43:26+02:00
ae7dac70-d70b-4187-b11c-63ce5dc842af;Auenland;Der aussergewöhnliche Veranstaltungsort im Appenzellerland!
Ideal für Seminare, Tagungen, Feierlichkeiten und Kulturveranstaltungen.;Das Auenland bietet eine Plattform für echte Begegnungen, gemeinsame Erlebnisse und den direkten sozialen Austausch eingebettet in die Hügel des Appenzellerlands. Bei uns erleben Sie Raum und Zeit in privater, einzigartiger Atmosphäre. 50ger Jahre Industrie-Charme trifft auf natürliche Fauna und Flora, lichtdurchflutete Werkhallen mit Aus- und Weitblick erwarten Sie. Unsere Räume lassen sich miteinander verbinden und weit öffnen. Wir kombinieren Neues mit Altbewährtem. Wir setzen auf Design, moderne Veranstalttungstechnik, eine flexible Raumgestaltung und richtig guten Kaffee. Räume für den Dialog, Wohlbefinden und Inspiration — zum Arbeiten oder zum Feiern — drinnen und draussen.;9.3560887;47.3599816;Sägehüsli 174;9063;Stein;+41 79 613 99 62;hallo@auen-land.ch;https://auen-land.ch;[{'@type': 'ImageObject', 'contentUrl': 'https://alarpimtsoch.sos-ch-dk-2.exoscale-cdn.com/catalog/4/0/1/8/40185d607730cae85218ec948c62ed619f04b210_IMG_4757.jpg'}];2026-06-10T10:54:42+02:00
af20188e-a87b-4a89-9a01-212eca4061f4;Freewings Gleitschirm Schnupperkurs ;Selber fliegen erleben: Lerne an unserem Übungshang die Grundkenntnisse des Gleitschirmfliegens und staune, wie schnell du alleine abhebst. ;<p>Der Schnupperkurs von Freewings ist der perfekte Einstieg, um das Gef&uuml;hl vom Fliegen selbst zu erleben. An unserem &Uuml;bungshang lernst du den Umgang mit dem Material und die wichtigsten Grundkenntnisse. Du wirst &uuml;berrascht sein, wie schnell du bereits nach kurzer Zeit deine ersten kleinen H&uuml;pfer ganz alleine machst. Nebst normaler k&ouml;rperlicher Gesundheit sind&nbsp;keine Vorkenntnisse n&ouml;tig &ndash; unsere Fluglehrer f&uuml;hren dich Schritt-f&uuml;r-Schritt sicher in dieses einzigartige Abenteuer ein. Erhalte einen Einblick in die Welt des Gleitschirmfliegens und sp&uuml;re die Faszination der Luft. Ideal f&uuml;r alle, die wissen m&ouml;chten, ob das Fliegen ihre neue Leidenschaft wird.</p>;9.343278;47.374778;Dorfplatz ;9063;Stein AR;+41 71 793 92 91 ;info@freewings.ch;https://www.freewings.ch/;[{'@type': 'ImageObject', 'contentUrl': 'https://alarpimtsoch.sos-ch-dk-2.exoscale-cdn.com/catalog/3/7/f/a/37fabb1d3ea8575c2d6c7b9a379bed9e37d092c9_Schnupperkurs11.jpg'}];2026-09-03T02:43:18+02:00
af272a07-8535-49de-b55b-0f397cbbaea2;Panorama-Restaurant Säntisgipfel;Geniessen Sie auf 2502 m ü. M. den Ausblick auf das umliegende Alpenpanorama und entdecken Sie unser kulinarisches und kulturelles Angebot.;<p><strong>Hinweis: Die S&auml;ntis-Schwebebahn ist infolge Erneuerung der Bahn von 1. Mai bis Sp&auml;therbst 2026 eingestellt. Das Panorama-Restaurant S&auml;ntisgipfel ist geschlossen. Das Hotel und die Restaurationsbetriebe auf der Schw&auml;galp sind ge&ouml;ffnet.</strong></p><p>Der S&auml;ntisgipfel liegt 2502 Meter &uuml;ber Meer und ist damit der h&ouml;chste Punkt des Appenzellerlandes. Kulinarisch verw&ouml;hnen lassen kann man sich hier aber genauso wie im Tal, sei es im bedienten oder im Selbstbedienungs-Bereich des Restaurants. Neben den kulinarischen Highlights erleben Sie ausserdem an den Erlebnisfahrten atemberaubende Sonnenaufgangsfahrten, Sonnenunterg&auml;nge und sternenklare Nachthimmel.</p><p>&nbsp;</p>;9.3425129;47.2492861;9107;Säntis;+41 71 365 65 00;gipfel@saentisbahn.ch;https://saentisbahn.ch/gastronomie/saentisgipfel/;[{'@type': 'ImageObject', 'contentUrl': 'https://alarpimtsoch.sos-ch-dk-2.exoscale-cdn.com/catalog/3/d/8/f/3d8fbbd3ada6a919d6f515d7881aa78c339a6a88_16_07_20_3029.jpg'}];2026-07-10T08:31:43+02:00
afe739a8-919c-442b-9fd1-df6270f6ec49;Feuerstelle Furth;9.295624494552614;47.32462147225032;Dorfplatz 1;9107;Urnäsch;+41 71 364 26 40;praesident_verkehrsvereinurnaesch@protonmail.com;[{'@type': 'ImageObject', 'contentUrl': 'https://alarpimtsoch.sos-ch-dk-2.exoscale-cdn.com/catalog/d/f/6/6/df66af36f07c1b6e56c3f0504c0bd189dd8a4735_01_2021_urn__sch_furth.jpg'}];2026-09-03T02:43:21+02:00
b1812f24-e14c-424b-9751-0eefea7459ec;Stiftung historische Appenzeller Bahnen - Erlebnisfahrten;Bereit für ein Bahn-Abenteuer? Erleben Sie eine einmalige Nostalgiefahrt mit der Stiftung der historischen Appenzeller Bahnen. Die historischen Fahrzeuge aus den Baujahren 1886 bis 1948 garantieren mit ihrem Charme eine unvergessliche Reise in die Vergangenheit.;<p><strong>Charterfahrten</strong> <br>Auf Anfrage organisieren wir f&uuml;r Ihren individuellen Gesch&auml;ftsanlass, Vereins- oder Familienausflug eine Extrafahrt mit historischem Rollmaterial, das Catering im Zug und ein erg&auml;nzendes Rahmenprogramm. Ein einmaliges Erlebnis ist garantiert! <br><a title="HTML Code Generator" href="https://www.stiftungab.ch/nostalgiefahrt.html#Interesse" target="_blank" rel="noopener">Zur Offertanfrage</a></p><p>&nbsp;</p>;9.40956;47.32856;St. Gallerstrasse 53;9102;Herisau;+41 71 354 50 60;reisedienst@appenzellerbahnen.ch;https://www.stiftungab.ch/Stiftung.html;[{'@type': 'ImageObject', 'contentUrl': 'https://alarpimtsoch.sos-ch-dk-2.exoscale-cdn.com/catalog/5/e/c/9/5ec95808720d651d4d88be3e12d9a1994f4c3c76_GAW_S_Drissgi__2.jpg'}];2026-06-10T10:54:42+02:00
b2648d63-84f1-4dad-b646-b5a56dd5430e;Feuerstelle Staubmühle;9.542216062545776;47.4536017406339;9427;Wolfhalden;[{'@type': 'ImageObject', 'contentUrl': 'https://alarpimtsoch.sos-ch-dk-2.exoscale-cdn.com/catalog/b/b/3/e/bb3e492f549694f27ddcf3e738f8ec4a3a323d52_heiden_wolfhalden_grillstelle_br__cke.jpg'}];2026-09-03T02:43:28+02:00
b3003e02-0727-48d3-bbe5-7a338fe4766f;Gästehaus Butendiek im Kinderdorf Pestalozzi;Ihr Anlass an einem einzigartigen Ort

Im Herzen von Appenzell, nur 20 Minuten von St. Gallen entfernt, bietet das Kinderdorf Pestalozzi den idealen Rahmen für Ihren Event. Mit sechs Seminarräumen, vier Eventräumen und einzigartigen Übernachtungsmöglichkeiten passt sich unser Angebot an Ihre Bedürfnisse an. Geniessen Sie flexible Raumgestaltungen, attraktive Pauschalen sowie Cateringmöglichkeiten.;<p>W&auml;hlen Sie aus ger&auml;umigen Sitzungszimmern mit moderner technischer Ausstattung, dem Andachtshaus, Open-Air-Workspaces und dem Pavillon und finden Sie die R&auml;umlichkeiten, die am besten zu Ihren Bed&uuml;rfnissen passen. Mit unseren Seminarpauschalen erhalten Sie ein Rundum-Paket, das die Raummiete, Kaffee und Gipfeli, ein k&ouml;stliches 2-Gang-Mittagsmen&uuml; sowie den Eintritt in unsere interaktive Ausstellung umfasst. Zus&auml;tzlich bieten wir Ihnen &Uuml;bernachtungen in einem originalen Appenzeller Haus an. Im frisch sanierten Haus Butendiek, welches Platz f&uuml;r bis zu 22 Personen bietet, erwarten Sie moderne Einzel und Doppelzimmer mit hochwertigen SAMINA-Schlafsystemen, die f&uuml;r einen erholsamen Schlaf sorgen. Ob als Seminargast, f&uuml;r ein Vereinswochenende oder eine Familienfeier &ndash; hier starten Sie den Tag mit Weitblick und Wohlgef&uuml;hl.</p>
<p>10 Einzelzimmer ab CHF 80<br>6 Doppelzimmer ab CHF 120<br>*Preise inkl. Fr&uuml;hst&uuml;ck</p>;9.459517029862655;47.403535;Kinderdorfstrasse 20;9043;Trogen;+41 71 343 73 43;l.anrig@pestalozzi.ch;[{'@type': 'ImageObject', 'contentUrl': 'https://alarpimtsoch.sos-ch-dk-2.exoscale-cdn.com/catalog/f/7/7/7/f777fd865519df3b38b9cf53e7e0eeb9657ac281_Haus_6_Neueinrichtung__40_.jpg'}];2026-09-03T02:43:16+02:00
b3cad4e6-96e1-4d4f-9cd5-89fd7cfd422f;E-Bike Hub Appenzellerland;Entdecke das Appenzellerland ohne Grenzen! Der E-Bike Hub bietet dir erstklassige E-Gravelbikes und E-Mountainbikes für jedes Terrain. Meistere knackige Anstiege mühelos mit eingebautem Rückenwind und erlebe Fahrspass pur zwischen Säntis und Bodensee. Aufsitzen und losdüsen!;<p class="MsoNormal"><strong>Freiheit auf zwei R&auml;dern &ndash; Dein Abenteuer in der Ostschweiz wartet!</strong></p><p class="MsoNormal">Willkommen beim E-Bike Hub Appenzellerland, deiner Startstation f&uuml;r unvergessliche Erlebnisse auf dem Sattel. Unsere Region ist weltber&uuml;hmt f&uuml;r ihre malerische, aber eben auch anspruchsvolle H&uuml;gellandschaft. Damit du dieses Auf und Ab in vollen Z&uuml;gen geniessen kannst, bieten wir dir die perfekten Begleiter: moderne E-Gravelbikes und kraftvolle E-Mountainbikes (Fully).</p><p class="MsoNormal" style="margin-bottom: 12.0pt;"><strong>E-Gravel oder E-MTB? Du hast die Wahl!</strong><br>Egal, wie du die H&uuml;gel und T&auml;ler erobern willst, bei uns findest du f&uuml;r dich oder dein Team das passende Sportger&auml;t mit eingebautem R&uuml;ckenwind:</p><ul style="margin-top: 0cm;" type="disc"><li class="MsoNormal" style="mso-list: l0 level1 lfo1; tab-stops: list 36.0pt;"><strong><span style="mso-fareast-font-family: 'Times New Roman';">Die E-Gravelbikes:</span></strong><span style="mso-fareast-font-family: 'Times New Roman';"> Die perfekten Allrounder. Sie kombinieren den Leichtlauf eines Rennrads mit der Robustheit f&uuml;r Schotterwege. Ideal, um schnell, effizient und dynamisch &uuml;ber wechselnden Untergrund zu fliegen.</span></li><li class="MsoNormal" style="mso-list: l0 level1 lfo1; tab-stops: list 36.0pt;"><strong><span style="mso-fareast-font-family: 'Times New Roman';">Die E-Mountainbikes:</span></strong><span style="mso-fareast-font-family: 'Times New Roman';"> Deine Geheimwaffe f&uuml;r das grobe Gel&auml;nde. Mit satter Federung und maximalem Grip bezwingst du steile Waldwege, Wurzeln und Singletrails mit Leichtigkeit.</span></li></ul><p class="MsoNormal"><strong>Genuss und Action perfekt kombiniert</strong><br>Unsere E-Bikes unterst&uuml;tzen dich genau dann, wenn die Steigung flachgedr&uuml;ckt werden muss. So verlieren die Berge rund um den S&auml;ntis ihren Schrecken und machen einfach nur noch Spass. Du bestimmst, wie sportlich du unterwegs sein willst &ndash; den passenden Vortrieb liefern die modernen Antriebe.</p><p class="MsoNormal">Ob sportlicher Kilometerfresser, Trail-Liebhaber oder Genussfahrer, der die sch&ouml;nsten Aussichtspunkte stressfrei ansteuern m&ouml;chte: Wir haben das richtige Bike, eine professionelle Einweisung und die besten Routentipps f&uuml;r dich bereit.</p><p class="MsoNormal">Sichere dir dein Mietbike und erlebe die Ostschweiz so dynamisch, flexibel und frei wie nie zuvor!</p>;9.3734114;47.3896451;Hauptstrasse 59;9053;Teufen;+41 71 787 51 15;info@zeitreisen.ch;https://ebike-hub.ch/;[{'@type': 'ImageObject', 'contentUrl': 'https://alarpimtsoch.sos-ch-dk-2.exoscale-cdn.com/catalog/7/a/c/2/7ac29599b3780ee3277c6d7b3bb2e76e872c50e9_e_gravel_2026_flotte_04.jpg', 'caption': {'de': 'E-Gravel Flotte'}}];2026-09-03T02:42:52+02:00
b402fef6-6476-441f-8575-1a24157d0d99;Berggasthaus Tierwis;Das Berggasthaus Tierwis liegt am Sattel zwischen Graukopf und Grenzkopf, genau auf der Grenze zwischen Appenzellerland und Toggenburg.;Das Berggasthaus befindet sich auf einer Höhe von 2'085 m und bietet durch seine spezielle Lage eine wunderbare Aussicht in die umliegende Bergwelt. Richtung Norden reicht die Sicht über die sanften Hügel des Appenzellerlandes bis in den süddeutschen Raum und wer die Blicke Richtung Süden schweifen lässt, erkennt die hohen Gipfel der Alpen.  Das Restaurant hat für ungefähr 60 Leute Platz. Aussen können nochmals 40 Leute bewirtet werden und im Ganzen hat es 50 Schlafplätze für die, die über Nacht bleiben möchten.;9.328826300000001;47.2486696;Gehren 30;9107;Urnäsch;+41 71 364 12 35;info@tierwis.ch;http://www.tierwis.ch/;[{'@type': 'ImageObject', 'contentUrl': 'https://alarpimtsoch.sos-ch-dk-2.exoscale-cdn.com/catalog/3/e/7/2/3e721af783a18aa5c1d19320c2ce7f5c879155af_urn__sch_tierwis.jpeg'}];2026-09-03T02:43:00+02:00
b5afc74e-6dda-4584-8d23-f860ae0d0d3f;Ferienwohnung Dorf 5 - Kronbergblick;Übernachten mit Blick über die Hügel des Appenzellerlands bis zum Säntis. Ein wunderbarer Ort für die Einkehr.;Hier Übernachten, mit einzigartigem Blick übers Appenzellerland bis hin zum Säntis, ist zu allen Jahreszeiten ein Erlebnis.
Im stilvoll renovierten, denkmalgeschützten Haus am historischen Dorfplatz von Rehetobel, wird alte Bausubstanz mit Modernität verbunden.

Das fünfstöckige, stattliche Haus hat in seinen 230 Jahren mehreren Zwecken gedient. Wo jetzt ein hübsches "Beizli", das "Gasthaus Dorf5", mit wunderbarem Garten zum Verweilen einlädt, war früher das Postbüro von Rehetobel.
In den oberen Stockwerken, die als Telegrafenamt und Geschäftsräumen dienten, befinden sich heute drei Wohnungen mit hohem Ausbaustandard.

Die grosszügige, lichtdurchflutete Wohnung bietet einen 180 Grad Fernblick, einen schönen Balkon und grosszügige Wohnräume mit Cheminée. Durch Schiebetüren lassen sich die Räume den Bedürfnissen entsprechend wandeln.
Die natürliche Bausubstanz mit viel Holz und die grosszügige Ausstattung sind technisch und ästhetisch auf hohem Niveau. 

Von der zentralen Lage im Appenzeller Vorderland aus lassen sich das Alpsteinbegiet, die nahegelegene Bodenseeregion und die äusserst sehenswerte Stadt St.Gallen ideal erkunden.

Die Wohnung im zweiten Stock bietet für zwei bis vier Personen viel Raum und Sie finden viele gemütliche Plätzchen zum Verweilen. Kochen in der modern eingerichteten Küche macht Freude - oder lassen Sie sich lieber im "Beizli" unten verwöhnen?

Für mehr als vier Personen empfehlen wir die Wohnung "Alpsteinpanorama" im gleichen Haus.

Mindestaufenthalt: 1 Nacht (ab CHF 174)
Preis für 1 Woche: ab CHF 1'500;9.4834302;47.4262522;Dorf 5;9038;Rehetobel;+41 79 475 91 83;https://www.dorf5.ch/;[{'@type': 'ImageObject', 'contentUrl': 'https://alarpimtsoch.sos-ch-dk-2.exoscale-cdn.com/catalog/d/c/d/3/dcd305384ced498ca81b19bc04003dfb4637dde1_ferienwohnung_dorf5_rehetobel__1_.jpg'}];2026-09-03T02:43:30+02:00
b607aa5b-eac3-4000-bf3c-8b384bb6889a;Bären Hundwil – das Seminarhaus mit Stil;Die geschichtsträchtigen Räume des Bären Hundwil können für Bildungsanlässe, Tagungen und Meetings, Hochzeiten und andere Festivitäten gemietet werden.;Das Seminarhaus liegt inmitten der wunderschönen Appenzeller Landschaft. Die idyllische Lage sorgt für eine entspannte und inspirierende Atmosphäre. Darüber hinaus bietet die Umgebung zahlreiche Möglichkeiten für Outdoor-Aktivitäten und Erholung, die für ein abwechslungsreiches Rahmenprogramm sorgen können.

Das historische Gebäude wurde sorgfältig renoviert und mit zeitgemässer Technologie ausgestattet, um den Bedürfnissen moderner Seminare gerecht zu werden. Die Kombination aus traditionellem Charme und modernem Komfort wirkt einladend und strahlt Wertschätzung und Bewusstheit aus.

Sie wählen die für Sie passende Form der Gastronomie: 
– Bringen Sie den Caterer Ihrer Wahl mit oder wir empfehlen Ihnen einen Caterer.
– Nutzen Sie die Gastroküche für ein interaktives Teamkochen oder bringen Sie eine eigene Kochcrew mit.
– Wechseln Sie über die Mittagspause die vier Wände und lassen Sie es sich in einem lokalen Wirtshaus gut gehen. 

Gerne unterstützen wir Sie dabei, die passende Verpflegung für Ihren Anlass zu finden. 
Je nachdem, welche Räume Sie mieten, steht Ihnen unsere Profi-Gastro-Infrastruktur zur Verfügung – von der leistungsfähigen Kolben-Kaffeemaschine über die vollausgestattete Küche bis zu Bar und Weinkeller.

Kapazität: Je nach Raum und Art der Veranstaltung, fünf bis 500 Personen.;9.318851348465486;47.3657193;Dorf 34;9064;Hundwil;+41 71 393 70 15;info@baerenhundwil.ch;https://baerenhundwil.ch/;[{'@type': 'ImageObject', 'contentUrl': 'https://alarpimtsoch.sos-ch-dk-2.exoscale-cdn.com/catalog/f/f/c/8/ffc84cf480f2c0338bcbf62c505d01eba2cabd2e_B__ren4.jpg'}];2026-07-10T15:48:29+02:00
b6860bb3-b9d4-4d76-9673-3b658da15903;Ladestation - St. Anton;Lademöglichkeit mit 2 Steckplätzen.;Die Lademöglichkeit ist ein Holzständer, welcher über 2 Steckdosen verfügt. Es ist ein Ladegerät erforderlich. Der Ständer befindet sich unterhalb des Restaurants.;9.539362192153932;47.410830040410374;St. Antonstrasse 60;9413;Oberegg;[{'@type': 'ImageObject', 'contentUrl': 'https://alarpimtsoch.sos-ch-dk-2.exoscale-cdn.com/catalog/0/8/d/4/08d42feac05db4225bb4c8c9e76ac9e71230345d__DSC0592.JPG', 'caption': {'de': 'Veloständer mit Lademöglichkeit'}}];2026-09-03T02:43:29+02:00
b6afaa76-99ae-4076-b146-723edec5f245;Ferienwohnung Haggen;Ruhige auf dem Land gelegene Ferienwohnung auf der Sonnenterrasse im Appenzeller Vorderland.;<p>Geniessen Sie erholsame Tage im Gr&uuml;nen in der N&auml;he des bekannten Aussichtspunktes und beliebten Ausflugziel St. Anton in Oberegg. Am Tag oder auch abends kann eine herrliche Aussicht &uuml;ber das Rheintal bestaunt werden. Es gibt reichlich Wander- und Biketouren zu entdecken. Am Abend verbringen Sie gem&uuml;tliche Stunden vor dem Kachelofen. Auch kulinarisch ist man auf dem St.Anton und Umgebung gut versorgt. Zahlreiche Restaurant schm&uuml;cken den Berg und die Umgebung. Viele Bauern bieten Eigenproduktionen wie Fleisch, Eier oder Milch an, f&uuml;r die, die leidenschaftlich gerne Kochen. Der ca. 90 qm grosser Ferienhausteil ist per &Ouml;V und Auto erreichbar. F&uuml;r den Winter ist Allrad von Vorteil. Es stehen bis zu zwei Abstellpl&auml;tze zur Verf&uuml;gung und ein separater Raum f&uuml;r Ski, Bikes, etc. Die charmante zweist&ouml;ckige Wohnung hat unten einen gem&uuml;tlichen Wohn- Essbereich verbunden mit der K&uuml;che. Zudem ein Badezimmer. Im oberen Stock ein grosses Schlafzimmer mit einem Doppel- und einem Zusatzbett, sowie nebenan eine weitere Schlafm&ouml;glichkeit. Geheizt wird nur mit dem Kachelofen. Preise Winter CHF 100.00 pro Nacht inklusive Feuerholz Sommer CHF 100.00 pro Nacht exklusive Feuerholz Reinigungsgeb&uuml;hr CHF 100.00</p><p>Mindestaufenthalt: 2 N&auml;chte&nbsp;</p>;9.524130155498288;47.4052902;Haggenstrasse 5;9413;Oberegg;+41 79 534 64 58;melischnider@hotmail.com;[{'@type': 'ImageObject', 'contentUrl': 'https://alarpimtsoch.sos-ch-dk-2.exoscale-cdn.com/catalog/0/7/7/2/07722219025ce53c3f72b867d5f963c4def95083_1bb7a36c5c44758ee1e24324f44ecf62_767x0.jpg'}];2026-09-03T02:43:31+02:00
b79a5913-f9e4-481f-bca2-eafbeb2e946d;Feuerstelle Eschen St. Anton;9.530006647109987;47.40888637476102;Eschen 271/272;9413;Oberegg;[{'@type': 'ImageObject', 'contentUrl': 'https://alarpimtsoch.sos-ch-dk-2.exoscale-cdn.com/catalog/d/d/7/f/dd7f79531195f4b6757b43ce1386bea6d1d17819_11_22_oberegg_st.anton_feuerstelle_sd.jpg'}];2026-09-03T02:43:39+02:00
b863108b-864b-4719-88b3-4587b8b8e2ad;Stellplatz «Restaurant Station»;Der Stellplatz liegt zwischen Bodensee und Appenzeller Alpen. Es ist ideal gelegen für Wanderer, Biker sowie Familien auf einem Tagesausflug.;Der Stellplatz bietet ausreichend Platz für fünf Camper mit Klappstuhlverhalten und liegt nahe an der Bergbahn Rorschach-Heiden. Der ruhig gelegene Platz ist 3 km von Einkaufsmöglichkeiten und Restaurants sowie dem Bahnhof, Postautohaltestellen, Schwimmbad, Kino, Spielplatz und der Abfalltrennstation entfernt.

Preis: CHF 15.20 pro Nacht inkl. 1 Person, Bezahlung via Parkn Sleep (QR-Code vor Ort scannen oder Internetseite besuchen)

Während den Öffnungszeiten des Restaurants dürfen die Toiletten benutzt werden:
Montag, Donnerstag & Freitag jeweils ab 14:00 Uhr
Dienstag + Mittwoch geschlossen
Samstag ab 10:00 Uhr
Sonntag ab 10:00 Uhr - 20:00 Uhr

Tipp: Buchungsbestätigung im Restaurant Station zeigen und von einmaligen CHF 5.00 Rabatt auf ein Hauptmenu profitieren. ;9.530752580960634;47.4591834578196;Schwendistrasse 15;9410;Heiden;+41 71 898 33 01;stellplatz@kurvereinheiden.ch;https://www.kurvereinheiden.ch/stellpl%C3%A4tze-f%C3%BCr-camper;[{'@type': 'ImageObject', 'contentUrl': 'https://alarpimtsoch.sos-ch-dk-2.exoscale-cdn.com/catalog/9/2/c/3/92c33f7c398d6607b54a60a6a6c467de1f5ecea0_Station1.JPG'}];2026-09-03T02:43:38+02:00
b93371b9-9c82-427c-87c0-dea9903415ac;Gruppenunterkunft Alpstein;Die Gruppenunterkunft Alpstein liegt mitten in den sanften Hügeln des Appenzellerlands.;<p>Die Gruppenunterkunft Alpstein Teufen liegt mitten im Appenzellerland am Rande des Dorfzentrums Teufen, 7 km oberhalb St. Gallen und in 15 km Entfernung vom Bodensee. Sie ist ab St. Gallen mit &ouml;ffentlichen Verkehrsmitteln und in 8 - 10 Gehminuten vom Bahnhof Teufen erreichbar. Die Zufahrt bis zum Haus ist m&ouml;glich. Es stehen 5 Parkpl&auml;tze beim Haus zur Verf&uuml;gung. Ein gr&ouml;sserer Parkplatz gibt es in der N&auml;he (200m).Das Appenzellerland und die Region St. Gallen &ndash; Bodensee bieten als tolles Gebiet diverse M&ouml;glichkeiten f&uuml;r Gruppen.</p><p>Das Haus verf&uuml;gt &uuml;ber insgesamt 19 Zimmer (50 Betten), wovon eines rollstuhlg&auml;ngig ist. F&uuml;r die Betten stehen jeweils ein Molton, Kissen mit Bezug und ein Leintuch zur Verf&uuml;gung. Es hat 5 unterschiedlich grosse Aufenthaltsr&auml;ume und 1 Speisesaal f&uuml;r 50 Personen. Die Stockwerke sind mit einem Lift erschlossen. Die Gruppenunterkunft liegt auf einem 2000 m2 grossen Grundst&uuml;ck, mit Wiese ums Haus und einer wunderbaren Sicht auf das Alpsteingebiet. Die Sportanlagen, Kinderspielpl&auml;tze und das Freibad sind in 5 Gehminuten erreichbar. Verschiedene Einkaufs-und Verpflegungsm&ouml;glichkeiten sind im nahen Dorfzentrum vorhanden. Ein Hallenbad befindet sich in der Nachbargemeinde Speicher.</p><p>Die Gruppenunterkunft steht den G&auml;sten fr&uuml;hestens ab 15.00 Uhr des vereinbarten Anreisetages zur Verf&uuml;gung. Am Abreisetag ist die Gruppenunterkunft sp&auml;testens um 10.00 Uhr gereinigt und ger&auml;umt zur Verf&uuml;gung zu stellen.</p>;9.395688999999999;47.389219;Zeughausstrasse 18;9053;Teufen;+41 71 335 00 41;reservationen@teufen.ar.ch;http://www.teufen.ch;[{'@type': 'ImageObject', 'contentUrl': 'https://alarpimtsoch.sos-ch-dk-2.exoscale-cdn.com/catalog/4/4/e/d/44ed7e75af195bf25fb3164de9225116d7fcc558_teufen_gruppenunterkunft_alpstein.jpg'}];2026-06-10T10:54:45+02:00
b96a021d-1278-420f-ae6b-a77e186acebc;Feuerstelle Kuenzenegg;9.4002511;47.4008814;Dorf 9;9053;Teufen;+41 71 335 00 11;gemeinde@teufen.ar.ch;http://www.teufen.ch/xml_1/internet/de/intro.cfm;[{'@type': 'ImageObject', 'contentUrl': 'https://alarpimtsoch.sos-ch-dk-2.exoscale-cdn.com/catalog/3/f/d/f/3fdfdd07df26efed7f21bd9e564bc61abaf6a2b7_Feuerstelle.jpg'}];2026-06-10T10:54:45+02:00
ba0e7fbf-24f4-4281-822e-8540095ec642;Goba Mineralquelle und Manufaktur - Laden Gontenbad;Im Gontenbad befindet sich das Herzstück der Goba AG.;Hier hat in den 1930er Jahren alles begonnen. Hier fliesst unsere Quelle, hier schlägt unser Herz.
Nehmen Sie an einer Führungen teil und erfahren Sie mehr über die Geschichte(n) von Mineralwasser, Flauder & Co. Oder besuchen Sie den Laden und entdecken unsere vielfältigen Köstlichkeiten wie Likör, Konfi, Sirup und Upcycling-Produkte. Das Goba-Team freut sich auf Sie!;9.372748732566835;47.332030970659;Gontenstrasse 51;9108;Gontenbad;+41 71 795 30 30;info@goba-welt.ch;https://goba-welt.ch/standorte-anfragen/gontenbad;[{'@type': 'ImageObject', 'contentUrl': 'https://alarpimtsoch.sos-ch-dk-2.exoscale-cdn.com/catalog/3/e/6/3/3e634bd36f1f6524317f604013c4e4cf34e1e6d1_Gontenbad_Gescha_____ftshaus_17.jpg'}];2026-09-03T02:43:41+02:00
ba264974-8549-4dea-9405-23034a9f0eae;Lindenbühl Seminar- und Ferienhaus;Ruhiges und ländliches Seminar- und Ferienhaus in Trogen. Ein guter Ausgangspunkt für viele Aktivitäten.;Das geschichtsträchtige 200-jährige Haus ist der ideale Ort für Seminare, Kurse, Retraiten oder Ferien in ruhiger, ländlicher Lage. Drei grosszügige Gruppenräume, individuell und liebevoll eingerichtete Gästezimmer, erholsame Gartensitzplätze und unkomplizierte Gastfreundschaft. Die lustvolle Bio-Frischprodukteküche ist «goût mieux» zertifiziert.;9.470170800000002;47.4023464;Lindenbühl 2;9043;Trogen;+41 71 344 13 31;kontakt@lindenbuehl-trogen.ch;http://lindenbuehl-trogen.ch/;[{'@type': 'ImageObject', 'contentUrl': 'https://alarpimtsoch.sos-ch-dk-2.exoscale-cdn.com/catalog/0/8/9/8/0898508f520a4224b1c46af23d6f35e78643ec19_Lindenbuehl.jpg'}];2026-09-03T02:43:42+02:00
ba5a68fd-24f3-479f-89b1-b7db31de2faa;Kafi Platz Drü;Im Herzen von Gais mit fantastischer Aussicht;Herzlich Willkommen in unserem wunderbaren PLATZ DRÜ.
Im gemütlichen Ambiente der Gaststube mit schönster Aussicht Richtung Alpstein können Sie bei uns Kaffee, Tee und vieles mehr geniessen. Wir legen Wert auf regionale und auserlesene Produkte und servieren diese mit viel Flair.
Geniessen Sie eine Auszeit, und lassen Sie sich von den immer wieder wechselnden Dekorationen inspirieren.
Mör freuid üs uf über jeda B‘suach 
Die Gastgeberinnen 
Katja und Monika;9.4539813;47.3621341;Dorfplatz 3;9055;Gais;+41 79 777 27 04;info@platzdrue.ch;https://platzdrue.ch;[{'@type': 'ImageObject', 'contentUrl': 'https://alarpimtsoch.sos-ch-dk-2.exoscale-cdn.com/catalog/f/2/1/d/f21d4b05c63e9fae395dd6017d30ec9401a7ed62_D96F4A94_197F_4F5A_9939_C2E4BD9FD18A.png'}];2026-09-03T02:43:27+02:00
bbb29357-d738-4311-afa4-b41b4853de50;Eventküche Urnäsch - Kochen und Grillieren;Ob Familienfest, Firmenjubiläum, Kundenanlass: kochen und geniessen Sie gemeinsam!;Die Eventküche Urnäsch – ein Ort besonderer Art für Ihren Anlass. Selber kochen, mit einem Koch der Eventküche oder unseren Catering Partnern. Kreieren Sie Ihr Menu selber oder lassen Sie sich inspirieren von den tollen Ideen unsere Köche. Sie haben die Wahl – damit Ihr Anlass zu einem unvergesslichen Ereignis wird. 
Auch Seminare, Workshops oder Weber's Grill Academy sind hier möglich. Nicht nur Innen, auch im naturnahen Garten bietet die Eventküche Besonderes.;9.2782799;47.3104766;Unterdorfstrasse 58;9107;Urnäsch;+41 71 508 53 52;info@eventkueche.ch;http://www.eventkueche.ch;[{'@type': 'ImageObject', 'contentUrl': 'https://alarpimtsoch.sos-ch-dk-2.exoscale-cdn.com/catalog/3/b/8/6/3b8634223b3bc9a0977b34562b82cfd443c3ea90_urn__sch_eventk__che.jpg'}];2026-06-10T10:54:45+02:00
bbfc52a8-1e4a-4527-85fe-037d8f7f5af5;Feuerstelle Gäbrisseeli;9.4783809;47.3816652;Schulhausstrasse 1;9056;Gais;+41 71 791 80 81;gemeinde@gais.ar.ch;https://www.gais.ch/portal-gemeinde-tourismus.html;[{'@type': 'ImageObject', 'contentUrl': 'https://alarpimtsoch.sos-ch-dk-2.exoscale-cdn.com/catalog/7/c/6/5/7c65b6d198b1b66b5db948cc256569f034ee09ed_08_2020_gais_g__brisseeli__3_.jpg'}];2026-09-03T02:35:57+02:00
beac9585-5bc1-43c5-9809-369dbfc7854e;Traditionelle Degustations-Tour;Kulinarik auf einer interaktiven Dorfführung in Heiden erleben;<p>Lassen Sie sich auf einem Rundgang entf&uuml;hren in luftige H&ouml;hen (Kirchturm) und versteckte Winkel im Biedermeierdorf Heiden. Dabei lernen Sie nicht nur das Dorf kennen, sondern d&uuml;rfen typische Appenzeller Spezialit&auml;ten schlemmen. Eine schmackhafte Angelegenheit f&uuml;r das ganze Gem&uuml;t. Dauer: 2 Stunden Teilnehmer: min. 10 / max. 25 Personen Kosten: CHF 38.00 pro Person</p>;9.536593079583328;47.446056806648365;Bahnhofplatz 1;9410;Heiden;+41 71 898 33 01;heiden@appenzellerland.ch;https://appenzellerland.ch/de/;[{'@type': 'ImageObject', 'contentUrl': 'https://alarpimtsoch.sos-ch-dk-2.exoscale-cdn.com/catalog/7/4/3/e/743e41d335db849c190a005b363cbf002a663ca6_luft.jpg'}];2026-06-10T10:54:45+02:00
bf46a4a9-7832-4beb-92f8-30305cb12610;Hoher Kasten Drehrestaurant und Seilbahn AG;Ein grenzenloses 360°-Panorama und kulinarische Höhenflüge im einzigen Drehrestaurant der Ostschweiz erwartet Sie auf 1794 m ü. M.;<p>In nur acht Minuten bringt Sie die Seilbahn Hoher Kasten von Br&uuml;lisau direkt auf 1794 m &uuml;. M., vorbei an idyllischen H&uuml;gellandschaften und typischen Appenzeller Bauernh&auml;usern. Oben angekommen schweift Ihr Blick &uuml;ber sechs L&auml;nder (Deutschland, &Ouml;sterreich, Schweizer Alpen und Mittelland, Italien, Frankreich). Die grenzenlose 360&deg;-Aussicht erleben Sie zum einen auf dem Europa-Rundweg, der einmal um den Gipfel f&uuml;hrt. Zum anderen im einzigen Drehrestaurant der Ostschweiz, wo sich w&auml;hrend einer Stunde Ihr Ausblick immer wieder &auml;ndert. Neben einmaligen Ausblicken, bietet Ihnen das Drehrestaurant ein ausgezeichnete Gastronomie mit einheimischen und saisonale Speisen. Bleibende Eindr&uuml;cke hinterl&auml;sst auch der Alpengarten, das Pflanzenparadies auf dem Gipfel. &Uuml;ber 300 Pflanzenarten entfalten dort Ihre farbige Pracht. Der Hohe Kasten ist auch idealer Ausgangspunkt f&uuml;r diverse Wanderungen in alle Richtungen. Die Seilbahn und die Gastronomie ist ganzj&auml;hrig von April bis Februar ge&ouml;ffnet. Die Betriebszeiten finden Sie unter hoherkasten.ch/seilbahn Kinder bis und mit 15 Jahre fahren mit der Seilbahn Hoher Kasten gratis. Die Seilbahn Hoher Kasten und das Drehrestaurant ist komplett barrierefrei zug&auml;nglich.<br><br></p>;9.456739425659181;47.296454615318034;Dorf 22;9058;Brülisau;+41 71 799 13 22;info@hoherkasten.ch;https://www.hoherkasten.ch/;[{'@type': 'ImageObject', 'contentUrl': 'https://alarpimtsoch.sos-ch-dk-2.exoscale-cdn.com/catalog/9/c/1/4/9c1427955917142b69c99ab749eece8c46f4ed00_Armando_Branchi_Alpstein.jpg'}];2026-06-10T14:35:20+02:00
bfb37a1d-79f9-4e4f-98fc-931fb582b1de;Feuerstelle Waldhütte;9.2476328;47.2899583;Dorfplatz 1;9107;Urnäsch;+41 71 364 26 40;praesident_verkehrsvereinurnaesch@protonmail.com;[{'@type': 'ImageObject', 'contentUrl': 'https://alarpimtsoch.sos-ch-dk-2.exoscale-cdn.com/catalog/d/f/e/1/dfe1ed80415bf996c8c1ff1ad33eb527a49cc746_08_2020_urn__sch_waldh__tte__2_.jpg'}];2026-09-03T02:36:30+02:00
c04d6b55-75c8-4d6a-bcce-c878e3248fa6;Dorfhus Gupf;Boutique-Hotel mit 16 Zimmern und vier Suiten, erste Schweizer Magnothek, Grill-Restaurant, Bar & Zigarren-Lounge und stilvolle Eventräume.;Wir setzen Zeichen in Sachen Schweizer Gastlichkeit, hochwertiger Kulinarik und dörflicher Identität. Als gelebter Bestandteil einer Wirtshauskultur, die vielerorts zu verschwinden droht, bringen wir zusammen, was zusammen gehört. Unsere Bauern, regionale Produzenten, Appenzeller Lebensart und Menschen mit gutem Geschmack und gastrosophischem Anspruch. 

Das Dorfhus Gupf mit seinem Hotelbetrieb, den Gaststuben, einem Festsaal, sowie verschiedene Sitzungszimmer versteht sich als integrativer Bestandteil des dörflichen Lebens und möchte als Kraftort für Jung und Alt, aus nah und fern sein.

Unsere heimische Wildrose, die Hagebutte – das «Täghüffeli» – haben wir als treue Begleiterin auserkoren, die uns auf diesem gemeinsamen und spannenden Wege in vielfältigster Art begleiten wird.;9.482466;47.426737;Kirchstrasse 2;9038;Rehetobel;+41 71 878 70 00;info@dorfhus-gupf.ch;https://dorfhus-gupf.ch/;[{'@type': 'ImageObject', 'contentUrl': 'https://alarpimtsoch.sos-ch-dk-2.exoscale-cdn.com/catalog/2/a/1/b/2a1b60c7c6988a45600c8e51c94f747422424886_rehetobel_dorfhus_gupf.jpg'}];2026-09-03T02:43:30+02:00
c1b23763-7762-4f1a-a5d6-6ee45f157399;Ladestation - Zubi Herisau;Lademöglichkeit mit Steckern für unterschiedliche Herstellertypen.;Die Ladestation beim Sportgeschäft Zubi in Herisau befindet sich direkt neben dem Haupteingang auf der Rückseite des Gebäudes und bietet mehrere vorinstallierte Ladekabel.;9.283763766288759;47.36860113351067;Alpsteinstrasse 83;9100;Herisau;[{'@type': 'ImageObject', 'contentUrl': 'https://alarpimtsoch.sos-ch-dk-2.exoscale-cdn.com/catalog/b/8/0/e/b80e67c9894daad40994a4159fcb02211b34ec89__DSC0643.JPG'}];2026-09-03T02:43:27+02:00
c1b45ce9-4e3a-4ba8-b585-a5c1d0e9508c;Ladestation - Schaukäserei Stein;Lademöglichkeit mit 4 Steckplätzen;Die Lademöglichkeit ist ein Metallständer, welcher über insgesamt 4 Steckdosen an zwei Steckplätzen verfügt. Es ist ein Ladegerät erforderlich. 

Der Ständer befindet sich direkt neben dem Eingang zum Shop/Restaurant. Am Empfang der Schaukäserei können Ladegeräte für die Marken Bosch und Panasonic ausgeliehen werden.;9.344805479049684;47.37315327462408;Dorf 711;9063;Stein;[{'@type': 'ImageObject', 'contentUrl': 'https://alarpimtsoch.sos-ch-dk-2.exoscale-cdn.com/catalog/6/5/c/e/65ce72608b11df4e3e7c23cfa8b886463eb5d287__DSC0637.JPG', 'caption': {'de': 'Veloständer mit Steckplätzen'}}];2026-09-03T02:43:25+02:00
c2069062-19c9-4321-a9ad-d067aebc548e;Gast- und Ferienhaus Frohheim;Das traditionelle, stilvolle Haus im idyllischen Kleinort Bächli, mitten im Grünen, verfügt über mehr als 30 Betten verteilt auf 15 gemütliche Zimmer mit Etagenduschen.;<p>Die heimelige Gaststube mit Kachelofen und Schiefertischen sowie das angrenzende S&auml;&auml;li bieten Platz zum Verweilen. Zudem bietet das freundliche Sitzungszimmer Raum f&uuml;r Kreativit&auml;t. Ideal also f&uuml;r Ferien, Kurse, Seminare, Teamevents, Klassentreffen, Geburtstagsfeste und Hochzeiten. Die K&uuml;che ist zweckm&auml;ssig eingerichtet.</p><p>Preise:</p><ul><li>Montag - Freitag: CHF 500.&ndash; pro Nacht&nbsp;</li><li>Samstag, Sonntag: CHF 1000.&ndash; pro Nacht</li></ul><p>Zimmeraufteilung</p><ul><li>2 Zimmer mit 1 Bett</li><li>9 Zimmer mit 2 Betten</li><li>1 Zimmer mit 3 Betten</li><li>2 Zimmer mit 4 Betten</li><li>1 Zimmer mit 5 Betten</li><li>2 Zustellbetten</li></ul><p>Ausstattung</p><ul><li>1 Seminarraum f&uuml;r 8 Personen &agrave; 17 m&sup2;</li><li>1 Aufenthaltsraum f&uuml;r 20 Personen &agrave; 23 m&sup2;</li><li>1 Speisesaal f&uuml;r 25 Personen &agrave; 28 m&sup2;</li></ul><p>Verpflegungsart: Selbstversorgung, Halbpension, Vollpension</p><p>Vermietung: Das Haus wird immer nur an eine Gruppe gleichzeitig vermietet</p><p>Lage/Erreichbarkeit: Zwei Restaurants und ein Dorfladen in unmittelbarer N&auml;he. Viele Themen-, Wander- und Bikewege, Bachbadepl&auml;tze und Grillstellen in h&uuml;geliger Landschaft, Gel&auml;ndespielplatz, Tennisplatz, Baumgarten. Das Haus ist mit &ouml;ffentlichen Verkehrsmitteln erreichbar. Zufahrt bis vors Haus m&ouml;glich mit Auto und Car, 25 Parkpl&auml;tze f&uuml;r PW Umgebung&nbsp;</p>;9.19636;47.308508;Wisstrasse 30;9633;Bächli-Hemberg;+41 71 377 25 77;info@frohheim.com;https://www.frohheim.com;[{'@type': 'ImageObject', 'contentUrl': 'https://alarpimtsoch.sos-ch-dk-2.exoscale-cdn.com/catalog/0/c/4/a/0c4a3c32afec9e932d2b2cff128ae8ae9d27c06a_b__chli_fewo_frohheim.jpg'}];2026-07-18T04:02:40+02:00
c366bd22-a2d7-406e-9d9a-a30a6e2f36d6;Reka-Feriendorf Urnäsch;Im Reka-Feriendorf Urnäsch dreht sich alles um Tiere, die Natur und das Bauernleben. Der Kleintierstall und Streichelzoo lädt zu tierischen Begegnungen ein.;Im Reka-Feriendorf Urnäsch finden in den Minergiehäusern, die aus einheimischem Holz gebaut wurden, 50 Familien Platz (Wohnungen mit 2 1/2 bis 5 1/2 Zimmern mit Balkon oder Sitzplatz). In unserem Kleintierstall und Streichelzoo bekommen Kinder die Möglichkeit, mit den tierischen Bewohnern des Feriendorfs auf Tuchfühlung zu gehen. Die Kinder können mit verschiedenen Tieren in Berührung kommen, sie füttern, streicheln und näher kennenlernen. Hallenbad mit Kinderplantschbecken und Saunalandschaft, zahlreiche Gemeinschaftsräume sowie verschiedene Spiel- und Sportplätze im Freien, inkl. eines grossen Trampolins, bieten unendlich viele Vergnügungsmöglichkeiten.;9.2868187;47.3176293;Appenzellerstrasse 11;9107;Urnäsch;+41 71 365 60 30;urnaesch@reka.ch;https://reka.ch/de/rekaferien/reka-feriendorf-urnaesch;[{'@type': 'ImageObject', 'contentUrl': 'https://alarpimtsoch.sos-ch-dk-2.exoscale-cdn.com/catalog/2/2/d/a/22da1cb5b9802fedf6e1623cf94b4ffb81fcc4cd_urn__sch_reka.jpg'}];2026-08-27T14:50:10+02:00
c48d77f1-ab25-46ac-b47b-ea849de6f818;Lama-Ziit GmbH;Spaziergänge, Halbtages- und Tagesausflüge mit Lamas;Wollen Sie sich vom Lama-Virus anstecken lassen? Spaziergänge mit Lamas sind ein besonderes Erlebnis für Jung und Alt. Um ein Lama zu führen, braucht es keine Vorkenntnisse. Mit wenigen zu beachtenden Regeln lassen sich die Tiere problemlos von Kindern und Erwachsenen am Führstrick leiten. Ihre ruhige Art hilft, selber ruhig zu werden; der aufmerksame Blick lenkt den eigenen Blick auf die Schönheiten und Details in der Umgebung. 

Die Tiere sind in einem gemächlichen Tempo unterwegs, was es auch Menschen mit leichter Gehbehinderung ermöglicht, sie zu führen. Lamas sind äusserst vorsichtig im Umgang mit Menschen und eignen sich daher ausgezeichnet für Natur- und Tiererlebnisse.

Lernen Sie diese wunderbaren Tiere auf einer Feierabendtour kennen. Buchen Sie unser Angebot für einen speziellen Familienausflug, Teamanlass oder Kindergeburtstag und verbringen Sie mehrere Stunden mit den Tieren. Zum Beispiel auf einem Trekking mit einer Pause am Feuer für gemütliches Beisammensein.

Die Teilnehmerzahl ist bei einer offenen Gruppe auf acht Personen beschränkt.
Bei einer geschlossenen Gruppe sind 20 Personen möglich.;9.264172911643984;47.39049440343878;Hölzli 2786;9100;Herisau;+41 79 742 79 05;claudine@lama-ziit.ch;https://lama-ziit.ch/;[{'@type': 'ImageObject', 'contentUrl': 'https://alarpimtsoch.sos-ch-dk-2.exoscale-cdn.com/catalog/9/5/f/8/95f8fb7155f47484c90d7da2c369535e4264c6b1_3X7A7515_edited.jpg'}];2026-06-10T10:54:45+02:00
c5499696-e62a-4ece-8657-f345aeec38ca;Feuerstelle Blattendürren;<p>Die Feuerstelle l&auml;sst sich zu Fuss in 20 min vom Restaurant Blattend&uuml;rren oder in 1h 30 min vom Bahnhof Urn&auml;sch &uuml;bers Restaurant Osteregg erreichen und liegt auf der Potersalproute f&uuml;r Bikes von Appenzellerland Tourismus. Sie liegt sonnig auf 1200 m &uuml;. M. Und bietet eine fantastische Aussicht auf die Appenzeller H&uuml;gel.</p><p>Vorhanden ist:</p><ul><li>Feuerstelle mit Rost</li><li>Sitzb&auml;nke und Tisch</li><li>Brennholz</li><li>Abfallbeh&auml;lter</li></ul>;9.305151682833623;47.30003487549181;Langdürren;9107;Urnäsch;+41 71 364 26 40 ;praesident_verkehrsvereinurnaesch@protonmail.com;[{'@type': 'ImageObject', 'contentUrl': 'https://alarpimtsoch.sos-ch-dk-2.exoscale-cdn.com/catalog/d/4/8/0/d480c983b8d6ad8514b2e77b2244e1aace9a279b_Feuerstelle_Blattend__rre_2.jpg'}];2026-09-03T02:43:26+02:00
c6083530-6985-464e-b537-480f0da62264;Feuerstelle Hämmli;9.2357213;47.3155224;Unterdorf 5;9105;Schönengrund;+41 71 361 18 18;http://www.schoenengrund.ch/de/;[{'@type': 'ImageObject', 'contentUrl': 'https://alarpimtsoch.sos-ch-dk-2.exoscale-cdn.com/catalog/3/f/d/f/3fdfdd07df26efed7f21bd9e564bc61abaf6a2b7_Feuerstelle.jpg'}];2026-09-03T02:42:44+02:00
c6c2d380-69ff-4501-9759-bb6f6d0fc985;Appenzeller Bier - Degustationen im Besucherzentrum Brauquöll;Bei einer Degustation im Besucherzentrum «Brauquöll» erfahren Sie viel Interessantes über das Appenzeller Bier und den Säntis Malt Whisky.;Auf Voranmeldung geniessen Sie eine geführte Degustation im Gnoss-Stöbli und erleben, wie aus quöllfrischem Wasser Appenzeller Bier und Säntis Malt Whisky sowie aus dessen Nebenprodukten leckere neue Spezialitäten wie CréaCeto Bier-Essig oder Treber-Tschipps entstehen.

Wählen Sie aus folgenden Degustationen:
- Bier-Degustation
- Alkoholfreie Bier-Degustation
- Bier + Whisky Degustation
- Blind-Degustation 
- Säntis Malt Whisky-Degustation

Ort: Besucherzentrum Brauquöll, Brauerei Locher AG Appenzell
Dauer: ab ca. 1 Stunde*
Teilnehmer: 10 bis 25 Personen*
Mindestalter: 16 / 18 Jahren*
Sprache: Deutsch, weitere Sprachen auf Anfrage
Kosten: auf Anfrage*

*Variiert je nach Degustationsart;9.41251;47.33103;Brauereiplatz 1;9050;Appenzell;+41 71 788 01 76;besucher@appenzellerbier.ch;https://appenzellerbier.ch/de/;[{'@type': 'ImageObject', 'contentUrl': 'https://alarpimtsoch.sos-ch-dk-2.exoscale-cdn.com/catalog/2/7/7/0/2770926dae494b480e04a76d3c23cf131dbe6059_Degustation_01.jpg'}];2026-09-03T02:42:51+02:00
c9ae4405-18bd-483b-b1f5-62556ceef81c;Säntis – das Hotel;Auf der Schwägalp, eingebettet in einer der schönsten Bergkulissen Europas, steht das imposante Drei-Sterne-Superior-Hotel «Säntis – das Hotel». Das moderne Hotel ruht am Fusse des Säntis inmitten atemberaubender Natur und lädt zum Verweilen und Staunen ein.
Herzlich willkommen auf der Schwägalp!;Die Schwägalp bei Tag und bei Nacht.
Einmalig einladend. Eingebettet in einer der schönsten Bergkulissen befindet sich das neue Hotel auf der Schwägalp. Die Gastgeber freuen sich, Sie als Gäste begrüssen zu dürfen. Herzlich willkommen auf der Schwägalp!

Bergnatur pur.
Säntis – das Hotel ist der ideale Ausgangspunkt für viele Freizeitaktivitäten wie Wandern, Klettern oder anspruchsvolle Touren. Sie können es aber auch gemächlicher angehen und geniessen einen gemütlichen Spaziergang auf einem der nahen Wege durch die intakte Bergnatur oder den NaturErlebnispark oder Mieten Sie an der Réception halbtags oder den ganzen Tag ein E-Bike. Verbringen Sie aktive Stunden bei uns auf der Schwägalp und Umgebung.

Entspannung mit Genuss. 
Im Wellnessbereich mit Sauna, Bio-Sauna, Dampfbad, Erlebnisdusche und einem stillen Ruheraum mit Blick in die einmalige Natur, erholen Sie sich von Ihren Alltagssorgen oder der körperlichen Anstrengung nach Ihren Ausflügen.
Dass dabei der kulinarische Aspekt nicht zu kurz kommt, versteht sich von selbst: Im Restaurant mit der wunderbaren Sonnenterrasse werden Ihnen typische Gerichte serviert: Traditionen modern interpretiert und frisch.

Sanfte Träume. 
Auf drei Etagen laden 68 komfortabel ausgestattete Zimmer und Junior-Suiten zu einer ruhigen und erholsamen Nacht ein. Ihr erster Blick am Morgen gilt dem steil aufragenden Säntis oder dem verträumten Weidwald. Und wer weiss, vielleicht entdecken Sie noch vor dem Gang ans reichhaltige Frühstücksbuffet einen Fuchs, ein Reh oder sogar einen Steinbock.;9.318595133336622;47.25655475000001;Schwägalp;9107;Urnäsch;+41 71 365 66 00;hotel@saentisbahn.ch;http://www.saentisbahn.ch/hotel;[{'@type': 'ImageObject', 'contentUrl': 'https://alarpimtsoch.sos-ch-dk-2.exoscale-cdn.com/catalog/2/8/6/8/286808875f605f3caeb66fc17cb147e009d8a3a5_S__ntis___Das_Hotel_3.jpg'}];2026-08-07T15:29:06+02:00
c9eb3331-5ef1-465b-a4fb-15a5f23fac2c;Ladestation - Hotel Säntis Schwägalp;Ladestation inklusive Ladekabel zu allen gängigen Modellen.;Diese Lademöglichkeit befindet sich direkt vor dem Eingang zum Hotel Säntis und kann gratis genutzt werden. Die Ladestation verfügt über insgesamt 5 Steckplätze. Ladekabel für verschiedene Hersteller sind in einer Box beim Eingang beziehbar.;9.318584203720095;47.25639373138593;9107;Schwägalp Säntis;[{'@type': 'ImageObject', 'contentUrl': 'https://alarpimtsoch.sos-ch-dk-2.exoscale-cdn.com/catalog/f/6/d/a/f6da59bbdfeecb83f776d152341dff8c1519a567_IMG_2285.jpeg'}];2026-09-03T02:43:28+02:00
cb0a1147-ae30-49cd-b64c-f14234d612b9;Werkzeugstation - Gais Bahnhof;Praktische Werkzeugstation mit verschiedenen Schraubenziehern und Schlüsseln.;Die Werkzeugstation befindet sich am WC-Häuschen neben dem Bahnhofsgebäude.;9.450720548629763;47.36084556403233;Bahnhofplatz 88;9056;Gais;[{'@type': 'ImageObject', 'contentUrl': 'https://alarpimtsoch.sos-ch-dk-2.exoscale-cdn.com/catalog/9/7/e/5/97e5de220f48a715e9dbeecad20c3b546f57f3b4__DSC0661.JPG'}];2026-09-03T02:43:29+02:00
cc1c2219-38bf-4a10-b1cd-a4b38aad641b;Werkzeugstation - Heiden Bahnhof;Praktische Werkzeugstation mit verschiedenen Schraubenziehern und Schlüsseln.;Diese Werkzeugstation befindet sich direkt neben dem Bahnhofsgebäude Seite Rorschach.;9.536363482475283;47.44612673393579;Bahnhofplatz 1;9410;Heiden;[{'@type': 'ImageObject', 'contentUrl': 'https://alarpimtsoch.sos-ch-dk-2.exoscale-cdn.com/catalog/8/b/5/a/8b5a37f396a88c18028daee1f48bb529c87b7f73__DSC0610.JPG', 'caption': {'de': 'Standort der Station'}}];2026-09-03T02:43:30+02:00
cc3ce9f6-0086-40c2-b401-9f4199e52f87;Gasthaus Hörnli Hundwil;Familiär, bodenständig  und traditionell;Ein bisschen ausserhalb vom Dorf befindet sich unser Gasthaus an der Strasse Richtung Urnäsch, zu Fuss sind wir von der Posthaltestelle in etwa 15 min zu erreichen. In der gemütlichen Gastube hat es Platz für 60 Personen. Im oberen Stock hat es einen schönen Saal für 70 Personen und draussen finden auf unserer Terrasse nochmals 30 Personen Platz.
Aus unserer Küche kommen gutbürgerliche Gerichte und Fleisch vom eigenen Bauernhof. Bei uns werden Bräuche gelebt und Feste gefeiert.;9.315037634764266;47.35761495;Mitledi 125;9064;Hundwil;+41 71 367 15 30;hoernli.hundwil@bluewin.ch;https://hoernli-hundwil.ch;[{'@type': 'ImageObject', 'contentUrl': 'https://alarpimtsoch.sos-ch-dk-2.exoscale-cdn.com/catalog/4/8/a/5/48a53019bc0539f2ea8ed3691b77f0572b421391_Bild_H__rnli.JPG'}];2026-09-03T02:43:41+02:00
cd96f603-c9de-4531-8eb4-b230e8fc5662;Hotel Idyll Gais;Das Seminar- und Ferienhotel in Gais liegt idyllisch und an ruhiger Lage.;<p>Im &uuml;ber 300-j&auml;hrigen Appenzellerhaus tauchen Sie in eine entschleunigte Welt ein. In den lichtdurchfluteten Seminarr&auml;umen &ouml;ffnen Sie sich automatisch f&uuml;r Neues. F&uuml;r Ihr leibliches Wohl bieten wir Ihnen frische Gerichte mit lokalen Produkten an. Wanderwege und Langlaufloipe f&uuml;hren am Haus vorbei. Drinnen erwartet Sie ein kleines, eingespieltes Team.</p><p>S&ouml;nd willkomm!</p>;9.454309199999999;47.352810299999994;Möser 4;9056;Gais;+41 71 793 11 45;info@idyll-gais.ch;https://www.idyll-gais.ch/;[{'@type': 'ImageObject', 'contentUrl': 'https://alarpimtsoch.sos-ch-dk-2.exoscale-cdn.com/catalog/8/5/0/a/850a937e3f376c5490f75dff9ce497bb33228a1f_idyll_fruehling_064.jpg'}];2026-08-07T15:29:06+02:00
ce4fe92d-ba83-4e53-92c4-147870d3d88a;Wohnmobilstellplatz Schwägalp;Der Parkplatz befindet sich direkt am Fusse des Säntis. Mitten im Naturerlebnispark Schwägalp und gleich neben dem "Säntis - das Hotel". ;Geniessen Sie während Ihres Aufenthalts eine schöne Sicht ins Grüne und auf das Säntismassiv. Vom Stellplatz aus sind Wanderwege, Bergbahn sowie Restaurants und Öv Haltestellen schnell zu erreichen.

Der Stellplatz bietet Platz für zwölf Camper. 
Dieser Stellplatz kostet CHF 20 / Nacht. Bezahlmöglichkeiten gibt es via der Park'n sleep App.;9.3201563115154;47.25700122126115;9107;Hundwil;https://www.parknsleep.eu/ps/parkplatz-santis-schwebebahn;[{'@type': 'ImageObject', 'contentUrl': 'https://alarpimtsoch.sos-ch-dk-2.exoscale-cdn.com/catalog/b/9/6/2/b96212dd7b99a29d23b3ee5ef384a4bb8a9f910c_urn__sch_s__ntis__1_.jpg'}];2026-09-03T02:38:15+02:00
ce6c7f87-bbc4-4498-be9c-76319808e637;Fabrikantenhaus Schwellbrunn;Erleben Sie erholsame Ferien im historischen Fabrikantenhaus Schwellbrunn! Dieses liebevoll renovierte Baudenkmal verbindet authentischen Charme mit modernem Komfort und lädt Sie ein, die reiche Geschichte des Hauses zu entdecken. ;<p>Das eindrückliche Gebäude an der Gerenstrasse erzählt die Geschichte der einst blühenden Textilindustrie im Appenzellerland. Im 19. Jahrhundert im klassizistischen Stil der damaligen Fabrikantenhäuser erbaut, zeugt es von der wirtschaftlichen Bedeutung der Region.&nbsp;</p><p>Auf Initiative einer Gruppe aus dem Dorf, wurde die Stiftung Fabrikantenhaus ins Leben gerufen. Dies mit dem Ziel, das Gebäude zu sanieren und einer breiten Öffentlichkeit zugänglich zu machen. Das Projekt konnte im Herbst 2024 abgeschlossen werden. Seither dürfen Feriengäste die besondere Atmosphäre des Fabrikantenhauses fernab der Hektik geniessen. Die Ferienwohnungen werden über die Buchungsplattform der Stiftung Ferien im Baudenkmal vermittelt.&nbsp;</p><p>Im Fabrikantenhaus Schwellbrunn stehen zudem flexibel nutzbare Räume samt gut ausgestatteter Eventküche zur Verfügung, die sich perfekt für verschiedene Anlässe für bis zu 50 Personen anpassen lassen - ob Meeting, Workshop oder festlicher Anlass.&nbsp;</p>;9.250847778086401;47.35357478141015;Dorf 31;9103 ;Schwellbrunn;+41 44 252 28 72;info@fib.ch;http://ferienimbaudenkmal.ch;[{'@type': 'ImageObject', 'contentUrl': 'https://alarpimtsoch.sos-ch-dk-2.exoscale-cdn.com/catalog/9/c/1/b/9c1bc244d98d7650589b858d0bde3451ee1a00df_AR_Schwellbrunn_Fabrikantenhaus3.jpg'}];2026-09-03T02:38:16+02:00
ce850ce6-ddd8-4dfe-b6d7-4aac7e23fd0d;Goba Flauderei;In der Flauderei, mitten in Appenzell, öffnet sich Ihnen eine Märchenwelt. Hier kommt alles zusammen, was die Welt von Goba, Flauder und Co. ausmacht, wird greifbar, riechbar, sichtbar. Einfach flauderhaft!;Die Flauderei ist Ausstellungsraum, Schatzkammer, Erlebnisort und Einkaufsladen in einem. Hier haben die Kräuterspezialitäten aus der Goba Manufaktur ihren grossen Auftritt: All die feinen Kräuterteemischungen, Konfis, Liköre und Bitter, innovative Upcycling-Produkte und weitere Köstlichkeiten in edler Verpackung. Dazu kleine Kunstwerke, handverlesene Mitbringsel und andere Sache-Sächeli, die das Leben schön machen. Es gibt immer Neues zu entdecken. Man kann probieren und degustieren, einen Tee oder Flauder Cocktail geniessen - es sich und seiner Seele einfach gut gehen lassen. Und die Kleinen vergnügen sich unterdessen in der Kinderecke.

Man muss es erlebt haben. Also nichts wie hin!;9.409264020520084;47.330865219048;Hauptgasse 21;9050;Appenzell;+41 71 795 30 58;info@flauderei.ch;https://goba-welt.ch/unternehmen/ueber-uns/flauderei;[{'@type': 'ImageObject', 'contentUrl': 'https://alarpimtsoch.sos-ch-dk-2.exoscale-cdn.com/catalog/2/9/3/6/293611086e9fd182f8954773efd734b7649a1584_1A7A8248.jpg'}];2026-06-10T10:54:45+02:00
d28b2332-b09c-4e42-b4eb-4485ca5c8015;Pumptrack Urnäsch;Der Pumptrack im Appenzellerland!;​Einen Pumptrack zu befahren, bedeutet vor allem auf einem endlos angelegten Track Spass und Freude an der Bewegung zu erfahren. Dabei gilt es, den Kurs mit seinen Wellen, Kurven und allenfalls Sprüngen, durch schwungvolle Auf- und Abbewegungen – dem sogenannten «Pumpen» – aktiv zu befahren und dabei Geschwindigkeit zu generieren ohne zu pedalen oder anzuschieben.;9.285464;47.315164;Feld;9107;Urnäsch;info@pumptrack-urnaesch.ch;https://www.pumptrack-urnaesch.ch/;[{'@type': 'ImageObject', 'contentUrl': 'https://alarpimtsoch.sos-ch-dk-2.exoscale-cdn.com/catalog/7/6/c/6/76c62652cad62698b9683a70543482f92e10a5ba_Urn__sch_Pumptrack.jpg'}];2026-06-10T10:54:45+02:00
d3733914-ea95-4656-b077-909967fbdad9;Ferienwohnung Hof Bommes;Heimelige, gemütliche Ferienwohnung mit Säntissicht auf Biohof.;<p>Diese grosse, am Dorfrand gelegene, einfach Ferienwohnung ist ideal f&uuml;r Familien. Nebst dem Doppelzimmer bietet sie eine offene Galerie mit Betten f&uuml;r bis 4 Kinder. Ausserdem befindet sich im Haus ein grosser Hofladen mit Gem&uuml;se und grossem Bioangebot. Kinder d&uuml;rfen auch im Stall mithelfen. Die Badi Gais befindet sich in Gehdistanz. Sitzplatz mit Grill vor dem Haus.<br>Preis: CHF 655 / Woche&nbsp;&nbsp;<br>Vermietung: wochenweise</p><h4>Hier gilt die&nbsp;<a href="https://www.appenzell.ch/de/unterkunft/appenzeller-ferienkarte.html">Appenzeller Ferienkarte</a></h4>;9.460230699999999;47.364070299999995;Bommes 3;9056;Gais;+41 71 793 37 85;dlangenegger@bluewin.ch;https://www.hofladen-gais.ch/;[{'@type': 'ImageObject', 'contentUrl': 'https://alarpimtsoch.sos-ch-dk-2.exoscale-cdn.com/catalog/1/5/e/4/15e4c4a4dffcf2195e5fe1baa6dd399d33d80a9e_gais_hof_bommes.png'}];2026-09-03T13:10:46+02:00
d581aecf-0947-4039-818c-9b771ad2aa18;Urwaldhaus - Wirtschaft zum Bären;Ein Haus voller Geschichte, Kultur und Möglichkeiten.
So nah und doch weit weg vom Alltäglichen.;Die Wirtschaft zum Bären, besser bekannt unter dem Namen Urwaldhaus, gehört zu den ältesten Gebäuden Rehetobels. Seine Anfänge gehen auf das 16. Jahrhundert zurück. Seit 1805 wird im Haus eine Wirtschaft betrieben. Legendär wurde das Haus in den 1950ern und 60ern durch die Wirtin Frieda Fässler, von allen nur «Bären-Frieda» genannt. Sie verstand es, durch ihre Geschichten alle in den Bann dieses speziellen Ortes zu ziehen. Nach ihrem Tod 1966 kaufte die Gemeinde das kulturell wertvolle Denkmalschutzobjekt. Seither wurde es weiter als einfache Gaststätte betrieben. Das Urwaldhaus bietet urchig-romantische Gaststuben für den geselligen Jass am Stammtisch, feines Essen, erlesene Getränke, Begegnungen, Gespräche und kulturellen Austausch, Räume für Rückzug, Anlässe bis hin zu Seminaren.

Für die Restaurant-Gäste bietet der «Bären» drei heimelig, rustikale Zimmer zur Übernachtung an. Das Badezimmer mit Dusche befindet sich zur Einzelnutzung auf der Etage.;9.467033;47.4314479;Robach 25;9038;Rehetobel;+41 71 877 13 13;kontakt@urwaldhaus.ch;https://urwaldhaus.ch/;[{'@type': 'ImageObject', 'contentUrl': 'https://alarpimtsoch.sos-ch-dk-2.exoscale-cdn.com/catalog/e/6/b/4/e6b40c64160e354e75c8ae7c348218b30ad2d594_Hauptbild2.jpg'}];2026-09-03T02:38:53+02:00
d83886cb-8881-45b4-95ff-50c4bcb91032;Ferienbleibe Rosenweg – am Fusse des Alpsteins;Wo grüne Wiesen und Berggefühl – auf Altes und Neues trifft;In Urnäsch gibt es viel zu erleben. Direkt vor der Haustüre beginnen die schönsten Wanderrouten und Biketouren im Alpstein. Im Winter liegen der Dorfskilift und die Langlaufloipe 100 Schritte entfernt. Doch vor allem sind es die kleinen Dinge, die in Erinnerung bleiben. Sie sollen nicht nur ausserhalb der Ferienbleibe zum Staunen kommen. Deshalb haben sich die Gastgeber besonders viel Mühe gegeben und das Herzblut in die Einrichtung der Ferienbleibe gesteckt. Im ganzen Haus finden sich liebevolle Details, die von der Zeit erzählen als die Rose eine Bäckerei war. Die Vierzimmer-Wohnung verteilt sich über drei Stöcke. Insgesamt bieten zwei Schlafzimmer Platz für fünf Personen. Das Spiel- und Leseversteck sowie das geräumige Wohnzimmer sind Wohlfühlorte für Gross und Klein. Die Ferienbleibe liegt fünf Minuten vom Dorfzentrum entfernt. Entspannt zu Fuss einkaufen ist genauso unkompliziert, wie die Anreise mit dem öffentlichen Verkehr.;9.280174970626833;47.314617366913;Rosenweg 11;9107;Urnäsch;+41 79 468 24 56;info@rosenweg.ch;https://www.rosenweg.ch/die-ferienbleibe;[{'@type': 'ImageObject', 'contentUrl': 'https://alarpimtsoch.sos-ch-dk-2.exoscale-cdn.com/catalog/0/f/2/4/0f24c2a03f0a1b145383c373dd731b2c898ade54_91a70bc703901e7cd6c112fb4669a8ec_767x0.jpg'}];2026-09-03T02:43:36+02:00
d89dfeb5-7e25-40f4-bfab-1e0d86fb889f;Werkzeugstation - Urnäsch Kronenparkplatz;Praktische Werkzeugstation mit verschiedenen Schraubenziehern und Schlüsseln.;Diese Werkzeugstation befindet sich beim Parkplatz oberhalb des Bahnhofs Urnäsch auf einer Mauer. (siehe Bild);9.284284114837648;47.31761405650895;9107;Urnäsch;[{'@type': 'ImageObject', 'contentUrl': 'https://alarpimtsoch.sos-ch-dk-2.exoscale-cdn.com/catalog/0/9/4/8/0948cfd255bcc0a2a89732c807d7febcfb9f0b7c_Urn__sch_Werkzeugstation_1.jpg'}];2026-09-03T02:31:24+02:00
d8b8d894-f742-4347-afe4-3788a4f1c085;Feuerstelle Frölichsegg;9.3785942;47.3973088;Dorf 9;9053;Teufen;+41 71 335 00 11;gemeinde@teufen.ar.ch;http://www.teufen.ch/xml_1/internet/de/intro.cfm;[{'@type': 'ImageObject', 'contentUrl': 'https://alarpimtsoch.sos-ch-dk-2.exoscale-cdn.com/catalog/4/8/c/f/48cf25319dc7d3f51e3a6959ee5f6e0a524006eb_08_2020_teufen_fr__lichsegg__3_.jpg'}];2026-09-03T02:31:38+02:00
d90f0e43-aaff-419b-9db0-6543666f3722;Seminar Hotel Restaurant Chäseren;Im Seminarhotel und Restaurant Chäseren lässt sich gut sein. Im idyllischen Neckertal an der Grenze zwischen Appenzellerland und Toggenburg gelegen, ist es der ideale Ort für Ferien und Seminare - Genussvolles aus der Küche inklusive.;<p>Das Seminarhotel und Restaurant Chäseren liegt in einer ruhigen Landschaft, 20 Kilometer von St. Gallen entfernt. Es bietet eine wunderschöne Aussicht auf das Alpsteinmassiv mit dem Säntis. Das Restaurant serviert Schweizer und internationale Küche sowie saisonale Gerichte.&nbsp;</p><p>Der charmante Appenzeller Landhausstil verleiht den Räumlichkeiten eine natürliche Eleganz und schafft drinnen wie draussen die perfekte Kulisse für individuelle Wünsche. Ob für Seminare, eine entspannende Auszeit oder aktive Abenteuer&nbsp;<span style="font-family: &quot;Times New Roman&quot;, serif; font-size: 16px;">–&nbsp;</span>im Seminarhotel und Restaurant Chäseren finden Sie den idealen Ort.&nbsp;Die Zimmer des Hotels verfügen über Sat-TV, Safe und Badezimmer. Wanderwege, Mountainbike-Strecken und im Winter eine Langlaufloipe starten direkt vor der Haustür.</p>;9.202964901924135;47.329915329608;Chäseren 327;9105;Schönengrund;+41 78 903 70 87;info@chaeseren.ch;https://www.chaeseren.ch;[{'@type': 'ImageObject', 'contentUrl': 'https://alarpimtsoch.sos-ch-dk-2.exoscale-cdn.com/catalog/6/6/8/d/668d7afbe2834403a6206810583f6ea57ef9cfe7_Ch__seren.JPG'}];2026-06-10T10:54:46+02:00
da19fd1e-5795-438a-967b-5e44f5f96f8d;Ferienhaus Sennastübli;In unserem gemütlichen Sennastübli auf 1000müM. ist Ihnen der Alpstein so nah wie nie zuvor.;Das kleine Chalet mit seiner optimal eingerichteten Küche, einem Badezimmer mit WC und Dusche, dem Schlafzimmer mit Doppelbett und dem kleinen herzigen Stübli mit Fernseh und Radio lädt zum verweilen ein. Wir empfehlen jedoch das Panoramafernsehn zum Fenster raus.  Der grosse Garten und die Terrasse geben Platz um draussen die Natur zu geniessen und zu entspannen. Sie können wunderschöne Sonnenauf und -untergänge mit Blick auf den Alpstein geniessen. Der atemberaubende Ausblick über den Alpstein, Hügel und das Land lädt zudem zum Wandern, Sporttreiben und spazieren ein. Das Häuschen ist perfekt gelegen für Wanderungen oder für Wintersportferien mit Schneeschuhlaufen, Langlaufen oder Schlitteln.

Vermietung wochenweise.;9.432449340820314;47.3830960896874;Wisseggstrasse 8;9055;Bühler;+41 76 250 01 97;steffikopp24@gmail.com;https://www.sennastübli.ch/;[{'@type': 'ImageObject', 'contentUrl': 'https://alarpimtsoch.sos-ch-dk-2.exoscale-cdn.com/catalog/3/5/d/3/35d31433f0b0a73ee9e62c35c2472023b8afa1f2_683aee0fde8419abaad1020919f7f071_767x0.jpg'}];2026-09-03T02:32:18+02:00
daf85931-1fb0-49eb-9957-7a87c063902f;Appenzeller Alpenbitter - Geführter Rundgang und Degustation;Als der 20-jährige Emil Ebneter 1902 in Appenzell seine eigene Spirituosenhandlung gründete, legte er damit den Grundstein für die heutige Appenzeller Alpenbitter AG. Lassen Sie sich bei einer Führung durch die Kräuterwelt auf eine heisse Spur bringen.;Erleben Sie die Kräuterwelt mit allen Sinnen und kommen Sie dem gut gehüteten Geheimnis näher: dem Originalrezept des Appenzeller Alpenbitters mit 42 auserlesenen Kräutern.

Auf einem Rundgang erfahren Sie mehr über die 42 Kräuter, das Brennen von Spitzenprodukten und den Familienbetrieb.
Nachdem Sie viel Spannendes über die Brenntradition und die Herstellung erfahren haben, ist es Zeit, den Appenzeller Alpenbitter und weitere Spezialitäten bei einer Degustation kennenzulernen. Sämtliche Produkte können Sie im Laden kaufen.

Buchbar ab 10 Personen (max. 60 Personen pro Führung)
Wann: Auf Voranmeldung
Dauer: ca. 1.5 Stunden
Kosten: Kostenlos;9.413917057033657;47.32892515;Weissbadstrasse 27;9050;Appenzell;+41 71 788 37 88;info@appenzeller.com;https://www.appenzeller.com/;[{'@type': 'ImageObject', 'contentUrl': 'https://alarpimtsoch.sos-ch-dk-2.exoscale-cdn.com/catalog/b/d/e/d/bdedb979705cef6c90b4f02df953e3c6fc5f7b9d_App_kraeuterwelt_01.jpg'}];2026-06-10T10:54:46+02:00
dfa08afd-0eb6-4af5-ae08-9fae1edabab2;Feuerstelle Streichelfarm;9.4544988;47.3526032;Schulhausstrasse 1;9056;Gais;+41 71 791 80 81;gemeinde@gais.ar.ch;https://www.gais.ch/portal-gemeinde-tourismus.html;[{'@type': 'ImageObject', 'contentUrl': 'https://alarpimtsoch.sos-ch-dk-2.exoscale-cdn.com/catalog/3/f/d/f/3fdfdd07df26efed7f21bd9e564bc61abaf6a2b7_Feuerstelle.jpg'}];2026-09-03T02:32:00+02:00
dfdbbbc0-3619-4bed-a67d-177e2e0b4808;Feuerstelle Kaienspitz;9.504075050354006;47.43228956203512;St. Gallerstrasse 9;9038;Rehetobel;+41 71 878 70 20;gemeinde@rehetobel.ar.ch;http://www.rehetobel.ch/de/;[{'@type': 'ImageObject', 'contentUrl': 'https://alarpimtsoch.sos-ch-dk-2.exoscale-cdn.com/catalog/3/f/d/f/3fdfdd07df26efed7f21bd9e564bc61abaf6a2b7_Feuerstelle.jpg'}];2026-09-03T02:32:04+02:00
e02faaf4-6ca7-420c-b98b-ee78c67b9249;Urnäscher Demeter Hof;Wo Schlafen nach Wiese duftet.;<p>&bdquo;Schlof&auml;&auml; id&auml; Streuii&ldquo; &ndash; Auf dem biodynamischen Demeterhof in Urn&auml;sch.</p><p>&Uuml;bernachten Sie in unseren vier neuen, ganzj&auml;hrig ge&ouml;ffneten Heuzimmern mit Streubett und erleben Sie die Natur mit allen Sinnen.</p><p>&Uuml;bernachtungen ab 1 bis 16 Personen m&ouml;glich.</p><p><a href="https://urnaescher-demeterhof.ch/wp-content/uploads/2026/07/Demeter-Preisliste-UebernachtenPDF.pdf" target="_blank" rel="noopener">Preisliste</a></p>;9.281639362859028;47.31340629756989;Hinteregg 284;9107;Urnäsch;+41 78 842 22 70;martin.rusch1978@gmail.com;https://urnaescher-demeterhof.ch/;[{'@type': 'ImageObject', 'contentUrl': 'https://alarpimtsoch.sos-ch-dk-2.exoscale-cdn.com/catalog/d/a/f/0/daf07017ebdb0ef2ccb2a7f13d1f6d2da2950a90_Demeterhof_Hauptbild.JPG'}];2026-09-03T02:32:24+02:00
e060d890-57dc-4344-990c-13a699f6b373;Feuerstelle Schlipf;9.3749279;47.396131;Dorf 9;9053;Teufen;+41 71 335 00 11;gemeinde@teufen.ar.ch;http://www.teufen.ch/xml_1/internet/de/intro.cfm;[{'@type': 'ImageObject', 'contentUrl': 'https://alarpimtsoch.sos-ch-dk-2.exoscale-cdn.com/catalog/c/5/5/b/c55b94581a38aa9ace0e0acad391ed67c7798cb8_08_2020_teufen_schlipf__2_.jpg'}];2026-09-03T02:32:17+02:00
e285d961-3a3e-4026-bd40-9d567610f097;Ferienwohnung Windegg;Heimelige Ferienwohnung im Appenzellerland mit fantastischem Blick auf den Alpstein und inmitten von Alpakas und Lamas;<p>Ideal für Familien, Paare, Senioren, Ruhesuchende, Geschäftsleute, Naturfreunde usw. Abseits von Lärm und Hektik mit traumhafter Panorama-Sicht auf den Alpstein geniessen Sie hier Ihre Ferientage. Die Ferienwohnung mit separatem Eingang liegt auf 950 m. ü. M. ausserhalb von Urnäsch. Die gemütliche Wohnung bietet eine moderne Küche, eine Stube und zwei Schlafzimmer. Ein grosszügiger Garten mit viel Sonne, schattenspendenden Obstbäumen und herrlichem Weitblick lädt zum Verweilen ein. Zahllose Wanderwege warten darauf, entdeckt zu werden. Im nahegelegenen Wald lädt ein Tipi (inkl. Feuerstelle) auch Kinder zu Spass und Abenteuern ein. Falls sich jemand von den warmen Augen der Alpakas und Lamas berühren lassen möchte, wohnen diese zauberhaften Tiere nur ein paar Schritte von der Ferienwohnungstür entfernt und können jederzeit beim Fressen, Summen und Geniessen beobachtet werden. Monika Egli heisst Sie herzlich willkommen! Preise (exkl. Kurtaxe) Ganze Wohnung CHF 850.-- pro Woche für 2 Personen, jede zusätzliche Person CHF 200.--, pro Kind 2-12 J.: CHF 70.-- Bei kürzerer Aufenthaltsdauer: 2 Nächte für 2 Personen CHF 80.--/Person/Nacht für jede zusätzliche Person: CHF 80.--/Nacht Kinder 2-12 J.: CHF 35.--/Kind/Nacht Ab 3 Nächten für 2 Personen CHF 70.--/Person/Nacht Kinder 2-12 J.: CHF 25.--/Kind/Nacht Einzelbelegung ganze Wohnung ab 2 Nächten CHF 105.--/Person/Nacht Reinigung pauschal: CHF 140.--/Aufenthalt Im Preis inbegriffen sind Bett-, Bad- und Küchenwäsche. Für die Kinder hat es zahlreiche Spielsachen zum Benützen und ganz viel Platz in der freien Natur. Ab zwei Übernachtungen kann von der OKSAR Ferienkarte profitiert werden. Gerne teilt Monika Egli Informationen darüber mit.</p><p></p><p>Mindestaufenthalt: 2 Nächte </p><p></p>;9.278789999999999;47.33515;Windegg 930;9107;Urnäsch;+41 71 364 17 74;monikaegli@tiererlebnishof.ch;https://tiererlebnishof.ch/ferienwohnung;[{'@type': 'ImageObject', 'contentUrl': 'https://alarpimtsoch.sos-ch-dk-2.exoscale-cdn.com/catalog/9/e/a/9/9ea9b646be0710e6d32a90c336c2c8bee68f32af_Haus_mit_Alpakas.jpg'}];2026-08-07T15:45:40+02:00
e2d0378f-7b48-4e5a-828c-de3bd9962978;Ladestation - Landi Schönengrund;Diese Ladestation bietet 230V Steckdosen zum Aufladen mit einem Ladegerät.;Die Ladestation befindet sich bei der Agrola Tankstelle in Wald-Schönengrund und kann gratis genutzt werden. Zu dem kann das Ladegerät eingeschlossen werden.;9.221531152725222;47.327809116904085;Hauptstrasse 10;9105;Schönengrund;[{'@type': 'ImageObject', 'contentUrl': 'https://alarpimtsoch.sos-ch-dk-2.exoscale-cdn.com/catalog/4/9/3/5/493579bd821ca27b92f2ca805b5321db0a0e70a1_Ladestation_Landi_Sch__nengrund_1.jpg'}];2026-05-16T00:06:27+02:00
e39da60f-1814-4cc3-be75-9c3f86f6f876;Bäckerei Kast AG;Die einfache, zauberhafte Holzofen- und Bio- Bäckerei in Reute mit grosser Liebe zum Brot.;Im Mittelpunkt unserer Backstube steht der direkt befeuerte Holzofen: Dort, wo das Feuer entfacht wird, backen die Brote in ruhiger Hitze zu voller Aromatik. Dieses ursprüngliche Backen prägt den Charakter jedes einzelnen Gebäcks.
Täglich entstehen bei uns Brote, Kleinbrote und feines Süssgebäck, hergestellt aus besten biologischen Rohstoffen, mit handwerklicher Sorgfalt und viel Zeit für die Teigreife. Besonders stolz sind wir auf unser grosses Sauerteigbrotsortiment: vielfältig, aromatisch und geprägt von langer Fermentation, die Bekömmlichkeit und Tiefe verleiht.
So verbinden wir ehrliches Handwerk, Geduld und die Kraft des Holzofens zu Backwaren mit unverwechselbarem Charakter, Tag für Tag frisch aus der Backstube.;9.578271934025699;47.416344318153385;Steingocht 1;9411;Reute;+41 71 891 59 55;info@baeckerei-kast.ch;https://www.baeckerei-kast.ch/index.php;[{'@type': 'ImageObject', 'contentUrl': 'https://alarpimtsoch.sos-ch-dk-2.exoscale-cdn.com/catalog/0/5/0/d/050d741b3d01a3501de23cea73f6bfae62dbd686_Baeckerei_Kast_Reute_08.jpg'}];2026-09-03T02:32:26+02:00
e3cd6f5d-1e4b-4015-91f3-15f9687d03a9;Brauchtumsmuseum - Naturjodelkurs und Talerschwingen;Brauchtum und Kultur im Brauchtumsmuseum in Urnäsch erleben.;<p>Nach einem appenzellischen Willkommensgetr&auml;nk erhalten Sie unter fachkundiger F&uuml;hrung einen Einblick in die b&auml;uerliche Kultur des Appenzellerlandes und erlernen mit einem Appenzeller Jodler in den stimmungsvollen R&auml;umlichkeiten den Naturjodel und das Talerschwingen. Ein echtes Erlebnis!</p><p>Dauer: 2 bis 2.5 Stunden <br>Teilnehmer: bis 25 Personen <br>Kosten:</p><ul><li>Naturjodelkurs pro Gruppe CHF 300.- (bis max. 25 Pers.)</li><li>zzgl. Museumseintritt pro Person CHF 8.- (ab 10 Pers.)</li><li>zzgl. F&uuml;hrung pro Person CHF 8.- (ab 10 Pers.)&nbsp;</li><li>Schulklassen aus dem Kanton AR gratis</li></ul>;9.2829;47.31713;Dorfplatz 6;9107;Urnäsch;+41 71 364 23 22;info@museum-urnaesch.ch;https://www.museum-urnaesch.ch;[{'@type': 'ImageObject', 'contentUrl': 'https://alarpimtsoch.sos-ch-dk-2.exoscale-cdn.com/catalog/b/b/e/a/bbeaf573039520c684c4e6920fbca9768e5f3e1e_IMG_3347.gif'}];2026-09-03T02:32:26+02:00
e496d6b4-8b05-425f-9e37-e6b3877d2eff;Ferienwohnig ufem Berg;Herzlich willkommen hier bei uns ufem Berg! Geniessen Sie unsere gesunde Bergluft im wunderschönen Appenzellerland an ruhiger und sonniger Lage mit herrlicher Rundsicht: Alpstein mit Säntis, Vorarlberg, über den Bodensee nach Deutschland bis hin zum Schwarzwald. ;<p>Um unser Haus herum hat es viel Platz zum spielen. Verschiedene Freizeitm&ouml;glichkeiten in Herisau sind schnell erreichbar: wie Sportzentrum, grosser Spielplatz, Appenzellerpark mit einem der gr&ouml;ssten Bagger der Welt, sowie Kinderpardies Sedel. S&auml;ntispark, Stausee, Walter Zoo, Schauk&auml;serei und Museen in den Nachbargemeinden. St. Gallen, Bodensee, Appenzell und Alpstein sind in max. 30. Automin. erreichbar. In der heimeligen Dachwohnung befindet sich eine gem&uuml;tliche Kochnische mit neuem Wohnzimmer, ein neues Doppelzimmer mit Kinderbett, ein Doppelzimmer mit Blick zum S&auml;ntis, ein Zimmer mit Etagebett, sowie Dusche/WC. Verschiedene Raumh&ouml;hen durch Dachschr&auml;gen ab 195 cm. Gute Zufahrtsstrasse, 5 Autom. zum Zentrum, 10 Fussmin. zum Bus. <br>Wir freuen uns auf Ihren Besuch!<br><br>Preis: ab CHF 800 / Woche&nbsp;</p>;9.3130565;47.391884999999995;Ufem Berg 2180;9100;Herisau;+41 43 210 56 81;signer.ufemberg@gmx.ch;[{'@type': 'ImageObject', 'contentUrl': 'https://alarpimtsoch.sos-ch-dk-2.exoscale-cdn.com/catalog/5/9/7/6/597612a775681f64b33f2a29c0edc669badcf1af_ufemberg.jpg'}];2026-09-03T02:32:31+02:00
e617d108-7121-4f50-a7d3-18cdbdd2c097;Appenzeller Heilbad;Traditionsreiche schwefelhaltige Heilquelle;Mitten in der voralpinen Hügellandschaft zwischen Bodensee und Säntis wird seit über 300 Jahren Quellwasser mit wertvollen Mineralstoffen und Spurenelementen genutzt.
Heute bietet das Appenzeller Heilbad eine vielfältige Bäder- und Saunalandschaft mit Innen- und Aussenbecken, Massagen und Kosmetikbehandlungen, Physiotherapie und ein modernes Fitnesscenter. Geniessen
Sie erholsame Stunden mitten in der Natur!;9.5160354;47.4308669;Unterrechstein 455;9035;Grub;+41 71 898 33 88;info@heilbad.ch;https://www.heilbad.ch/;[{'@type': 'ImageObject', 'contentUrl': 'https://alarpimtsoch.sos-ch-dk-2.exoscale-cdn.com/catalog/1/3/0/1/1301a48012b1dbd62ea57208fefbb0550855657e_23022_2087_Aussenbad_Einlauf_kleiner.jpg'}];2026-07-10T15:35:55+02:00
e69f8a28-c1b9-4f66-a1ac-3aa186b659d5;Hängebrücke Grub;180 Meter lang ist die neue Attraktion im Appenzeller Vorderland.;Seit April 2019 sind die zwei Dörfer Grub AR und Grub SG durch eine attraktive, 180 Meter lange Hängebrücke über den Mattenbach wieder miteinander verbunden. Ein sehr beliebter  Wanderweg  über  die  Kantonsgrenze  von  der Frauenrüti Grub AR zum Gebiet Grünau Grub SG ist somit wieder durchgehend erschlossen. 

Die Brücke ist nur für Schwindelfreie. Der höchste Punkt der Brücke findet sich rund 40 Meter über der Schlucht. 

Verbinden Sie die Besichtigung mit einer Wanderung!
Hier finden Sie Wandervorschläge: <a href="http://www.appenzellerland.ch/rundtourheiden/" target="_blank">Rundtour Heiden</a> oder <a href="https://www.appenzellerland.ch/rundwanderungheiden/" target="_blank">Rundwanderung Heiden</a> ;9.5187008;47.4505188;9035;Grub;[{'@type': 'ImageObject', 'contentUrl': 'https://alarpimtsoch.sos-ch-dk-2.exoscale-cdn.com/catalog/d/e/c/1/dec15d25410f00741d0694b11188711873b4b9e7_20_08_16_2035.jpg'}];2026-06-10T10:54:48+02:00
e6d8cb3d-44bf-4001-b1e6-53cea5ae119e;Appenzeller Schaukäserei - Shop;Einkaufen nach Lust und Laune;Im Spezialitätengeschäft der Appenzeller Schaukäserei finden Sie über 80 verschiedene Käsesorten an der offenen Theke. Lassen Sie sich von der Vielfalt inspirieren und entdecken Sie Ihren persönlichen Favoriten aus dem ganzen Appenzeller® Sortiment. Auch die perfekten Geschenke für Ihre Liebsten oder Ihre Geschäftspartner finden Sie in diesem Shop!;9.3447696;47.373519;Dorf 711;9063;Stein;+41 71 368 50 70;info@schaukaeserei.ch;http://www.schaukaeserei.ch/;[{'@type': 'ImageObject', 'contentUrl': 'https://alarpimtsoch.sos-ch-dk-2.exoscale-cdn.com/catalog/5/2/e/5/52e5beb18d7f36a5ab280cc1cd12d627ced9be0f_20190819_ASK_76.jpg'}];2026-09-03T02:32:38+02:00
e979493b-9f3b-40fe-a984-b25bac698280;Kulturwerkstatt - Brauchtum, Zauren und Musik;Die Kulturwerkstatt bringt Interessierten aus nah und fern die Vielfalt der Kultur im Appenzellerland näher.;Im grosszügigen Werkstattgebäude von Werner Alder, Hackbrettbauer und Mitglied der bekannten Streichmusik Alder-Dynastie, werden unterhaltsame Vorträge und Führungen angeboten. Während diesen erhalten Sie Einblicke in die faszinierende Welt des Hackbrettbaus, ins hiesige Brauchtum und erleben die Klangwelt der einzigartigen Appenzeller Volksmusik. Neben der Musik können Sie auch das Jodeln und Talerschwingen hautnah erleben.
Abgerundet wird die Führung mit einem Werkstattrundgang. Tauchen Sie ein und erfahren Sie mit all Ihren Sinnen ein echtes Stück Brauchtumskultur!

Angebote Gruppenführungen:

- Vortrag Hackbrettbau
- Vortrag Hackbrettbau und Appenzeller Brauchtum (mit zusätzlichen Infos zum Brauchum, Musik und Talerschwingen)
- Kurs Jodeln und Talerschwingen
- kommentiertes Konzert 
   Appenzeller Musik 

Auf Wunsch verköstigt das Team der Kulturwerkstatt Sie gerne mit Spezialitäten aus der Region oder bietet einen Apéro an.

Dauer: 1 bis 1 1/2 Stunden
Teilnehmer: ab 10 Personen
Kosten: ab CHF 350.00;9.285102000000052;47.3877396;Kasernenstrasse 39A;9100;Herisau;+41 71 352 37 07;http://www.kulturwerkstatt-appenzellerland.ch;[{'@type': 'ImageObject', 'contentUrl': 'https://alarpimtsoch.sos-ch-dk-2.exoscale-cdn.com/catalog/2/1/2/8/2128015a7939ef266ea079b32ea5f1ed37e9d599_herisau_kulturwerkstatt.jpg'}];2026-07-10T15:22:29+02:00
eedf77d6-d3b8-4df8-bb7d-46a2d726b924;Stiftung Kinderdorf Pestalozzi;Entdecken Sie das Kinderdorf Pestalozzi und seine frei zugänglichen Spielträume.;Entdecken Sie das Kinderdorf Pestalozzi in Trogen, wo sich Geschichte und Gegenwart auf faszinierende Weise begegnen. Starten Sie das Erlebnis mit einer interaktiven Ausstellung, die Sie zu den Ursprüngen der ZEWO-zertifizierten Stiftung zurückführt. Verfolgen Sie die Entwicklung des Kinderdorfs von seiner Gründungsidee nach dem Zweiten Weltkrieg bis zur renommierten NGO von heute. 

Die Erlebniswelt im Kinderdorf Pestalozzi bietet für Gross und Klein viel Platz für Kreativität, spielerisches Lernen und Erholung. Die Welt setzt sich zusammen aus vielfältigen Spielträumen und Rückzugsorten, die erkundet werden können. Auch für Eltern und Begleitpersonen sorgen unsere Spielträume für Unterhaltung und interessante Erkenntnisse. Der Krimi-Trail vermittelt spannende Fakten über Kinderrechte, während die Riesenkugelbahn, der Balancierpfad oder die bunte Spinnerei (Kletternetz) die Geschicklichkeit testen. 

Falls Sie noch etwas Hunger oder Durst verspüren sollten, bietet die Cafeteria mit Terrasse eine Auswahl an erfrischenden Getränken und Snacks.

Das Kinderdorf Pestalozzi liegt hoch über dem Bodensee, umgeben von den sanften Hügeln des Appenzellerlands. Es befindet sich nur 20 Minuten von St. Gallen entfernt – abseits jeglicher Hektik, in grüner Natur und bequem mit der Appenzeller Bahn erreichbar. Alle Freizeitaktivitäten, ausgenommen der Ausstellung, sind kostenlos und das ganze Jahr hindurch zugänglich.

<a href="https://www.pestalozzi.ch/dorf " target="_blank">Weitere Informationen und Preisdetails finden Sie hier.</a>;9.46005;47.4033;Kinderdorfstrasse 20;9043;Trogen;+41 71 343 73 73;info@pestalozzi.ch;https://dorf.pestalozzi.ch/;[{'@type': 'ImageObject', 'contentUrl': 'https://alarpimtsoch.sos-ch-dk-2.exoscale-cdn.com/catalog/a/b/3/9/ab39e3fbff091b8b181c2d6bcc8a2763c8496d46_rsf_skp_luft_03__2.jpg'}];2026-07-10T15:36:59+02:00
ef207fdc-14be-4cd2-8319-9e89a4eb4a48;Museum Gais;Im Museum am Dorfplatz ist die 1972 gegründete «graphische Sammlung» untergebracht.;<p>Druckgrafiken und Aquarelle zeigen Ansichten des Dorfes zwischen 1750 und 1900, als in Gais das Molkenkurwesen blühte. Viele der über hundert Werke dienten zur Illustration von Reiseberichten und Geschichtsbüchern. Grossformatigere Arbeiten wurden vornehmlich an Kurgäste verkauft. Heute legen sie beredtes Zeugnis der Dorfentwicklung ab.</p><p>Sonderausstellungen greifen unterschiedlichste Themen mit Bezug zu Gais auf.</p><p>Jeweils sonntags geöffnet. Der Eintritt ist frei. <br>Führung für Gruppen auf Anfrage. </p><p>Alle Museen im Appenzellerland finden Sie unter: www.museen-im-appenzellerland.ch</p>;9.4542223;47.3621805;Dorfplatz 2;9056;Gais;+41 79 469 82 97;museum@gais.ch;https://www.gais.ch/kultur-freizeit/museum;[{'@type': 'ImageObject', 'contentUrl': 'https://alarpimtsoch.sos-ch-dk-2.exoscale-cdn.com/catalog/4/4/4/6/4446153bf77ceb72be044a10d8b67a99788a89c3_dorfplatz.jpg'}];2026-06-10T10:54:48+02:00
ef86a4ea-e88b-4990-a04c-1def72630346;Freewings | Gleitschirmausbildung, Reisen & Hike&Fly-Shop ;Dein Partner für die SHV-Lizenz, exklusive Flugreisen abseits der Massen und geprüfte Ausrüstung für Hike & Fly-Abenteuer. ;<p>Weit entfernt von Bergbahnen und &uuml;berlaufenen Startpl&auml;tzen beginnt f&uuml;r uns die wahre Freiheit des Hike&amp;Fly. Bei Freewings unterst&uuml;tzen wir angehende Pilot:innen auf dem Weg zur SHV-Lizenz ebenso wie erfahrene Vielflieger:innen bei der Verfeinerung ihrer Technik. Unsere Philosophie&nbsp;liegt in der individuellen Betreuung, der sportlichen Herausforderung und dem puren Fluggef&uuml;hl - wie eine Bergdohle.</p><p>Erlebe auf unseren Flugreisen einzigartige Abenteuer in ausgesuchten Gebieten abseits der Touristenstr&ouml;me &ndash; entspannt und unter professioneller Betreuung. Im hauseigenen Hike&amp;Fly-Shop findet man zudem nur Equipment, das wir selbst t&auml;glich testen und nutzen. Von der Ausbildung am &Uuml;bungshang bis zur weltweiten Entdeckungstour: Wir helfen dir, deine Fl&uuml;gel auszubreiten und neue Perspektiven zu gewinnen.&nbsp;</p>;9.421333;47.373194;Dorfstrasse 64;9055;Bühler AR;+41 71 793 92 91;info@freewings.ch;https://www.freewings.ch/;[{'@type': 'ImageObject', 'contentUrl': 'https://alarpimtsoch.sos-ch-dk-2.exoscale-cdn.com/catalog/8/e/f/a/8efa0753a7f4230deadd974e412913d2f64e410f_Flugschule1.jpg'}];2026-09-03T02:44:09+02:00
efceda8d-daf6-4840-919c-d68443f0bbd3;TukTuk-Touren;Die schönsten Orte und Plätze im Appenzellerland entdecken bei einer Freiluftfahrt mit dem TukTuk.;Geniessen Sie das einmalige Strassenfeeling im TukTuk. Bei einer Freiluftfahrt erleben Sie das hügelige Appenzellerland mit all seinen Schönheiten und Sehenswürdigkeiten.

Einstündige Tour (1 - 2 Personen): CHF 75.00
Zweistündige Tour (1 - 2 Personen): CHF 150.00
Halbtägige Tour (1 - 2 Personen): CHF 300.00;9.295223251949373;47.3913797;Saumstrasse 6;9100;Herisau;+41 79 669 56 31;ruedi.aerni@calessino.ch;http://www.calessino.ch;[{'@type': 'ImageObject', 'contentUrl': 'https://alarpimtsoch.sos-ch-dk-2.exoscale-cdn.com/catalog/3/8/3/4/38349d11435cebf2473e6eb6f24e4191717e4a24_herisau_business_concierge.jpg'}];2026-09-03T02:43:20+02:00
f15fd7fa-5857-421f-bfa4-e96387fd5a11;Feuerstelle Moos;9.422371881238885;47.39823024372023;Dorf 9;9053;Teufen;+41 71 335 00 11;gemeinde@teufen.ar.ch;http://www.teufen.ch/xml_1/internet/de/intro.cfm;[{'@type': 'ImageObject', 'contentUrl': 'https://alarpimtsoch.sos-ch-dk-2.exoscale-cdn.com/catalog/6/9/2/b/692b7005a3f9891119962485e0ba2115fe255457_Wetti1.jpg'}];2026-09-03T02:38:56+02:00
f16a6a6a-fb2b-4d3f-b778-52934972a4aa;Appenzeller Brauchtumsmuseum - Museums-Detektiv;Eine spannender Rätselspass für Kinder und Erwachsene im Brauchtumsmuseum Urnäsch.;Beweisen Sie Ihr Können und lösen Sie knifflige Rätsel und Aufgaben über das Appenzeller Brauchtum. Am Schluss wartet die grosse Schatztruhe mit einer Überraschung für alle Rätselfreunde.

Der Rätselspass ist für Familien/Einzelpersonen gratis zuzüglich Museums-Eintritt.;9.282742;47.3172728;Dorfplatz 6;9107;Urnäsch;+41 71 364 23 22;info@museum-urnaesch.ch;https://www.museum-urnaesch.ch/angebote/museums-detektiv;[{'@type': 'ImageObject', 'contentUrl': 'https://alarpimtsoch.sos-ch-dk-2.exoscale-cdn.com/catalog/8/c/d/4/8cd41bf79879b531d39175b51034c3023ea79896_urn__sch_brauchtumsmuseum_detektiv.jpg'}];2026-06-10T10:54:48+02:00
f1d0d87f-dd80-440f-b3e5-f6d8cebda790;Feuerstelle Wetti;9.4190807;47.3983782;Dorf 9;9053;Teufen;+41 71 335 00 11;gemeinde@teufen.ar.ch;http://www.teufen.ch/xml_1/internet/de/intro.cfm;[{'@type': 'ImageObject', 'contentUrl': 'https://alarpimtsoch.sos-ch-dk-2.exoscale-cdn.com/catalog/3/f/d/f/3fdfdd07df26efed7f21bd9e564bc61abaf6a2b7_Feuerstelle.jpg'}];2026-09-03T02:43:30+02:00
f29dd0ff-d2b0-4431-acb1-4370b3f7c546;Ferienhaus "Bömmeli" -  im Alpsteingebiet;Idyllisches freistehendes Ferienhaus mit Gartensitzplätzen;<p>Entdecken Sie unser idyllisch gelegenes Ferienhaus direkt am Weissbach, umgeben von der atemberaubenden Kulisse des Alpsteins und weiteren malerischen Wandergebieten wie dem Kronberg, Kronberg, Hoher Kasten, Schw&auml;galp und S&auml;ntis. Gelegen auf einer H&ouml;he von 850 Metern &uuml;ber dem Meer bietet dieses charmante Domizil die perfekte Mischung aus Abgeschiedenheit und N&auml;he zu attraktiven Ausflugszielen, nur jeweils 2 km von Urn&auml;sch und Jakobsbad entfernt. Eine kurze Distanz von ca. 1 km trennt Sie von der Bergbahn zum Kronberg, einer Rodelbahn, einem Seilpark und einem Skilift samt grossz&uuml;giger Gastwirtschaft.</p><p>Im Erdgeschoss des Hauses finden Sie ein komfortables, gem&uuml;tliches Wohnzimmer, ein grossz&uuml;giges Schlafzimmer mit Doppelbett sowie ein Badezimmer mit Dusche, WC und Waschtisch. Die kleine K&uuml;che ist ausgestattet mit K&uuml;hlschrank und Eisfach, Induktionsherd mit Dampfabzug sowie einem Backofen. Im Wohnzimmer l&auml;dt ein ausziehbarer Esstisch f&uuml;r bis zu acht Personen zum gemeinsamen Verweilen ein, erg&auml;nzt durch ein Bettsofa, ein Chemin&eacute;e und Bodenheizung. &Uuml;ber eine Holztreppe erreichen Sie zwei romantische Schlafzimmer im Obergeschoss, jedes ausgestattet mit einem Doppel- und einem Einzelbett.</p><p>Im Aussenbereich des Hauses befinden sich zwei Terrassen, eine vor und eine hinter dem Haus, sowie einem grossen Garten mit Aussenchemin&eacute;e. Direkt am Weissbach gelegen bietet ein gem&uuml;tlicher Sitzplatz die ideale Gelegenheit, die idyllische Ruhe zu geniessen.&nbsp;Weiterhin stehen zwei Parkpl&auml;tze und ein Tischtennistisch zur Verf&uuml;gung.</p><h4>Hier gilt die&nbsp;<a href="https://www.appenzell.ch/de/unterkunft/appenzeller-ferienkarte.html">Appenzeller Ferienkarte</a></h4>;9.307533;47.321338;Bömmeli 570;9107;Urnäsch;+41 79 227 61 91;walti.dietrich@bluewin.ch;https://www.walterdietrich.ch/index.php/privat/ferienhaus-boemmeli-menu;[{'@type': 'ImageObject', 'contentUrl': 'https://alarpimtsoch.sos-ch-dk-2.exoscale-cdn.com/catalog/0/c/d/a/0cdacc987589e4c1d4c063bbb29ea14108d0d59b_00_Ferienhaus.jpg'}];2026-09-03T13:07:31+02:00
f2a68a9a-d6fb-4239-9df9-c9d236873720;Luftseilbahn Wasserauen-Ebenalp AG;Die Ebenalp ist der ideale Ausgangspunkt für Wanderungen im eindrücklichen Alpstein. Hier zeigt sich das Appenzellerland von seiner ganz besonderen Seite. Sanfte Alpenwiesen, schroffe Felsformationen und herrliche Aussichtspunkte.;Man spürt sie noch heute. Die Urkraft des Berges.
An der Felswand beim Aescher und im Innern der Wildkirchlihöhlen

Es ist der Ort, an dem alles begann. Die Quelle des Alpsteintourismus. Dort, wo das Berggasthaus Aescher steht. Es gehört zu den ältesten der Schweiz. Bereits um 1800 begannen Eremiten und Sennen auf der Alp Aescher Gäste zu verpflegen. Heute ist das Gasthaus weit bekannt. Für seine Atmosphäre und seine Gastfreundschaft. Angeschmiegt an den Felsen, eins mit dem Berg und der imposanten Natur. Ein Bild, das um die Welt geht.

Nicht weniger gross ist die Anziehungskraft des nahegelegenen Wildkirchli. Prähistorische Funde machen die Wildkirchlihöhlen 1904 berühmt. Die Ausgrabungen beweisen erstmals, dass Neandertaler auch im Alpenraum waren. Und dann wären da noch die Spuren der Höhlenbären.

Aber auch im Winter hat die Ebenalp, die Sonnenterrasse des Alpsteins, etwas zu bieten.

Raus aus dem grauen Alltag, rein in das sonnige Vergnügen.
Leichtfüssig durch die schneegepuderte Landschaft, die Sonne im Gesicht und der Blick über den Alpstein – so unbeschwert kann der Winter sein. Auf dem Panoramaweg und der Schneeschuhroute bleibt der Genuss gewiss nicht auf der Strecke.
Beide Wanderungen führen von der Bergstation Ebenalp vorbei am Berggasthaus. Sonnenhungrige sowie Erholungssuchende sind hier gut bedient.

Im Skigebiet Ebenalp-Horn gleitet der Stresspegel ebenfalls talwärts. Kurze Anfahrtswege, genügend Parkplätze und geringe Wartezeiten lassen aufatmen. Bei uns gilt: Herunterfahren und Entschleunigen. Genau das richtige für ein locker-flockiges Schneevergnügen im Appenzellerland.
Unser Naherholungs-Skigebiet trumpft mit abwechslungsreichen Abfahrten in allen Schwierigkeitsgraden für die ganze Familie.;9.428586959838869;47.2866086580885;Schwendetalstrasse 82;9057;Wasserauen;+41 71 799 12 12;info@ebenalp.ch;https://www.ebenalp.ch;[{'@type': 'ImageObject', 'contentUrl': 'https://alarpimtsoch.sos-ch-dk-2.exoscale-cdn.com/catalog/9/c/6/4/9c64358a5e70beeba512003e47b2cb43f2af05cd_Aescher.jpg'}];2026-09-03T02:43:31+02:00
f4e7f084-b9fc-4c5b-8a4a-848ba2993329;Säntis – der Berg;Atemberaubende Aussicht auf 2'502 Meter über Meer!;<p><strong>Hinweis: Die S&auml;ntis-Schwebebahn ist infolge Erneuerung der Bahn von 1. Mai bis Sp&auml;therbst 2026 eingestellt. Das Hotel und die Restaurationsbetriebe auf der Schw&auml;galp sind ge&ouml;ffnet.</strong></p><p>Vom 2'502 Meter hohen Gipfel reicht der Blick &uuml;ber 6 L&auml;nder. So grenzenlos wie die Rundsicht sind Ihre M&ouml;glichkeiten rund um S&auml;ntis und Schw&auml;galp. Erlebnisse in einer der sch&ouml;nsten Naturkulissen Europas &ndash; Veranstaltungen und Sonderfahrten das ganze Jahr &ndash; gelebtes Appenzeller Brauchtum und kulturelle H&ouml;hepunkte &ndash; Einblicke in die Erlebniswelten &ndash; dies, viel mehr und das passende kulinarische Angebot unserer Partnerbetriebe: das gem&uuml;tliche Gasthaus Passh&ouml;he, das 3*S&auml;ntis - das Hotel und die Panorama-Restaurants auf dem S&auml;ntisgipfel finden Sie bei uns.</p><p>&nbsp;</p>;9.3192548;47.256134;Schwägalp;9107;Schwägalp;+41 71 365 65 65;kontakt@saentisbahn.ch;http://www.saentisbahn.ch/;[{'@type': 'ImageObject', 'contentUrl': 'https://alarpimtsoch.sos-ch-dk-2.exoscale-cdn.com/catalog/1/a/8/6/1a86f006f6880243b8c5d7649ea84f0119b08328_urn__sch_s__ntis.jpg'}];2026-06-10T14:32:33+02:00
f587a179-e12f-48b6-9e53-a54430d40aaf;Restaurant Schwägalp;Im Restaurant Schwägalp, Teil des modernen Hotels «Säntis – das Hotel», können Sie sich in moderner Atmosphäre zurücklehnen und geniessen wunderbare Aussichten auf das Säntimassiv.;Das Restaurant verfügt über ein Innenrestaurant, eine Terrasse und diverse Räumlichkeiten für Seminare, Bankette und Hochzeiten.  Währschaft, bodenständig, mit regionalen und frischen Produkten: So präsentiert sich die Küche unserer drei Gastronomiebetriebe auf dem Säntis und der Schwägalp. Gerne organisieren wir für Sie Ihren Anlass, sei es eine Hochzeit, ein Geburtstag oder ein Seminar.;9.3188294;47.2563886;9107;Urnäsch;+41 71 365 66 00;hotel@saentisbahn.ch;https://saentisbahn.ch/gastronomie/restaurant-schwaegalp/;[{'@type': 'ImageObject', 'contentUrl': 'https://alarpimtsoch.sos-ch-dk-2.exoscale-cdn.com/catalog/c/4/8/6/c486b86fd7263827c561cc0951b24ece8aa9fc13_20160128_SCHWAEGALP_562.jpg'}];2026-07-10T08:31:44+02:00
f5ec4382-dc10-48f5-a254-36159a7c4f0f;Feuerstelle Hochhamm;9.2352925;47.3154057;Unterdorf 5;9105;Schönengrund;+41 71 361 18 18;http://www.schoenengrund.ch/de/;[{'@type': 'ImageObject', 'contentUrl': 'https://alarpimtsoch.sos-ch-dk-2.exoscale-cdn.com/catalog/4/3/8/d/438deb8e430062dd6a6d0f44116e1b07c00c2006_08_2020_sch__nengrund_hochhamm__2_.jpg'}];2026-09-03T02:39:28+02:00
f69a3d2b-d622-449b-80db-1a3ae43bcea7;Hotel zur Linde;Die Lanker-Familien schreiben seit Jahren «Linden»-Geschichte und der Erfolg ist schnell ersichtlich.;<p>Es ist die gelebte Gastfreundschaft wie auch die Vielseitigkeit des K&uuml;chenchefs, die von den G&auml;sten sehr gesch&auml;tzt werden. Kleine Gerichte, wie etwa Appenzeller Spezialit&auml;ten, sind ebenso gefragt wie die exzellente Gourmetk&uuml;che. In gediegenen R&auml;umen kann man sich hinsetzen und in der warmen Jahreszeit lockt der sch&ouml;ne Garten.</p><h4>Hier gilt die <a href="https://www.appenzell.ch/de/unterkunft/appenzeller-ferienkarte.html">Appenzeller Ferienkarte</a></h4>;9.39305;47.3868165;Bühlerstrasse 87;9053;Teufen;+41 71 335 07 37;info@hotelzurlinde.ch;http://www.hotelzurlinde.ch/;[{'@type': 'ImageObject', 'contentUrl': 'https://alarpimtsoch.sos-ch-dk-2.exoscale-cdn.com/catalog/2/5/9/b/259ba9bd50359d8ba611700ae04632f106994807_Linde_Teufen_Blumen_und_S__dseite.gif'}];2026-08-31T23:39:59+02:00
f7361e5c-8633-401d-9f27-eb553f41929d;Camping Bächli;Der 4**** Camping liegt mitten im Neckertal, bietet rund 30 Stellplätze und ist das ganze Jahr geöffnet.;<p>Folgende Annehmlichkeiten geniessen die G&auml;ste:</p><ul><li>Ganzjahres- und Saisonpl&auml;tze</li><li>Kabel-TV</li><li>WLAN kostenlos</li><li>Motorhome-Standpl&auml;tze</li><li>Grossz&uuml;giger Sitzplatz im Freien</li><li>Aufenthaltsraum</li><li>Solaranlage</li><li>Barrierefreise WC und Dusche</li><li>Waschmaschine / Tumbler</li><li>Babyraum</li><li>Spielpl&auml;tze</li></ul>;9.1948689;47.3065564;Wisstrasse 9;9633;Bächli-Hemberg;+41 71 377 11 47;info@camping-baechli.ch;http://www.camping-baechli.ch;[{'@type': 'ImageObject', 'contentUrl': 'https://alarpimtsoch.sos-ch-dk-2.exoscale-cdn.com/catalog/1/a/0/4/1a042554b758ca64acdefe4d3ff2a44dcb99664d_Camping_B__chli.jpg'}];2026-08-08T02:39:05+02:00
f78ddc42-c8cf-44a7-8036-77e1c4e5ad2a;Appenzeller Schaukäserei - Rundgang Besucherzentrum;So haben Sie das Appenzellerland und die Käsewelt noch nie gesehen.;<p>Die Appenzeller Schaukäserei nimmt Sie mit auf eine Entdeckungsreise der besonderen Art: Von der Handwerkskunst des Käses bis in die Weiten und Schönheiten des Appenzellerlands. Hier spürt man, dass Tradition und Brauchtum noch gelebt werden. Genau diese Verbundenheit mit Ihrer Heimat macht die Appenzeller Menschen so einzigartig. 

Das Schaufenster des weltbekannten Appenzeller Käses liegt inmitten einer hügeligen, idyllischen Landschaft. Finden Sie heraus, wieso der Appenzeller Käse der würzigste Käse überhaupt ist. Sein Rezept der Kräutersulz bleibt dennoch streng geheim. Es liegt etwas in der Luft, der Duft der Kräuter. Erstellen Sie Ihre Kräutermischung, die Sie nach Hause nehmen können. Lauschen Sie den typischen Klängen aus dem Appenzellerland. Bestaunen Sie den imposanten Käsekeller, wo bis zu 12‘500 Laibe lagern und lassen Sie sich faszinieren durch den Blick in das Käsekessi. Schauen Sie in die Weite des Alpsteingebirges: Mit einem Fernglas erleben Sie einen virtuellen 360 Grad Rundblick.

Mit dem Audioguide können auch internationalen Gäste, welche mit der deutschen Sprache nicht vertraut sind, in die Welt des Käses eintauchen. In Form einer App kann der Guide über das kostenlose WLAN heruntergeladen werden und ist in 8 Sprachen verfügbar: Englisch, Französisch, Spanisch, Portugiesisch, Italienisch, Chinesisch, Japanisch und Koreanisch. 

Kommen Sie vorbei, tauchen Sie ein in die Heimat, den Genuss und Geschmack.
</p><p>
</p><p>Eintrittspreise<br>Individuell Erwachsene: CHF 13.00<br>Individuell Kinder (bis 16 Jahre): CHF 8.00<br>Individuell Familie: CHF 32.00<br>Individuell Student / IV-Bezüger: CHF 12.00</p><p>Eintritt mit Führungen (Voranmeldungen notwendig)<br>Kleingruppen bis 6 Personen pauschal: CHF 150.00<br>Kleingruppen von 7 bis 15 Personen pauschal: CHF 180.00</p>;9.344712;47.373415;Dorf 711;9063;Stein;+41 71 368 50 70;info@schaukaeserei.ch;http://www.schaukaeserei.ch/;[{'@type': 'ImageObject', 'contentUrl': 'https://alarpimtsoch.sos-ch-dk-2.exoscale-cdn.com/catalog/5/1/0/7/510727398f7613e7a536919bf450132c38d88267_20200721_Schauk__serei_1.jpg'}];2026-09-03T02:39:46+02:00
f7d04cb4-73ae-418d-839d-5a36fb816be9;Feuerstelle Steinfluh;<p>Die Feuerstelle l&auml;sst sich zu Fuss in wenigen Minuten von der Postautohaltestelle Steinflue auf der Linie Urn&auml;sch-Schw&auml;galp erreichen und ist Teil des Lillywegs, mit einem Glockenspiel und kleiner Spielh&uuml;tte. Sie liegt am jungen Bach Urn&auml;sch auf 985 m &uuml;. M. mit M&ouml;glichkeit zum plantschen.</p><p>Vorhanden ist:</p><ul><li>Feuerstelle mit Rost und Sitzb&auml;nke</li><li>Brennholz</li><li>Spielh&uuml;ttchen &amp; Glockenspiel</li><li>Abfallbeh&auml;lter</li></ul>;9.289101362228395;47.270792017307876;Steinflue;9107;Urnäsch;+41 71 364 26 40;praesident_verkehrsvereinurnaesch@protonmail.com;[{'@type': 'ImageObject', 'contentUrl': 'https://alarpimtsoch.sos-ch-dk-2.exoscale-cdn.com/catalog/2/b/f/4/2bf4c9579043eb6af483a844ef58104452b89462_Urn__sch_Feuerstelle_Steinfluh.jpg'}];2026-09-03T02:39:45+02:00
f7ea50d0-6257-4266-8de3-c716740b8d8c;Hotel Herisau | Restaurant Moo;Stilvolles und modernes 3 Sterne-Hotel im Herzen von Herisau mit geräumigen Zimmern und schöner Terrasse.;Idealer Ausgangspunkt für Entdeckungsreisen durch das Appenzellerland oder ins nahe gelegene St. Gallen. Grosse moderne  Zimmer, marktfrische Küche im Restaurant «MOO» und echte Appenzeller Gastfreundschaft erwarten den Gast hier am Tor zum Appenzellerland.;9.277973;47.387159000000004;Bahnhofstrasse 14;9100;Herisau;+41 71 354 83 83;info@hotelherisau.ch;http://www.hotelherisau.ch/;[{'@type': 'ImageObject', 'contentUrl': 'https://alarpimtsoch.sos-ch-dk-2.exoscale-cdn.com/catalog/2/2/2/b/222b6af250f90c470ac79f59ed77f5b5e701f487_Terrasse_2020__2_.jpg'}];2026-09-03T02:39:53+02:00
f809b9c6-e5e0-472a-91b0-69524608a4e5;Freewings Tandemflüge Alpstein;Wolken berühren und frei fliegen wie ein Vogel: Erlebe unvergessliche Tandemflüge über dem spektakulären Alpstein mit professionellen Piloten.;<p>Der Gleitschirm ist die purste Form des Fliegens &ndash; ohne Motor, nur mit der Kraft der Natur. Bei Freewings starten wir direkt im Herzen des Alpsteins zu einem einzigartigen Abenteuer. Ob gem&uuml;tlich dahin schweben oder actionreiche&nbsp;Man&ouml;ver: unsere professionellen Tandempiloten gehen individuell auf deine W&uuml;nsche ein. Es sind keine Vorkenntnisse erforderlich - nach ein paar z&uuml;gigen Schritten heben wir bereits ab. Geniesse den Blick weit &uuml;ber das Appenzellerland hinaus, w&auml;hrend wir von der Thermik getragen von einem Berg zum n&auml;chsten gleiten.</p><p>Wir bieten verschiedene Erlebnisse, vom 10-20-min&uuml;tigen Gleitflug bis zum ausgedehnten 30-40-min&uuml;tigen Thermikflug. Auch als Firmen- oder Gruppenevent sind unsere Fl&uuml;ge buchbar. Starte zu neuen Perspektiven und sammle Erinnerungen, die bleiben.</p>;9.410278;47.284139;Ebenalp;9057;Schwende-Rüte;+41 71 793 92 91;info@freewings.ch;https://www.freewings.ch/;[{'@type': 'ImageObject', 'contentUrl': 'https://alarpimtsoch.sos-ch-dk-2.exoscale-cdn.com/catalog/f/9/3/e/f93ee9e05314e150518a2b471266043befa3c0ec_Tandem11.jpg'}];2026-09-03T02:39:53+02:00
f85ff8eb-4308-4369-a1f9-a0cd351b5ef8;Ladestation - Gemeindehaus Urnäsch;Ladestation mit Kabel für alle möglichen Steckertypen.;Diese Ladestation auf dem Kirchplatz in Urnäsch verfügt über Kabel für alle möglichen Typen von Herstellern und kann gratis verwendet werden.;9.283189773559572;47.31697060507138;Dorfplatz 1;9107;Urnäsch;[{'@type': 'ImageObject', 'contentUrl': 'https://alarpimtsoch.sos-ch-dk-2.exoscale-cdn.com/catalog/9/d/7/2/9d72db684ad88bfa953577e0ba6b25af24b88ad0__DSC0652.JPG'}];2026-09-03T02:40:03+02:00
f92f1331-98da-4b26-a9f0-6febab1c7009;Kirchturm Heiden;Geniessen Sie die Weitsicht auf dem «Häädler» Kirchturm.  157 Treppenstufen gilt es bis ins Turmzimmer zu bewältigen.;<p>Der erste Kirchenbau in Heiden erfolgte im Jahre 1652, nach der Abl&ouml;sung von der Mutterkirche in Thal. Durch die Verdoppelung der Einwohnerzahl auf 2300 Seelen wurde 1836 der Ruf nach einer gr&ouml;sseren Kirche immer lauter. Am 8. Mai 1838 wurde mit dem Turmbau nordwestlich der alten Kirche begonnen. <br>Die Sicht vom Kirchturm in Heiden reicht &uuml;ber den Bodensee bis weit &uuml;bers deutsche und &ouml;sterreichische Ufer hinaus. Bei ganz guter Sicht sieht man bis Ulm.</p><p>Der Kirchturm Heiden ist von Mai - 1. November ge&ouml;ffnet.</p><p>Die evangelische Kirchgemeinde hat im Jahr 2024 zusammen mit Schulklassen aus Heiden eine grosse &laquo;Ch&uuml;gelibahn&raquo; gebaut. Sie kann zu den &uuml;blichen Turm&ouml;ffnungszeiten bespielt werden.</p>;9.534995751998174;47.4450565;Kirchplatz 3;9410;Heiden;+41 71 898 33 01;heiden@appenzellerland.ch;https://www.heiden.ch/sehenswertes/5591;[{'@type': 'ImageObject', 'contentUrl': 'https://alarpimtsoch.sos-ch-dk-2.exoscale-cdn.com/catalog/e/3/9/1/e39187248341467f3398553eb51d602125db5d7e_evangelische_kirche_kirchturm_luftbild.jpg'}];2026-06-29T07:34:33+02:00
f9a285e6-e914-4c6c-8fd4-4a8fd08f35d5;Gruppenunterkünfte im Kinderdorf Pestalozzi;Das Kinderdorf Pestalozzi befindet sich inmitten des malerischen Appenzellerlands und bietet eine einzigartige Kombination aus Natur, Bildung und Freizeitmöglichkeiten.;<p>Ob Schulklasse, drei grosse Familien, Verein oder Unternehmen &ndash; im Kinderdorf Pestalozzi findet Ihre Gruppe den idealen Ort f&uuml;r eine unvergessliche &Uuml;bernachtung. Die Gruppenunterk&uuml;nfte in original Appenzeller H&auml;usern bieten komfortable Einzel oder Mehrbettzimmer, die mit modernen Annehmlichkeiten und einem Hauch lokaler Tradition ausgestattet sind. Die sanit&auml;ren Einrichtungen befinden sich in unmittelbarer N&auml;he zu den Zimmern und sind modern und funktional gestaltet. Jedes Haus ist zudem mit einem Aufenthaltsraum und einer Waschk&uuml;che ausgestattet. Der weitl&auml;ufige Umschwung rund um das Geb&auml;ude l&auml;dt zum Entspannen in der Natur ein, w&auml;hrend Freizeitpl&auml;tze und Grillstellen ideale Orte f&uuml;r gemeinsame Stunden bieten. Entdecken Sie die zahlreichen Wanderrouten direkt vor der Haust&uuml;r oder nehmen Sie mit Ihrer Gruppe an einem unserer Bildungsprojekte teil, die speziell darauf ausgelegt sind, Bildung zu f&ouml;rdern und pers&ouml;nliche Entwicklung sowie soziale Kompetenzen zu st&auml;rken. F&uuml;r die Verpflegung stehen verschiedene Optionen zur Verf&uuml;gung. In jedem Gruppenhaus gibt es eine gut ausgestattete K&uuml;che, die es Selbstversorgern erm&ouml;glicht, ihre Mahlzeiten selbst zuzubereiten. Es besteht jedoch auch die M&ouml;glichkeit, sich mit unserer Vollpension rundum verw&ouml;hnen zu lassen. Unser gastronomisches Konzept ist saisonal, vielseitig und auf alle Bed&uuml;rfnisse zugeschnitten.<br><br>Insgesamt 11 Gruppenh&auml;user &agrave; 27-35 Schlafpl&auml;tzen.</p>;9.459517029862655;47.403535;Kinderdorfstrasse 20;9043;Trogen; +41 71 343 73 43;guest@pestalozzi.ch;https://www.pestalozzi.ch/de;[{'@type': 'ImageObject', 'contentUrl': 'https://alarpimtsoch.sos-ch-dk-2.exoscale-cdn.com/catalog/f/4/4/4/f444db7a0344a76e7eacd1c25da47dc4257e4416_Haus_8_9_Kinderdorf_Pestalozzi.jpg'}];2026-09-03T02:34:28+02:00
fa1b02eb-a517-451a-bcb0-032764ce68c7;Krone Trogen;Ein Bistro, ein Saal, zehn Zimmer. Ein Glas Wein, ein Konzert, eine Übernachtung. Auf drei Stockwerken. Für alle etwas dabei.;<p>Die vier Einzel- und sechs Doppelzimmer der Krone Trogen bieten eine gemütliche Atmosphäre und verbinden Altes mit Neuem. So sind die Geschichte des Hauses und der moderne Zeitgeist spürbar. Die Krone ist ein wunderbarer Ausgangspunkt für eine Wanderung in den Appenzeller Hügeln, einen Museumsbesuch mit dem «Trogner Bähnli» nach St.Gallen oder ein Glas Wein im Krone Bistro. Wer mit Fahrrad oder Rucksack unterwegs ist oder mit der Appenzellerbahn anreist, erlebt im Krone Bistro den besonderen Charme von Trogen hautnah. Das Bistro wird von engagierten Trognerinnen und Trognern geführt, denen Gemeinschaft und lebendiger Austausch im Dorf ein Anliegen sind. Gegen den kleinen Hunger gibt es im Bistro süsse und salzige Kleinigkeiten, immer frisch und knusprig. Die Krone Trogen wurde 1727 erbaut und gilt als zweitältestes, am Platz erhaltenes Haus der Zellweger-Dynastie. Ab 1810 wurde das ehemalige Privathaus zum «Gasthaus Krone». Die Krone ist Teil des Ortsbildes und steht unter Denkmalschutz von nationaler Bedeutung.</p>;9.4654187;47.4079437;Landsgemeindeplatz 3;9043;Trogen;+41 71 508 17 27;hallo@krone-trogen.ch;https://www.krone-trogen.ch/;[{'@type': 'ImageObject', 'contentUrl': 'https://alarpimtsoch.sos-ch-dk-2.exoscale-cdn.com/catalog/5/2/f/9/52f9d215fcca3b2ad213883444ad82172d43a0fa_Gruppenfoto_Betriebsausflug_24.8.2024.jpg'}];2026-09-03T02:40:15+02:00
fa666890-e27f-4d04-8d15-47baab08fe83;Maja Take Away;Stärkung für unterwegs auf dem Witzweg ;Hungrige und Durstige verköstigt Maja Maier beim Take-away-Stand auf dem Chistenpass im Wolfhäldliger Weiler Sonder. Im Angebot sind erfrischende Getränke, selbst gemachter Kartoffelsalat, Schnitzelbrot, Pommes frites und Würste vom Grill - eine ideale Stärkung, um den zweiten Teil des Witzwegs in Angriff zu nehmen. 
In Absprache mit Maja Maier kann auch ein Gruppenapéro vor Ort organisiert werden.
;9.572825431823732;47.44878374669434;Sonder 646 ;9427 ;Wolfhalden;+41 79 441 41 93;fam.majamaier@outlook.com;[{'@type': 'ImageObject', 'contentUrl': 'https://alarpimtsoch.sos-ch-dk-2.exoscale-cdn.com/catalog/e/7/3/2/e7320f2c89ba618e23ffb86ec9d0cd340e7235c5_230531_Imbissstand_Harmonie_Maier_Maja.jpg'}];2026-09-03T02:40:22+02:00
ff12a426-f852-4ffb-aa28-067c91e1a8f5;Erlebnis Waldegg - Essen im Schnuggebock & Restaurant;Das passende Erlebnis: Ob in der gemütlichen Waldegg, im heimeligen Schnuggebock, im lustigen Schulzimmer Tintelompe oder in der gut duftenden Backstube Ziiträdli.;Im Schnuggebock wurde die Zeit behutsam zurückgestellt. In der währschaften Appenzeller Kost präsentiert sich das Beste von Gestern. Einheimische Äpfel statt exotische Orangen, Käse aus hauseigener Produktion, knuspriges Brot. Hier bei Grosi geht alles einen Tick langsamer, genussvoller. Lehnen Sie sich zurück und erfahren Sie die echte Appenzeller Gastfreundschaft.

Im Restaurant Waldegg erwartet Sie hingegen eine zeitgemässe Küche, facettenreich aber bodenständig, essentiell aber raffiniert, lokal aber weltoffen. Die Mission ist es, frische Produkte mit handwerklichen Verfahren so zuzubereiten, dass ihr ursprünglicher Charakter erhalten bleibt und die puren, reinen Aromen zur Geltung kommen. Das Restaurant Waldegg verfügt über eine gemütliche Gaststube mit Kachelofen, einen festlichen Saal bis zu 50 Personen und einer grossen Gartenwirtschaft mit herrlichem Blick in den Alpstein.;9.4106039;47.4027945;Waldeggstrasse 977;9053;Teufen;+41 71 333 12 30;http://www.waldegg.ch/;[{'@type': 'ImageObject', 'contentUrl': 'https://alarpimtsoch.sos-ch-dk-2.exoscale-cdn.com/catalog/0/c/2/9/0c29c0852eced7f63a8dc44fc9cd956149b20bc4_ErlebnisWaldegg_3.jpg'}];2026-06-10T10:54:49+02:00
ff310ad0-ae50-4da7-92fc-977b310ce2d2;Appenzeller Schaukäserei - Fondue-Kochkurs;Wollen Sie gemeinsam mit Freunden in gemütlicher Atmosphäre kreative Fondues von Grund auf gestalten und geniessen?;Dann haben Sie in der Appenzeller Schaukäserei die grosse und freie Wahl! Sie stellen sich Ihre eigene Fondue-Mischung an der Käsetheke zusammen, suchen die gewünschten Zutaten aus und kochen unter Begleitung einer unserer fachkundigen Gastgeberinnen Ihr selbst zusammengestelltes Fondue direkt am Tisch.

Buchbar ab 6 Personen
Wann: täglich, Voranmeldung notwendig
Dauer: rund 45 Minuten (ohne Esssenszeit)
Kosten: ab CHF 36.00;9.344712;47.373415;Dorf 711;9063;Stein;+41 71 368 50 70;info@schaukaeserei.ch;http://www.schaukaeserei.ch/;[{'@type': 'ImageObject', 'contentUrl': 'https://alarpimtsoch.sos-ch-dk-2.exoscale-cdn.com/catalog/6/9/e/7/69e718be297e839a9a001d14ad9b27ac6976a4e3_Fondue_500x380.jpg'}];2026-06-10T10:54:49+02:00
ff792e1a-e2f9-4590-b766-eb1cbbdd0d1a;NaturErlebnispark Schwägalp/Säntis;Erleben, entdecken und Neues erfahren in einer der schönsten Naturkulissen Europas.;Der NaturErlebnispark Schwägalp/Säntis und seine Themenwege bringen Ihnen eine einzigartige Naturlandschaft näher. Schreiten Sie durch die Geschichte geheimnisvoller Moore, holen Sie Luft in zauberhaften Wäldern und beobachten Sie seltene Tiere und Pflanzen von einer der schönsten Naturkulissen Europas. Schritt und Tritt erfahren Sie mehr über das Leben und die Kultur auf den Alpen. Die Erdgeschichte, die über 1000-jährige Tradition der Schwägalp als Weideland, der Tourismus, der Naturschutz und vieles mehr: auf reich bebilderten Tafeln thematisiert für kleine und grosse Entdecker.
Umweltlehre, Forschung, Tourismus: Der NaturErlebnispark bringt die verschiedensten Interessen in Einklang. Er fördert die Auseinandersetzung mit der Natur und Kultur und macht Zusammenhänge greifbar. Und er soll vor allem eins: Ihnen ganz persönliches Naturerlebnis ermöglichen. Geniessen Sie eine geführte Exkursion, wenn Sie noch mehr erleben und erfahren wollen, dann nehmen Sie an speziellen Erlebnistagen und Entdeckungsreisen teil. Zum NaturErlebnispark sind umfassende Dokumentationen erhältlich.;9.3197302;47.2561384;Schwägalp;9107;Schwägalp;+41 71 365 65 65;kontakt@saentisbahn.ch;http://www.naturerlebnispark.ch/;[{'@type': 'ImageObject', 'contentUrl': 'https://alarpimtsoch.sos-ch-dk-2.exoscale-cdn.com/catalog/f/5/1/a/f51a537587de35f6e64cf4d635c05caaa5358b26_Computerformat_4_3_NaturErlebnispark.jpg'}];2026-07-10T15:22:10+02:00
